2019 테슬라 모델3 RWD,2019,모델3,RWD,테슬라,5369,전기,정보없음,5인승,후륜구동,자동1단,352km,50.0kWh,175.0Kw,375.0Nm,5.6초,4694mm,1849mm,1443mm,2875mm,1580mm,1580mm,1645kg,정보없음/정보없음/18inch,정보없음/정보없음/18inch,더블위시본,멀티링크,디스크,디스크,랙앤피니언,https://imgauto-phinf.pstatic.net/20200205_218/auto_1580892688565gVui9_PNG/20200205175126_tJ5cbvuq.png?type=f567_410,DC콤보,AC완속(7핀),white,gray,red,blue,black,,TRUE,/assets/images/eccar/tesla/model3/main.jpg,/assets/images/eccar/tesla/model3/charging.jpg,/assets/images/eccar/tesla/model3/1.jpg,/assets/images/eccar/tesla/model3/2.jpg,/assets/images/eccar/tesla/model3/3.jpg,/assets/images/eccar/tesla/model3/4.jpg,/assets/images/eccar/tesla/model3/5.jpg,/assets/images/eccar/tesla/model3/6.jpg,/assets/images/eccar/tesla/model3/7.jpg,/assets/images/eccar/tesla/model3/8.jpg,/assets/images/eccar/tesla/model3/9.jpg,/assets/images/eccar/tesla/model3/10.jpg,/assets/images/eccar/tesla/model3/11.jpg,/assets/images/eccar/tesla/model3/12.jpg,/assets/images/eccar/tesla/model3/13.jpg,/assets/images/eccar/tesla/model3/14.jpg,/assets/images/eccar/tesla/model3/15.jpg,/assets/images/eccar/tesla/model3/16.jpg,TESLA Model 3.‘지속 가능한 이동수단으로의 세계적 전환을 앞당긴다’,FALSE,https://www.youtube.com/embed/i8horkJjxco,190813
2020 아우디 e-트론 55 quattro A/T,2020,e-트론,55 quattro A/T,아우디,11700,전기,자동3.0km/kWh(하이브리드),5인승,풀타임4륜구동,자동,307km,95.0kWh,265.0Kw,561.0Nm,6.6초,4900mm,1935mm,1685mm,2928mm,1651mm,1651mm,2615kg,255mm/50/20inch,255mm/50/20inch,멀티링크,멀티링크,V디스크,V디스크,랙앤피니언,https://imgauto-phinf.pstatic.net/20200701_162/auto_1593563668559Simnf_PNG/20200701093417_ZvaBdr1H.png?type=f567_410,DC콤보,AC완속(5핀),white,gray,green,blue,black,,TRUE,/assets/images/eccar/audi/etron/main.jpg,/assets/images/eccar/audi/etron/charging.jpg,/assets/images/eccar/audi/etron/1.jpg,/assets/images/eccar/audi/etron/2.jpg,/assets/images/eccar/audi/etron/3.jpg,/assets/images/eccar/audi/etron/4.jpg,/assets/images/eccar/audi/etron/5.jpg,/assets/images/eccar/audi/etron/6.jpg,/assets/images/eccar/audi/etron/7.jpg,/assets/images/eccar/audi/etron/8.jpg,/assets/images/eccar/audi/etron/9.jpg,/assets/images/eccar/audi/etron/10.jpg,/assets/images/eccar/audi/etron/11.jpg,,,,,,"아우디, 새로운 전기차의 시대를 열다. 아우디만의 직관적 디자인, 아우디만의 놀라운 퍼포먼스, 그리고 아우디의 끊임없는 혁신으로 완성하다. 아우디 e-트론은 새로운 시대의 일상 주행에 적합한 스포티하고 안전한 동반자입니다.",TRUE,https://www.youtube.com/embed/wyMSJhfkStU,200701
2020 코나 일렉트릭 모던,2020,코나 일렉트릭,모던,현대,4690,전기,자동5.6km/kWh(정보없음),5인승,전륜구동,자동1단,406km,64.0kWh,150.0Kw,395.0Nm,정보없음,4180mm,1800mm,1570mm,2600mm,1564mm,1575mm,1685kg,215mm/55/17inch,215mm/55/17inch,맥퍼슨스트럿,멀티링크,디스크,디스크,랙앤피니언,https://imgauto-phinf.pstatic.net/20191231_177/auto_1577777636258yDIik_PNG/20191231163211_NwVkj9NK.png?type=f567_410,DC콤보,AC완속(5핀),white,gray,red,blue,black,,TRUE,/assets/images/eccar/hyundai/kona/main.jpg,/assets/images/eccar/hyundai/kona/charging.jpg,/assets/images/eccar/hyundai/kona/charging2.jpg,/assets/images/eccar/hyundai/kona/1.jpg,/assets/images/eccar/hyundai/kona/2.jpg,/assets/images/eccar/hyundai/kona/3.jpg,/assets/images/eccar/hyundai/kona/4.jpg,/assets/images/eccar/hyundai/kona/5.jpg,/assets/images/eccar/hyundai/kona/6.jpg,/assets/images/eccar/hyundai/kona/7.jpg,,,,,,,,,KONA Electric. 누가? KONA! SUV의 새로운 발견 새로운 모빌리티 라이프의 즐거움,TRUE,https://www.youtube.com/embed/ZDuVVEGaodI,200106
2020 푸조 e-208 EV Allure,2020,e-208,EV Allure,푸조,4100,전기,CVT4.4km/kWh(정보없음),5인승,전륜구동,자동(CVT),244km,50.0kWh,102.0Kw,260.0Nm,정보없음,4055mm,1745mm,1435mm,2540mm,정보없음,정보없음,1510kg,205~215mm/45~65/16~17inch,205~215mm/45~65/16~17inch,맥퍼슨스트럿,토션빔,V디스크,디스크,랙앤피니언,https://imgauto-phinf.pstatic.net/20200722_81/auto_1595379180580GNgzE_PNG/20200722095248_3qwB9Gvo.png?type=f567_410,DC콤보,AC완속(5핀),yellow,blue,,,,,TRUE,/assets/images/eccar/peoguot/e208/main.jpg,/assets/images/eccar/peoguot/e208/charging.jpg,/assets/images/eccar/peoguot/e208/charging2.jpg,/assets/images/eccar/peoguot/e208/1.jpg,/assets/images/eccar/peoguot/e208/2.jpg,/assets/images/eccar/peoguot/e208/3.jpg,/assets/images/eccar/peoguot/e208/4.jpg,/assets/images/eccar/peoguot/e208/5.jpg,/assets/images/eccar/peoguot/e208/6.jpg,/assets/images/eccar/peoguot/e208/7.jpg,/assets/images/eccar/peoguot/e208/8.jpg,/assets/images/eccar/peoguot/e208/9.jpg,/assets/images/eccar/peoguot/e208/10.jpg,/assets/images/eccar/peoguot/e208/11.jpg,/assets/images/eccar/peoguot/e208/12.jpg,/assets/images/eccar/peoguot/e208/13.jpg,/assets/images/eccar/peoguot/e208/14.jpg,,"NEW PEUGEOT e-208은 100% 전기 파워트레인이 탑재되어 있어 운전자에게  활기차고 즐거운 주행 경험을 선사합니다. 2020 유럽 올해의 차 수상에 빛나는, 완벽하게 설계된 도심형 전기자동차 NEW PEUGEOT e-208을 만나보세요! ",TRUE,https://www.youtube.com/embed/GX_gK6TTLgw,200721
2020 벤츠 EQC 400 4MATIC,2020,EQC 400,4MATIC,벤츠,9550,전기,자동3.2km/kWh(정보없음),5인승,풀타임4륜구동,자동,309km,80.0kWh,304.0Kw,759.0Nm,5.1초,4770mm,1890mm,1620mm,2875mm,정보없음,정보없음,2440kg,235mm/50/20inch,255mm/45/20inch,멀티링크,멀티링크,V디스크,V디스크,랙앤피니언,https://imgauto-phinf.pstatic.net/20191021_70/auto_1571632761146O1GeB_PNG/20191021133909_GJ9DQZtf.png?type=f567_410,DC콤보,AC완속(5핀),gray,white,,,,,TRUE,/assets/images/eccar/banz/eqc/main.jpg,/assets/images/eccar/banz/eqc/charging1.jpg,/assets/images/eccar/banz/eqc/charging2.jpg,/assets/images/eccar/banz/eqc/charging3.jpg,/assets/images/eccar/banz/eqc/charging4.jpg,/assets/images/eccar/banz/eqc/charging5.jpg,/assets/images/eccar/banz/eqc/charging6.jpg,/assets/images/eccar/banz/eqc/1.jpg,/assets/images/eccar/banz/eqc/2.jpg,/assets/images/eccar/banz/eqc/3.jpg,/assets/images/eccar/banz/eqc/4.jpg,/assets/images/eccar/banz/eqc/5.jpg,/assets/images/eccar/banz/eqc/6.jpg,/assets/images/eccar/banz/eqc/7.jpg,/assets/images/eccar/banz/eqc/8.jpg,/assets/images/eccar/banz/eqc/9.jpg,/assets/images/eccar/banz/eqc/10.jpg,,The all-new EQC. 전기 자동차의 오늘은 바로 메르세데스-벤츠입니다. #switchtoEQ #BeAGameChanger,TRUE,https://www.youtube.com/embed/bwqC1p6ggbU,191022
2020 르노 트위지 라이프(2인승),2020,트위지,라이프(2인승),르노삼성,1330,전기,CVT7.9km/kWh(정보없음),2인승,정보없음,자동(CVT),55km,6.1kWh,12.6Kw,5.8Nm,정보없음,2338mm,1237mm,1454mm,1686mm,1094mm,1080mm,475kg,125mm/80/13inch,145mm/80/13inch,정보없음,정보없음,정보없음,정보없음,정보없음,https://imgauto-phinf.pstatic.net/20200317_77/auto_1584430028711zbmc9_PNG/20200317162647_KFbkYOj0.png?type=f567_410,AC3상,AC완속(7핀),white,orange,blue,black,,,TRUE,/assets/images/eccar/samsung/twiz/main.jpg,/assets/images/eccar/samsung/twiz/charging.jpg,/assets/images/eccar/samsung/twiz/1.jpg,/assets/images/eccar/samsung/twiz/2.jpg,/assets/images/eccar/samsung/twiz/3.jpg,/assets/images/eccar/samsung/twiz/4.jpg,/assets/images/eccar/samsung/twiz/5.jpg,/assets/images/eccar/samsung/twiz/6.jpg,/assets/images/eccar/samsung/twiz/7.jpg,/assets/images/eccar/samsung/twiz/8.jpg,/assets/images/eccar/samsung/twiz/9.jpg,/assets/images/eccar/samsung/twiz/10.jpg,/assets/images/eccar/samsung/twiz/11.jpg,/assets/images/eccar/samsung/twiz/12.jpg,/assets/images/eccar/samsung/twiz/13.jpg,/assets/images/eccar/samsung/twiz/14.jpg,,,"트위지, 이동의 수단을 넘어선 혁신 상상의 미래가 아닌 현실 지금껏 경험하지 못한 새로운 경험을 선사합니다. Renault TWIZY",TRUE,https://www.youtube.com/embed/VulX8VmWlKE,200810
2019 테슬라 모델X AWD Long Range,2019,모델X,AWD Long Range,테슬라,11599,전기,CVT3.4km/kWh(정보없음),7인승,풀타임4륜구동,자동(CVT),421km,100.0kWh,311.0Kw,660.0Nm,2.9초,5050mm,2000mm,1625mm,2965mm,1661mm,1699mm,2459kg,255mm/45/20inch,275mm/45/20inch,더블위시본,멀티링크,디스크,디스크,랙앤피니언,https://imgauto-phinf.pstatic.net/20200313_16/auto_1584061921235JIJPN_PNG/20200313101159_jbAeiURL.png?type=f567_410,DC콤보,AC완속(7핀),white,gray,red,blue,black,,TRUE,/assets/images/eccar/tesla/modelx/main.jpg,/assets/images/eccar/tesla/modelx/charging.jpg,/assets/images/eccar/tesla/modelx/1.jpg,/assets/images/eccar/tesla/modelx/2.jpg,/assets/images/eccar/tesla/modelx/3.jpg,/assets/images/eccar/tesla/modelx/4.jpg,/assets/images/eccar/tesla/modelx/5.jpg,/assets/images/eccar/tesla/modelx/6.jpg,/assets/images/eccar/tesla/modelx/7.jpg,/assets/images/eccar/tesla/modelx/8.jpg,/assets/images/eccar/tesla/modelx/9.jpg,/assets/images/eccar/tesla/modelx/10.jpg,/assets/images/eccar/tesla/modelx/11.jpg,/assets/images/eccar/tesla/modelx/12.jpg,/assets/images/eccar/tesla/modelx/13.jpg,/assets/images/eccar/tesla/modelx/14.jpg,/assets/images/eccar/tesla/modelx/15.jpg,,Safety? With TESLA Model X,FALSE,https://www.youtube.com/embed/fOXoGcR6IdM,181220
2019 SM3 Z.E. SE,2019,SM3 Z.E.,SE,르노삼성,3700,전기,CVT4.5km/kWh(정보없음),5인승,정보없음,정보없음,213km,35.9kWh,70.0Kw,226.0Nm,정보없음,4750mm,1810mm,1460mm,2700mm,1535mm,1555mm,정보없음,정보없음,정보없음,정보없음,정보없음,정보없음,정보없음,정보없음,https://imgauto-phinf.pstatic.net/20190218_115/auto_1550464702983uYkya_PNG/20190218133821_1pi1OB5H.png?type=f508_367,AC3상,AC완속(7핀),white,gray,black,,,,TRUE,/assets/images/eccar/samsung/sm3ze/main.jpg,/assets/images/eccar/samsung/sm3ze/charging.jpg,/assets/images/eccar/samsung/sm3ze/1.jpg,/assets/images/eccar/samsung/sm3ze/2.jpg,/assets/images/eccar/samsung/sm3ze/3.jpg,/assets/images/eccar/samsung/sm3ze/4.jpg,/assets/images/eccar/samsung/sm3ze/5.jpg,/assets/images/eccar/samsung/sm3ze/6.jpg,/assets/images/eccar/samsung/sm3ze/7.jpg,/assets/images/eccar/samsung/sm3ze/8.jpg,/assets/images/eccar/samsung/sm3ze/9.jpg,/assets/images/eccar/samsung/sm3ze/10.jpg,,,,,,,HELLO TOMORROW 100% 전기의 힘으로 내일을 향해 달리다. 르노삼성자동차의 e-Technology가 100% 에코 드라이빙을 선사합니다.,FALSE,https://www.youtube.com/embed/rg-I6JbjArE,190218
2021 쏘울 부스터 EV 프레스티지,2021,쏘울 부스터 EV,프레스티지,기아,4187,전기,자동5.6km/kWh(정보없음),5인승,전륜구동,자동,250km,39.2kWh,100.0Kw,395.0Nm,정보없음,4195mm,1800mm,1605mm,2600mm,1565mm,1572mm,1555kg,215mm/55/17inch,215mm/55/17inch,맥퍼슨스트럿,멀티링크,V디스크,디스크,랙앤피니언,https://imgauto-phinf.pstatic.net/20200323_86/auto_15849403022785uLfl_PNG/20200323141131_LGJXlUZd.png?type=f567_410,DC차데모,AC완속(5핀),blue,gray,red,white,yellow,,TRUE,/assets/images/eccar/kia/soulbooster/main.jpg,/assets/images/eccar/kia/soulbooster/charging.jpg,/assets/images/eccar/kia/soulbooster/1.jpg,/assets/images/eccar/kia/soulbooster/2.jpg,/assets/images/eccar/kia/soulbooster/3.jpg,/assets/images/eccar/kia/soulbooster/4.jpg,/assets/images/eccar/kia/soulbooster/5.jpg,/assets/images/eccar/kia/soulbooster/6.jpg,/assets/images/eccar/kia/soulbooster/7.jpg,/assets/images/eccar/kia/soulbooster/8.jpg,/assets/images/eccar/kia/soulbooster/9.jpg,/assets/images/eccar/kia/soulbooster/10.jpg,/assets/images/eccar/kia/soulbooster/11.jpg,/assets/images/eccar/kia/soulbooster/12.jpg,/assets/images/eccar/kia/soulbooster/13.jpg,/assets/images/eccar/kia/soulbooster/14.jpg,/assets/images/eccar/kia/soulbooster/15.jpg,,2021 Soul EV 1회 충전 주행거리 386km의 효율적인 쏘울로 더 즐거운 EV라이프,TRUE,https://www.youtube.com/embed/MN2bgchVlv8,210323
2020 포터2 일렉트릭 스마트 스페셜,2020,포터2 일렉트릭,스마트 스페셜,현대,4060,전기,자동3.1km/kWh(정보없음),3인승,후륜구동,자동,211km,58.8kWh,135.0Kw,395.0Nm,정보없음,5105mm,1740mm,1970mm,2810mm,1485mm,1320mm,1970kg,195mm/70/15inch,145mm/정보없음/13inch,정보없음,정보없음,디스크,디스크,랙앤피니언,https://imgauto-phinf.pstatic.net/20191209_17/auto_1575865268623fSg5O_PNG/20191209132054_FfMbB1uU.png?type=f567_410,DC콤보,AC완속(5핀),white,,,,,,TRUE,/assets/images/eccar/hyundai/porter2/main.jpg,/assets/images/eccar/hyundai/porter2/charging.jpg,/assets/images/eccar/hyundai/porter2/charging2.jpg,/assets/images/eccar/hyundai/porter2/1.jpg,/assets/images/eccar/hyundai/porter2/2.jpg,/assets/images/eccar/hyundai/porter2/3.jpg,/assets/images/eccar/hyundai/porter2/4.jpg,/assets/images/eccar/hyundai/porter2/5.jpg,/assets/images/eccar/hyundai/porter2/6.jpg,/assets/images/eccar/hyundai/porter2/7.jpg,/assets/images/eccar/hyundai/porter2/8.jpg,,,,,,,,PORTER2 Electric 새로운 친환경 EV 트럭 도심에서 탁월한 운송능력을 발휘하는 포터II 일렉트릭은 충전도 쉬울 뿐 아니라 경제성까지 겸비한 새로운 친환경 EV 트럭입니다.,TRUE,https://www.youtube.com/embed/lYFPY1WFPFo,191211
2019 테슬라 모델S 100D Long Range,2019,모델S,100D Long Range,테슬라,10799,전기,자동4.0km/kWh(정보없음),5인승,풀타임4륜구동,자동1단,480km,100.0kWh,350.0Kw,660.0Nm,2.6초,4979mm,1964mm,1435mm,2960mm,1662mm,1700mm,2108kg,245mm/45/19inch,245mm/45/19inch,더블위시본,멀티링크,V디스크,V디스크,랙앤피니언,https://imgauto-phinf.pstatic.net/20190829_166/auto_1567064558410mY1hy_PNG/20190829164139_tPprbkux.png?type=f567_410,DC콤보,AC완속(7핀),white,gray,red,blue,black,,TRUE,/assets/images/eccar/tesla/models/main.jpg,/assets/images/eccar/tesla/models/charging.jpg,/assets/images/eccar/tesla/models/1.jpg,/assets/images/eccar/tesla/models/2.jpg,/assets/images/eccar/tesla/models/3.jpg,/assets/images/eccar/tesla/models/4.jpg,/assets/images/eccar/tesla/models/5.jpg,/assets/images/eccar/tesla/models/6.jpg,/assets/images/eccar/tesla/models/7.jpg,/assets/images/eccar/tesla/models/8.jpg,/assets/images/eccar/tesla/models/9.jpg,/assets/images/eccar/tesla/models/10.jpg,/assets/images/eccar/tesla/models/11.jpg,/assets/images/eccar/tesla/models/12.jpg,/assets/images/eccar/tesla/models/13.jpg,/assets/images/eccar/tesla/models/14.jpg,,,TESLA Model S.Revolutionize Your Commute,FALSE,https://www.youtube.com/embed/XB2g7-HgE_g,190414
2020 쉐보레 볼트 EV,2020,볼트 EV, EV,쉐보레(GM대우),4593,전기,자동5.4km/kWh(정보없음),5인승,전륜구동,자동1단,414km,66.0kWh,150.0Kw,360.0Nm,정보없음,4165mm,1765mm,1610mm,2600mm,1507mm,1516mm,1620kg,215mm/50/17inch,215mm/50/17inch,맥퍼슨스트럿,토션빔,디스크,디스크,랙앤피니언,https://imgauto-phinf.pstatic.net/20200609_71/auto_1591666210175lWK7Y_PNG/20200609102957_kSlLIvAz.png?type=f567_410,DC콤보,AC완속(5핀),white,gray,red,blue,black,,TRUE,/assets/images/eccar/chevrolet/bolt/main.jpg,/assets/images/eccar/chevrolet/bolt/charging.jpg,/assets/images/eccar/chevrolet/bolt/charging2.jpg,/assets/images/eccar/chevrolet/bolt/1.jpg,/assets/images/eccar/chevrolet/bolt/2.jpg,/assets/images/eccar/chevrolet/bolt/3.jpg,/assets/images/eccar/chevrolet/bolt/4.jpg,/assets/images/eccar/chevrolet/bolt/5.jpg,/assets/images/eccar/chevrolet/bolt/6.jpg,/assets/images/eccar/chevrolet/bolt/7.jpg,/assets/images/eccar/chevrolet/bolt/8.jpg,/assets/images/eccar/chevrolet/bolt/9.jpg,/assets/images/eccar/chevrolet/bolt/10.jpg,,,,,,"태생부터 순수 전기차, BOLT EV",TRUE,https://www.youtube.com/embed/NriLUfaWdMw,200609
2018 니로 EV 프레스티지,2018,니로 EV,프레스티지,기아,4780,전기,자동5.3km/kWh(정보없음),5인승,전륜구동,자동1단,385km,64.0kWh,150.0Kw,395.0Nm,정보없음,4375mm,1805mm,1570mm,2700mm,1562mm,1572mm,1755kg,215mm/55/17inch,215mm/55/17inch,맥퍼슨스트럿,멀티링크,디스크,디스크,랙앤피니언,https://imgauto-phinf.pstatic.net/20200717_210/auto_1594963607506jhysB_PNG/20200717142646_wsdSlz0O.png?type=f567_410,DC콤보,AC완속(5핀),black,white,gray,,,,TRUE,/assets/images/eccar/kia/niro/main.jpg,/assets/images/eccar/kia/niro/charging.jpg,/assets/images/eccar/kia/niro/1.jpg,/assets/images/eccar/kia/niro/2.jpg,/assets/images/eccar/kia/niro/3.jpg,/assets/images/eccar/kia/niro/4.jpg,/assets/images/eccar/kia/niro/5.jpg,/assets/images/eccar/kia/niro/6.jpg,/assets/images/eccar/kia/niro/7.jpg,/assets/images/eccar/kia/niro/8.jpg,/assets/images/eccar/kia/niro/9.jpg,,,,,,,,니로가 이룬 또 한번의 혁신. 니로 EV가 스마트하게 앞서갑니다,FALSE,https://www.youtube.com/embed/WMcFIVKSlDg,180719
2020 봉고3 EV GL,2020,봉고3 EV,GL,기아,4050,전기,자동3.1km/kWh(정보없음),3인승,후륜구동,자동,211km,58.8kWh,135.0Kw,395.0Nm,정보없음,5115mm,1740mm,1995mm,2810mm,1490mm,1340mm,1965kg,195mm/70/15inch,145mm/정보없음/13inch,정보없음,정보없음,디스크,디스크,랙앤피니언,https://imgauto-phinf.pstatic.net/20200107_217/auto_1578358719607HUOKP_PNG/20200107095837_0t9TTv5D.png?type=f567_410,DC콤보,AC완속(5핀),white,,,,,,TRUE,/assets/images/eccar/kia/bongo3/main.jpg,/assets/images/eccar/kia/bongo3/charging.jpg,/assets/images/eccar/kia/bongo3/1.jpg,/assets/images/eccar/kia/bongo3/2.jpg,/assets/images/eccar/kia/bongo3/3.jpg,/assets/images/eccar/kia/bongo3/4.jpg,/assets/images/eccar/kia/bongo3/5.jpg,/assets/images/eccar/kia/bongo3/6.jpg,/assets/images/eccar/kia/bongo3/7.jpg,/assets/images/eccar/kia/bongo3/8.jpg,/assets/images/eccar/kia/bongo3/9.jpg,,,,,,,,"최상의 경제성과 편리함을 제공하는 스마트 성공 파트너, Bongo Ⅲ EV",TRUE,https://www.youtube.com/embed/Hk-obloC8Dw,200106
2019 아이오닉 일렉트릭 N,2019,아이오닉 일렉트릭,N,현대,4140,전기,CVT6.3km/kWh(정보없음),5인승,전륜구동,자동(CVT),271km,38.3kWh,100.0Kw,295.0Nm,정보없음,4470mm,1820mm,1475mm,2700mm,1552mm,1564mm,1530kg,205mm/60/16inch,205mm/60/16inch,맥퍼슨스트럿,토션빔,V디스크,디스크,랙앤피니언,https://imgauto-phinf.pstatic.net/20190430_299/auto_15566035301323b0by_PNG/20190430145207_Nk3vitAE.png?type=f508_367,DC콤보,AC완속(5핀),black,white,gray,blue,,,TRUE,/assets/images/eccar/hyundai/ioniq/main.jpg,/assets/images/eccar/hyundai/ioniq/charging1.jpg,/assets/images/eccar/hyundai/ioniq/charging2.jpg,/assets/images/eccar/hyundai/ioniq/charging3.jpg,/assets/images/eccar/hyundai/ioniq/1.jpg,/assets/images/eccar/hyundai/ioniq/2.jpg,/assets/images/eccar/hyundai/ioniq/3.jpg,/assets/images/eccar/hyundai/ioniq/4.jpg,/assets/images/eccar/hyundai/ioniq/5.jpg,/assets/images/eccar/hyundai/ioniq/6.jpg,/assets/images/eccar/hyundai/ioniq/7.jpg,/assets/images/eccar/hyundai/ioniq/8.jpg,/assets/images/eccar/hyundai/ioniq/9.jpg,/assets/images/eccar/hyundai/ioniq/10.jpg,/assets/images/eccar/hyundai/ioniq/11.jpg,,,,"IONIQ Electric 도시를 가장 잘 이해하는 전기차의 기준 쉴 틈 없이 움직이는 활동적인 사람에게도, 꼼꼼히 따지는 영리한 사람에게도,도시에 최적화된 아이오닉 일렉트릭은 가장 합리적인 선택지를 제공합니다.",FALSE,https://www.youtube.com/embed/gq94T4oardY,190117
2020 캠시스 CEVO-C A/T,2020,CEVO-C,A/T,캠시스,1450,전기,자동6.4km/kWh(하이브리드),2인승,정보없음,자동,95km,8.0kWh,14.8Kw,120.0Nm,정보없음,2430mm,1425mm,1550mm,1575mm,1250mm,1225mm,590kg,155mm/70/12inch,155mm/70/12inch,맥퍼슨스트럿,리지드액슬,디스크,디스크,랙앤피니언,https://imgauto-phinf.pstatic.net/20200406_131/auto_1586149174085pokiI_PNG/20200406135920_WMy0L92I.png?type=f567_410,DC콤보,AC완속(5핀),red,green,blue,,,,TRUE,/assets/images/eccar/cammsys/cevoc/main.jpg,/assets/images/eccar/cammsys/cevoc/charging.jpg,/assets/images/eccar/cammsys/cevoc/charging2.jpg,/assets/images/eccar/cammsys/cevoc/1.jpg,/assets/images/eccar/cammsys/cevoc/2.jpg,/assets/images/eccar/cammsys/cevoc/3.jpg,/assets/images/eccar/cammsys/cevoc/4.jpg,/assets/images/eccar/cammsys/cevoc/5.jpg,/assets/images/eccar/cammsys/cevoc/6.jpg,/assets/images/eccar/cammsys/cevoc/7.jpg,,,,,,,,,대한민국 최초의 자체개발 초소형 전기차 CEVO-C! 감각적인 디자인에 경제력까지 갖춘 2인승 초소형 전기 자동차를 CEVO에서 확인하세요!,TRUE,https://www.youtube.com/embed/1SvOE-up_e4,200420
2019 재규어 I-페이스 SE,2019,I-페이스,SE,재규어,10910,전기,CVT4.7km/kWh(정보없음)4.7km/kWh(정보없음),5인승,풀타임4륜구동,자동(CVT)정보없음,333km,90.0kWh,294.0Kw,696.0Nm,4.8초,4682mm,2011mm,1558mm,2990mm,1627mm,1647mm,2670kg,정보없음,정보없음,더블위시본,멀티링크,V디스크,V디스크,랙앤피니언,https://imgauto-phinf.pstatic.net/20180914_90/auto_15368972118930L9sg_PNG/20180914125329_Y5FHkjBp.png?type=f508_367,DC콤보,AC완속(5핀),white,red,gray,yellow,blue,black,TRUE,/assets/images/eccar/jaguar/ipace/main.jpg,/assets/images/eccar/jaguar/ipace/charging.jpg,/assets/images/eccar/jaguar/ipace/charging2.jpg,/assets/images/eccar/jaguar/ipace/1.jpg,/assets/images/eccar/jaguar/ipace/2.jpg,/assets/images/eccar/jaguar/ipace/3.jpg,/assets/images/eccar/jaguar/ipace/4.jpg,/assets/images/eccar/jaguar/ipace/5.jpg,/assets/images/eccar/jaguar/ipace/6.jpg,/assets/images/eccar/jaguar/ipace/7.jpg,,,,,,,,,I?PACE. 차세대 전기차 기술과 디자인에 대한 재규어의 열정이 어우러져 배기 가스 배출이 없는 놀라운 전기차가 탄생했습니다.,FALSE,https://www.youtube.com/embed/L_qIh5J2OsY,190114
2019 BMW i3 i3 94Ah LUX,2019,i3 94Ah,LUX,BMW,6000,전기,CVT5.4km/kWh(정보없음),4인승,후륜구동,자동(CVT),208km,27.2kWh,125.0Kw,250.0Nm,7.3초,4010mm,1775mm,1575mm,1576~2570mm,1571mm,1576mm,1300kg,155mm/60~70/19~20inch,175mm/55~60/19~20inch,맥퍼슨스트럿,멀티링크,v디스크,V디스크,랙앤피니언,https://imgauto-phinf.pstatic.net/20190404_30/auto_1554360164105PTrEP_PNG/20190404154242_Fm5oqHte.png?type=f508_367,DC콤보,AC완속(5핀),gray,blue,red,white,black,,TRUE,/assets/images/eccar/bmw/i3/main.jpg,/assets/images/eccar/bmw/i3/charging.jpg,/assets/images/eccar/bmw/i3/charging2.jpg,/assets/images/eccar/bmw/i3/1.jpg,/assets/images/eccar/bmw/i3/2.jpg,/assets/images/eccar/bmw/i3/3.jpg,/assets/images/eccar/bmw/i3/4.jpg,/assets/images/eccar/bmw/i3/5.jpg,/assets/images/eccar/bmw/i3/6.jpg,/assets/images/eccar/bmw/i3/7.jpg,/assets/images/eccar/bmw/i3/8.jpg,/assets/images/eccar/bmw/i3/9.jpg,/assets/images/eccar/bmw/i3/10.jpg,,,,,,즐겨라. 내일의 시선으로. THE NEW BMW i3.,FALSE,https://www.youtube.com/embed/Zhl47si3IJM,190502
2019 닛산 리프 S CVT,2019,리프 S,CVT,닛산,4190,전기,CVT5.1km/kWh(정보없음),5인승,전륜구동,자동(CVT),231km,40.0kWh,110.0Kw,320.0Nm,정보없음,4480mm,1790mm,1540mm,2700mm,1540mm,1555mm,1585kg,205mm/55/16inch,205mm/55/16inch,독립식스트럿,토션빔,V디스크,V디스크,랙앤피니언,https://imgauto-phinf.pstatic.net/20190304_180/auto_1551671216830KvN92_PNG/20190304124619_cyvyl5KQ.png?type=f508_367,DC차데모,AC완속(5핀),orange,black,white,gray,blue,red,TRUE,/assets/images/eccar/nissan/leaf/main.jpg,/assets/images/eccar/nissan/leaf/charging.jpg,/assets/images/eccar/nissan/leaf/charging2.jpg,/assets/images/eccar/nissan/leaf/1.jpg,/assets/images/eccar/nissan/leaf/2.jpg,/assets/images/eccar/nissan/leaf/3.jpg,/assets/images/eccar/nissan/leaf/4.jpg,/assets/images/eccar/nissan/leaf/5.jpg,/assets/images/eccar/nissan/leaf/6.jpg,/assets/images/eccar/nissan/leaf/7.jpg,/assets/images/eccar/nissan/leaf/8.jpg,/assets/images/eccar/nissan/leaf/9.jpg,,,,,,,2020 Nissan LEAF You don't need sky to soar. There's never been a better time to go electric.,FALSE,https://www.youtube.com/embed/VxhoYtiGzjI,190318
2019 테슬라 모델3 AWD Long Range,2019,모델3,AWD Long Range,테슬라,6369,전기,정보없음,5인승,풀타임 4륜구동,자동1단,415km,75.0kWh,233.0Kw,527.0Nm,3.4초,4694mm,1849mm,1443mm,2875mm,1580mm,1580mm,1645kg,정보없음/정보없음/18inch,정보없음/정보없음/18inch,더블위시본,멀티링크,디스크,디스크,랙앤피니언,https://imgauto-phinf.pstatic.net/20200205_218/auto_1580892688565gVui9_PNG/20200205175126_tJ5cbvuq.png?type=f567_410,DC콤보,AC완속(7핀),gray,white,red,blue,black,,TRUE,/assets/images/eccar/tesla/model3/main.jpg,/assets/images/eccar/tesla/model3/charging.jpg,/assets/images/eccar/tesla/model3/1.jpg,/assets/images/eccar/tesla/model3/2.jpg,/assets/images/eccar/tesla/model3/3.jpg,/assets/images/eccar/tesla/model3/4.jpg,/assets/images/eccar/tesla/model3/5.jpg,/assets/images/eccar/tesla/model3/6.jpg,/assets/images/eccar/tesla/model3/7.jpg,/assets/images/eccar/tesla/model3/8.jpg,/assets/images/eccar/tesla/model3/9.jpg,/assets/images/eccar/tesla/model3/10.jpg,/assets/images/eccar/tesla/model3/11.jpg,/assets/images/eccar/tesla/model3/12.jpg,/assets/images/eccar/tesla/model3/13.jpg,/assets/images/eccar/tesla/model3/14.jpg,/assets/images/eccar/tesla/model3/15.jpg,/assets/images/eccar/tesla/model3/16.jpg,TESLA Model 3.‘지속 가능한 이동수단으로의 세계적 전환을 앞당긴다’,FALSE,https://www.youtube.com/embed/i8horkJjxco,190813
2020 코나 일렉트릭 프리미엄,2020,코나 일렉트릭,프리미엄,현대,4890,전기,자동5.6km/kWh(정보없음),5인승,전륜구동,자동1단,406km,64.0kWh,150.0Kw,395.0Nm,정보없음,4180mm,1800mm,1570mm,2600mm,1564mm,1575mm,1685kg,215mm/55/17inch,215mm/55/17inch,맥퍼슨스트럿,멀티링크,디스크,디스크,랙앤피니언,https://imgauto-phinf.pstatic.net/20191231_177/auto_1577777636258yDIik_PNG/20191231163211_NwVkj9NK.png?type=f567_410,DC콤보,AC완속(5핀),gray,white,red,blue,black,,TRUE,/assets/images/eccar/hyundai/kona/main.jpg,/assets/images/eccar/hyundai/kona/charging.jpg,/assets/images/eccar/hyundai/kona/charging2.jpg,/assets/images/eccar/hyundai/kona/1.jpg,/assets/images/eccar/hyundai/kona/2.jpg,/assets/images/eccar/hyundai/kona/3.jpg,/assets/images/eccar/hyundai/kona/4.jpg,/assets/images/eccar/hyundai/kona/5.jpg,/assets/images/eccar/hyundai/kona/6.jpg,/assets/images/eccar/hyundai/kona/7.jpg,,,,,,,,,KONA Electric 누가? KONA! SUV의 새로운 발견 새로운 모빌리티 라이프의 즐거움,TRUE,https://www.youtube.com/embed/ZDuVVEGaodI,200106
2020 테슬라 모델3 AWD Performance,2020,모델3,AWD Performance,테슬라,7369,전기,정보없음,5인승,풀타임 4륜구동,자동1단,446km,75.0kWh,261.0Kw,639.0Nm,4.6초,4694mm,1849mm,1443mm,2875mm,1580mm,1580mm,1847kg,정보없음/정보없음/20inch,정보없음/정보없음/20inch,더블위시본,멀티링크,디스크,디스크,랙앤피니언,https://imgauto-phinf.pstatic.net/20200205_218/auto_1580892688565gVui9_PNG/20200205175126_tJ5cbvuq.png?type=f567_410,DC콤보,AC완속(7핀),red,white,gray,blue,black,,TRUE,/assets/images/eccar/tesla/model3/main.jpg,/assets/images/eccar/tesla/model3/charging.jpg,/assets/images/eccar/tesla/model3/1.jpg,/assets/images/eccar/tesla/model3/2.jpg,/assets/images/eccar/tesla/model3/3.jpg,/assets/images/eccar/tesla/model3/4.jpg,/assets/images/eccar/tesla/model3/5.jpg,/assets/images/eccar/tesla/model3/6.jpg,/assets/images/eccar/tesla/model3/7.jpg,/assets/images/eccar/tesla/model3/8.jpg,/assets/images/eccar/tesla/model3/9.jpg,/assets/images/eccar/tesla/model3/10.jpg,/assets/images/eccar/tesla/model3/11.jpg,/assets/images/eccar/tesla/model3/12.jpg,/assets/images/eccar/tesla/model3/13.jpg,/assets/images/eccar/tesla/model3/14.jpg,/assets/images/eccar/tesla/model3/15.jpg,/assets/images/eccar/tesla/model3/16.jpg,TESLA Model 3.‘지속 가능한 이동수단으로의 세계적 전환을 앞당긴다’,TRUE,https://www.youtube.com/embed/i8horkJjxco,200413
2020 쉐보레 볼트  EV LT 디럭스,2020,볼트 EV, EV LT 디럭스,쉐보레(GM대우),4693,전기,자동5.4km/kWh(정보없음),5인승,전륜구동,자동1단,414km,66.0kWh,150.0Kw,360.0Nm,정보없음,4165mm,1765mm,1610mm,2600mm,1507mm,1516mm,1620kg,215mm/50/17inch,215mm/50/17inch,맥퍼슨스트럿,토션빔,디스크,디스크,랙앤피니언,https://imgauto-phinf.pstatic.net/20200609_71/auto_1591666210175lWK7Y_PNG/20200609102957_kSlLIvAz.png?type=f567_410,DC콤보,AC완속(5핀),black,white,gray,red,blue,,TRUE,/assets/images/eccar/chevrolet/bolt/main.jpg,/assets/images/eccar/chevrolet/bolt/charging.jpg,/assets/images/eccar/chevrolet/bolt/charging2.jpg,/assets/images/eccar/chevrolet/bolt/1.jpg,/assets/images/eccar/chevrolet/bolt/2.jpg,/assets/images/eccar/chevrolet/bolt/3.jpg,/assets/images/eccar/chevrolet/bolt/4.jpg,/assets/images/eccar/chevrolet/bolt/5.jpg,/assets/images/eccar/chevrolet/bolt/6.jpg,/assets/images/eccar/chevrolet/bolt/7.jpg,/assets/images/eccar/chevrolet/bolt/8.jpg,/assets/images/eccar/chevrolet/bolt/9.jpg,/assets/images/eccar/chevrolet/bolt/10.jpg,,,,,,"태생부터 순수 전기차, BOLT EV",TRUE,https://www.youtube.com/embed/NriLUfaWdMw,200609
2019 BMW i3 i3 120Ah LUX,2019,i3 120Ah,LUX,BMW,6000,전기,CVT5.6km/kWh(정보없음),4인승,후륜구동,자동(CVT),248km,37.9kWh,125.0Kw,250.0Nm,7.3초,4010mm,1775mm,"1,600mm","2,570mm",1571mm,1576mm,"1,340kg",155mm/70/19inch,175mm/60/19inch,맥퍼슨스트럿,멀티링크,v디스크,V디스크,랙앤피니언,https://imgauto-phinf.pstatic.net/20190404_30/auto_1554360164105PTrEP_PNG/20190404154242_Fm5oqHte.png?type=f508_367,DC콤보,AC완속(5핀),red,black,white,gray,blue,,TRUE,/assets/images/eccar/bmw/i3/main.jpg,/assets/images/eccar/bmw/i3/charging.jpg,/assets/images/eccar/bmw/i3/charging2.jpg,/assets/images/eccar/bmw/i3/1.jpg,/assets/images/eccar/bmw/i3/2.jpg,/assets/images/eccar/bmw/i3/3.jpg,/assets/images/eccar/bmw/i3/4.jpg,/assets/images/eccar/bmw/i3/5.jpg,/assets/images/eccar/bmw/i3/6.jpg,/assets/images/eccar/bmw/i3/7.jpg,/assets/images/eccar/bmw/i3/8.jpg,/assets/images/eccar/bmw/i3/9.jpg,/assets/images/eccar/bmw/i3/10.jpg,,,,,,즐겨라. 내일의 시선으로.THE NEW BMW i3.,FALSE,https://www.youtube.com/embed/Zhl47si3IJM,190502
2020 푸조 e-208 EV GT Line,2020,e-208,EV GT Line,푸조,4600,전기,CVT4.4km/kWh(정보없음),5인승,전륜구동,자동(CVT),244km,50.0kWh,102.0Kw,260.0Nm,정보없음,4055mm,1745mm,1435mm,2540mm,정보없음,정보없음,1510kg,205~215mm/45~65/16~17inch,205~215mm/45~65/16~17inch,맥퍼슨스트럿,토션빔,V디스크,디스크,랙앤피니언,https://imgauto-phinf.pstatic.net/20200722_81/auto_1595379180580GNgzE_PNG/20200722095248_3qwB9Gvo.png?type=f567_410,DC콤보,AC완속(5핀),blue,yellow,,,,,TRUE,/assets/images/eccar/peoguot/e208/main.jpg,/assets/images/eccar/peoguot/e208/charging.jpg,/assets/images/eccar/peoguot/e208/charging2.jpg,/assets/images/eccar/peoguot/e208/1.jpg,/assets/images/eccar/peoguot/e208/2.jpg,/assets/images/eccar/peoguot/e208/3.jpg,/assets/images/eccar/peoguot/e208/4.jpg,/assets/images/eccar/peoguot/e208/5.jpg,/assets/images/eccar/peoguot/e208/6.jpg,/assets/images/eccar/peoguot/e208/7.jpg,/assets/images/eccar/peoguot/e208/8.jpg,/assets/images/eccar/peoguot/e208/9.jpg,/assets/images/eccar/peoguot/e208/10.jpg,/assets/images/eccar/peoguot/e208/11.jpg,/assets/images/eccar/peoguot/e208/12.jpg,/assets/images/eccar/peoguot/e208/13.jpg,/assets/images/eccar/peoguot/e208/14.jpg,,"NEW PEUGEOT e-208은 100% 전기 파워트레인이 탑재되어 있어 운전자에게  활기차고 즐거운 주행 경험을 선사합니다. 2020 유럽 올해의 차 수상에 빛나는, 완벽하게 설계된 도심형 전기자동차 NEW PEUGEOT e-208을 만나보세요! ",TRUE,https://www.youtube.com/embed/GX_gK6TTLgw,200721
2019 테슬라 모델X AWD Performance,2019,모델X,AWD Performance,테슬라,13599,전기,CVT3.4km/kWh(정보없음),7인승,풀타임4륜구동,자동(CVT),438km,100.0kWh,500.0Kw,967.0Nm,4.6초,5050mm,2000mm,1625mm,2965mm,1661mm,1699mm,2605kg,255mm/45/20inch,275mm/45/20inch,더블위시본,멀티링크,디스크,디스크,랙앤피니언,https://imgauto-phinf.pstatic.net/20200313_16/auto_1584061921235JIJPN_PNG/20200313101159_jbAeiURL.png?type=f567_410,DC콤보,AC완속(7핀),gray,white,red,blue,black,,TRUE,/assets/images/eccar/tesla/modelx/main.jpg,/assets/images/eccar/tesla/modelx/charging.jpg,/assets/images/eccar/tesla/modelx/1.jpg,/assets/images/eccar/tesla/modelx/2.jpg,/assets/images/eccar/tesla/modelx/3.jpg,/assets/images/eccar/tesla/modelx/4.jpg,/assets/images/eccar/tesla/modelx/5.jpg,/assets/images/eccar/tesla/modelx/6.jpg,/assets/images/eccar/tesla/modelx/7.jpg,/assets/images/eccar/tesla/modelx/8.jpg,/assets/images/eccar/tesla/modelx/9.jpg,/assets/images/eccar/tesla/modelx/10.jpg,/assets/images/eccar/tesla/modelx/11.jpg,/assets/images/eccar/tesla/modelx/12.jpg,/assets/images/eccar/tesla/modelx/13.jpg,/assets/images/eccar/tesla/modelx/14.jpg,/assets/images/eccar/tesla/modelx/15.jpg,,Safety? With TESLA Model X,FALSE,https://www.youtube.com/embed/fOXoGcR6IdM,181220
2019 재규어 I-페이스 FIRST EDITION,2019,I-페이스,FIRST EDITION,재규어,12650,전기,CVT4.7km/kWh(정보없음)4.7km/kWh(정보없음),5인승,풀타임4륜구동,자동(CVT)정보없음,333km,90.0kWh,294.0Kw,696.0Nm,4.8초,4682mm,2011mm,1558mm,2990mm,1627mm,1647mm,2670kg,정보없음,정보없음,더블위시본,멀티링크,V디스크,V디스크,랙앤피니언,https://imgauto-phinf.pstatic.net/20180914_90/auto_15368972118930L9sg_PNG/20180914125329_Y5FHkjBp.png?type=f508_367,DC콤보,AC완속(5핀),blue,red,yellow,white,gray,black,TRUE,/assets/images/eccar/jaguar/ipace/main.jpg,/assets/images/eccar/jaguar/ipace/charging.jpg,/assets/images/eccar/jaguar/ipace/charging2.jpg,/assets/images/eccar/jaguar/ipace/1.jpg,/assets/images/eccar/jaguar/ipace/2.jpg,/assets/images/eccar/jaguar/ipace/3.jpg,/assets/images/eccar/jaguar/ipace/4.jpg,/assets/images/eccar/jaguar/ipace/5.jpg,/assets/images/eccar/jaguar/ipace/6.jpg,/assets/images/eccar/jaguar/ipace/7.jpg,,,,,,,,,I?PACE. 차세대 전기차 기술과 디자인에 대한 재규어의 열정이 어우러져 배기 가스 배출이 없는 놀라운 전기차가 탄생했습니다.,FALSE,https://www.youtube.com/embed/L_qIh5J2OsY,190114
2020 벤츠 EQC 400 Edition 1886,2020,EQC 400,Edition 1886,벤츠,10140,전기,자동3.2km/kWh(정보없음),5인승,풀타임4륜구동,자동,309km,80.0kWh,304.0Kw,759.0Nm,5.1초,4770mm,1890mm,1620mm,2875mm,정보없음,정보없음,2440kg,235mm/50/20inch,255mm/45/20inch,멀티링크,멀티링크,V디스크,V디스크,랙앤피니언,https://imgauto-phinf.pstatic.net/20191021_70/auto_1571632761146O1GeB_PNG/20191021133909_GJ9DQZtf.png?type=f567_410,DC콤보,AC완속(5핀),white,gray,,,,,TRUE,/assets/images/eccar/banz/eqc/main.jpg,/assets/images/eccar/banz/eqc/charging1.jpg,/assets/images/eccar/banz/eqc/charging2.jpg,/assets/images/eccar/banz/eqc/charging3.jpg,/assets/images/eccar/banz/eqc/charging4.jpg,/assets/images/eccar/banz/eqc/charging5.jpg,/assets/images/eccar/banz/eqc/charging6.jpg,/assets/images/eccar/banz/eqc/1.jpg,/assets/images/eccar/banz/eqc/2.jpg,/assets/images/eccar/banz/eqc/3.jpg,/assets/images/eccar/banz/eqc/4.jpg,/assets/images/eccar/banz/eqc/5.jpg,/assets/images/eccar/banz/eqc/6.jpg,/assets/images/eccar/banz/eqc/7.jpg,/assets/images/eccar/banz/eqc/8.jpg,/assets/images/eccar/banz/eqc/9.jpg,/assets/images/eccar/banz/eqc/10.jpg,,The all-new EQC.전기 자동차의 오늘은 바로 메르세데스-벤츠입니다. #switchtoEQ #BeAGameChanger,TRUE,https://www.youtube.com/embed/bwqC1p6ggbU,191022
2019 테슬라 모델S 100D Performance,2019,모델S,100D Performance,테슬라,13299,전기,자동4.0km/kWh(정보없음),5인승,풀타임4륜구동,자동1단,487km,100.0kWh,350.0Kw,660.0Nm,3.8초,4979mm,1964mm,1435mm,2960mm,1662mm,1700mm,2108kg,245mm/45/19inch,245mm/45/19inch,더블위시본,멀티링크,V디스크,V디스크,랙앤피니언,https://imgauto-phinf.pstatic.net/20190829_166/auto_1567064558410mY1hy_PNG/20190829164139_tPprbkux.png?type=f567_410,DC콤보,AC완속(7핀),gray,white,red,blue,black,,TRUE,/assets/images/eccar/tesla/models/main.jpg,/assets/images/eccar/tesla/models/charging.jpg,/assets/images/eccar/tesla/models/1.jpg,/assets/images/eccar/tesla/models/2.jpg,/assets/images/eccar/tesla/models/3.jpg,/assets/images/eccar/tesla/models/4.jpg,/assets/images/eccar/tesla/models/5.jpg,/assets/images/eccar/tesla/models/6.jpg,/assets/images/eccar/tesla/models/7.jpg,/assets/images/eccar/tesla/models/8.jpg,/assets/images/eccar/tesla/models/9.jpg,/assets/images/eccar/tesla/models/10.jpg,/assets/images/eccar/tesla/models/11.jpg,/assets/images/eccar/tesla/models/12.jpg,/assets/images/eccar/tesla/models/13.jpg,/assets/images/eccar/tesla/models/14.jpg,,,TESLA Model S. Revolutionize Your Commute,FALSE,https://www.youtube.com/embed/VMpYEQkfLw8,190414
2019 닛산 리프 SL CVT,2019,리프 SL,CVT,닛산,4830,전기,CVT5.1km/kWh(정보없음),5인승,전륜구동,자동(CVT),231km,40.0kWh,110.0Kw,320.0Nm,정보없음,4480mm,1790mm,1540mm,2700mm,"1,530mm","1,545mm",1585kg,215mm/50/17inch,215mm/50/17inch,독립식스트럿,토션빔,V디스크,V디스크,랙앤피니언,https://imgauto-phinf.pstatic.net/20190304_180/auto_1551671216830KvN92_PNG/20190304124619_cyvyl5KQ.png?type=f508_367,DC차데모,AC완속(5핀),blue,orange,black,white,gray,red,TRUE,/assets/images/eccar/nissan/leaf/main.jpg,/assets/images/eccar/nissan/leaf/charging.jpg,/assets/images/eccar/nissan/leaf/charging2.jpg,/assets/images/eccar/nissan/leaf/1.jpg,/assets/images/eccar/nissan/leaf/2.jpg,/assets/images/eccar/nissan/leaf/3.jpg,/assets/images/eccar/nissan/leaf/4.jpg,/assets/images/eccar/nissan/leaf/5.jpg,/assets/images/eccar/nissan/leaf/6.jpg,/assets/images/eccar/nissan/leaf/7.jpg,/assets/images/eccar/nissan/leaf/8.jpg,/assets/images/eccar/nissan/leaf/9.jpg,,,,,,,2020 Nissan LEAF You don't need sky to soar. There's never been a better time to go electric.,FALSE,https://www.youtube.com/embed/VxhoYtiGzjI,190318
2020 르노 트위지 인텐스(2인승),2020,트위지,인텐스(2인승),르노삼성,1430,전기,CVT7.9km/kWh(정보없음),2인승,정보없음,자동(CVT),55km,6.1kWh,12.6Kw,5.8Nm,정보없음,2338mm,1237mm,1454mm,1686mm,1094mm,1080mm,475kg,125mm/80/13inch,145mm/80/13inch,정보없음,정보없음,정보없음,정보없음,정보없음,https://imgauto-phinf.pstatic.net/20200317_77/auto_1584430028711zbmc9_PNG/20200317162647_KFbkYOj0.png?type=f567_410,AC3상,AC완속(7핀),orange,white,blue,black,,,TRUE,/assets/images/eccar/samsung/twiz/main.jpg,/assets/images/eccar/samsung/twiz/charging.jpg,/assets/images/eccar/samsung/twiz/1.jpg,/assets/images/eccar/samsung/twiz/2.jpg,/assets/images/eccar/samsung/twiz/3.jpg,/assets/images/eccar/samsung/twiz/4.jpg,/assets/images/eccar/samsung/twiz/5.jpg,/assets/images/eccar/samsung/twiz/6.jpg,/assets/images/eccar/samsung/twiz/7.jpg,/assets/images/eccar/samsung/twiz/8.jpg,/assets/images/eccar/samsung/twiz/9.jpg,/assets/images/eccar/samsung/twiz/10.jpg,/assets/images/eccar/samsung/twiz/11.jpg,/assets/images/eccar/samsung/twiz/12.jpg,/assets/images/eccar/samsung/twiz/13.jpg,/assets/images/eccar/samsung/twiz/14.jpg,,,"트위지, 이동의 수단을 넘어선 혁신 상상의 미래가 아닌 현실 지금껏 경험하지 못한 새로운 경험을 선사합니다. Renault TWIZY",TRUE,https://www.youtube.com/embed/VulX8VmWlKE,200810
2019 SM3 Z.E. RE,2019,SM3 Z.E.,RE,르노삼성,3900,전기,CVT4.5km/kWh(정보없음),5인승,정보없음,정보없음,213km,35.9kWh,70.0Kw,226.0Nm,정보없음,4750mm,1810mm,1460mm,2700mm,1535mm,1555mm,정보없음,정보없음,정보없음,정보없음,정보없음,정보없음,정보없음,정보없음,https://imgauto-phinf.pstatic.net/20190218_115/auto_1550464702983uYkya_PNG/20190218133821_1pi1OB5H.png?type=f508_367,AC3상,AC완속(7핀),gray,white,black,,,,TRUE,/assets/images/eccar/samsung/sm3ze/main.jpg,/assets/images/eccar/samsung/sm3ze/charging.jpg,/assets/images/eccar/samsung/sm3ze/1.jpg,/assets/images/eccar/samsung/sm3ze/2.jpg,/assets/images/eccar/samsung/sm3ze/3.jpg,/assets/images/eccar/samsung/sm3ze/4.jpg,/assets/images/eccar/samsung/sm3ze/5.jpg,/assets/images/eccar/samsung/sm3ze/6.jpg,/assets/images/eccar/samsung/sm3ze/7.jpg,/assets/images/eccar/samsung/sm3ze/8.jpg,/assets/images/eccar/samsung/sm3ze/9.jpg,/assets/images/eccar/samsung/sm3ze/10.jpg,,,,,,,HELLO TOMORROW 100% 전기의 힘으로 내일을 향해 달리다. 르노삼성자동차의 e-Technology가 100% 에코 드라이빙을 선사합니다.,FALSE,https://www.youtube.com/embed/rg-I6JbjArE,190218
2021 쏘울 부스터 EV 노블레스,2021,쏘울 부스터 EV,노블레스,기아,4834,전기,자동5.4km/kWh(정보없음),5인승,전륜구동,자동,386km,64.0kWh,150.0Kw,395.0Nm,정보없음,4195mm,1800mm,1605mm,2600mm,1565mm,1572mm,1555kg,215mm/55/17inch,215mm/55/17inch,맥퍼슨스트럿,멀티링크,V디스크,디스크,랙앤피니언,https://imgauto-phinf.pstatic.net/20200323_86/auto_15849403022785uLfl_PNG/20200323141131_LGJXlUZd.png?type=f567_410,DC차데모,AC완속(5핀),red,blue,gray,white,yellow,,TRUE,/assets/images/eccar/kia/soulbooster/main.jpg,/assets/images/eccar/kia/soulbooster/charging.jpg,/assets/images/eccar/kia/soulbooster/1.jpg,/assets/images/eccar/kia/soulbooster/2.jpg,/assets/images/eccar/kia/soulbooster/3.jpg,/assets/images/eccar/kia/soulbooster/4.jpg,/assets/images/eccar/kia/soulbooster/5.jpg,/assets/images/eccar/kia/soulbooster/6.jpg,/assets/images/eccar/kia/soulbooster/7.jpg,/assets/images/eccar/kia/soulbooster/8.jpg,/assets/images/eccar/kia/soulbooster/9.jpg,/assets/images/eccar/kia/soulbooster/10.jpg,/assets/images/eccar/kia/soulbooster/11.jpg,/assets/images/eccar/kia/soulbooster/12.jpg,/assets/images/eccar/kia/soulbooster/13.jpg,/assets/images/eccar/kia/soulbooster/14.jpg,/assets/images/eccar/kia/soulbooster/15.jpg,,2021 Soul EV 1회 충전 주행거리 386km의 효율적인 쏘울로 더 즐거운 EV라이프,TRUE,https://www.youtube.com/embed/MN2bgchVlv8,210323
2020 포터2 일렉트릭 프리미엄 스페셜,2020,포터2 일렉트릭,프리미엄 스페셜,현대,4274,전기,자동3.1km/kWh(정보없음),3인승,후륜구동,자동,211km,58.8kWh,135.0Kw,395.0Nm,정보없음,5105mm,1740mm,1970mm,2810mm,1485mm,1320mm,1970kg,195mm/70/15inch,145mm/정보없음/13inch,정보없음,정보없음,디스크,디스크,랙앤피니언,https://imgauto-phinf.pstatic.net/20191209_17/auto_1575865268623fSg5O_PNG/20191209132054_FfMbB1uU.png?type=f567_410,DC콤보,AC완속(5핀),white,,,,,,TRUE,/assets/images/eccar/hyundai/porter2/main.jpg,/assets/images/eccar/hyundai/porter2/charging.jpg,/assets/images/eccar/hyundai/porter2/charging2.jpg,/assets/images/eccar/hyundai/porter2/1.jpg,/assets/images/eccar/hyundai/porter2/2.jpg,/assets/images/eccar/hyundai/porter2/3.jpg,/assets/images/eccar/hyundai/porter2/4.jpg,/assets/images/eccar/hyundai/porter2/5.jpg,/assets/images/eccar/hyundai/porter2/6.jpg,/assets/images/eccar/hyundai/porter2/7.jpg,/assets/images/eccar/hyundai/porter2/8.jpg,,,,,,,,PORTER2 Electric 새로운 친환경 EV 트럭 도심에서 탁월한 운송능력을 발휘하는 포터II 일렉트릭은 충전도 쉬울 뿐 아니라 경제성까지 겸비한 새로운 친환경 EV 트럭입니다.,TRUE,https://www.youtube.com/embed/lYFPY1WFPFo,191211
2019 BMW i3 120Ah SOL+,2019,i3 120Ah,SOL+,BMW,6560,전기,CVT5.6km/kWh(정보없음),4인승,후륜구동,자동(CVT),248km,37.9kWh,125.0Kw,250.0Nm,7.3초,4010mm,1775mm,"1,600mm","2,570mm",1571mm,1576mm,"1,340kg",155mm/70/19inch,175mm/60/19inch,맥퍼슨스트럿,멀티링크,v디스크,V디스크,랙앤피니언,https://imgauto-phinf.pstatic.net/20190404_30/auto_1554360164105PTrEP_PNG/20190404154242_Fm5oqHte.png?type=f508_367,DC콤보,AC완속(5핀),black,white,gray,blue,red,,TRUE,/assets/images/eccar/bmw/i3/main.jpg,/assets/images/eccar/bmw/i3/charging.jpg,/assets/images/eccar/bmw/i3/charging2.jpg,/assets/images/eccar/bmw/i3/1.jpg,/assets/images/eccar/bmw/i3/2.jpg,/assets/images/eccar/bmw/i3/3.jpg,/assets/images/eccar/bmw/i3/4.jpg,/assets/images/eccar/bmw/i3/5.jpg,/assets/images/eccar/bmw/i3/6.jpg,/assets/images/eccar/bmw/i3/7.jpg,/assets/images/eccar/bmw/i3/8.jpg,/assets/images/eccar/bmw/i3/9.jpg,/assets/images/eccar/bmw/i3/10.jpg,,,,,,즐겨라. 내일의 시선으로. THE NEW BMW i3.,FALSE,https://www.youtube.com/embed/Zhl47si3IJM,190502
2020 쉐보레 볼트 EV 프리미어,2020,볼트 EV, EV 프리미어,쉐보레(GM대우),4814,전기,자동5.4km/kWh(정보없음),5인승,전륜구동,자동1단,414km,66.0kWh,150.0Kw,360.0Nm,정보없음,4165mm,1765mm,1610mm,2600mm,1507mm,1516mm,1620kg,215mm/50/17inch,215mm/50/17inch,맥퍼슨스트럿,토션빔,디스크,디스크,랙앤피니언,https://imgauto-phinf.pstatic.net/20200609_71/auto_1591666210175lWK7Y_PNG/20200609102957_kSlLIvAz.png?type=f567_410,DC콤보,AC완속(5핀),red,black,white,gray,blue,,TRUE,/assets/images/eccar/chevrolet/bolt/main.jpg,/assets/images/eccar/chevrolet/bolt/charging.jpg,/assets/images/eccar/chevrolet/bolt/charging2.jpg,/assets/images/eccar/chevrolet/bolt/1.jpg,/assets/images/eccar/chevrolet/bolt/2.jpg,/assets/images/eccar/chevrolet/bolt/3.jpg,/assets/images/eccar/chevrolet/bolt/4.jpg,/assets/images/eccar/chevrolet/bolt/5.jpg,/assets/images/eccar/chevrolet/bolt/6.jpg,/assets/images/eccar/chevrolet/bolt/7.jpg,/assets/images/eccar/chevrolet/bolt/8.jpg,/assets/images/eccar/chevrolet/bolt/9.jpg,/assets/images/eccar/chevrolet/bolt/10.jpg,,,,,,"태생부터 순수 전기차, BOLT EV",TRUE,https://www.youtube.com/embed/NriLUfaWdMw,200609
2018 니로 EV 노블레스,2018,니로 EV,노블레스,기아,4980,전기,자동5.3km/kWh(정보없음),5인승,전륜구동,자동1단,385km,64.0kWh,150.0Kw,395.0Nm,정보없음,4375mm,1805mm,1570mm,2700mm,1562mm,1572mm,1755kg,215mm/55/17inch,215mm/55/17inch,맥퍼슨스트럿,멀티링크,디스크,디스크,랙앤피니언,https://imgauto-phinf.pstatic.net/20200717_210/auto_1594963607506jhysB_PNG/20200717142646_wsdSlz0O.png?type=f567_410,DC콤보,AC완속(5핀),gray,black,white,,,,TRUE,/assets/images/eccar/kia/niro/main.jpg,/assets/images/eccar/kia/niro/charging.jpg,/assets/images/eccar/kia/niro/1.jpg,/assets/images/eccar/kia/niro/2.jpg,/assets/images/eccar/kia/niro/3.jpg,/assets/images/eccar/kia/niro/4.jpg,/assets/images/eccar/kia/niro/5.jpg,/assets/images/eccar/kia/niro/6.jpg,/assets/images/eccar/kia/niro/7.jpg,/assets/images/eccar/kia/niro/8.jpg,/assets/images/eccar/kia/niro/9.jpg,,,,,,,,니로가 이룬 또 한번의 혁신.니로 EV가 스마트하게 앞서갑니다,FALSE,https://www.youtube.com/embed/WMcFIVKSlDg,180719
2020 봉고3 EV GLS,2020,봉고3 EV,GLS,기아,4270,전기,자동3.1km/kWh(정보없음),3인승,후륜구동,자동,211km,58.8kWh,135.0Kw,395.0Nm,정보없음,5115mm,1740mm,1995mm,2810mm,1490mm,1340mm,1965kg,195mm/70/15inch,145mm/정보없음/13inch,정보없음,정보없음,디스크,디스크,랙앤피니언,https://imgauto-phinf.pstatic.net/20200107_217/auto_1578358719607HUOKP_PNG/20200107095837_0t9TTv5D.png?type=f567_410,DC콤보,AC완속(5핀),white,,,,,,TRUE,/assets/images/eccar/kia/bongo3/main.jpg,/assets/images/eccar/kia/bongo3/charging.jpg,/assets/images/eccar/kia/bongo3/1.jpg,/assets/images/eccar/kia/bongo3/2.jpg,/assets/images/eccar/kia/bongo3/3.jpg,/assets/images/eccar/kia/bongo3/4.jpg,/assets/images/eccar/kia/bongo3/5.jpg,/assets/images/eccar/kia/bongo3/6.jpg,/assets/images/eccar/kia/bongo3/7.jpg,/assets/images/eccar/kia/bongo3/8.jpg,/assets/images/eccar/kia/bongo3/9.jpg,,,,,,,,"최상의 경제성과 편리함을 제공하는 스마트 성공 파트너, Bongo Ⅲ EV",TRUE,https://www.youtube.com/embed/Hk-obloC8Dw,200106
2019 아이오닉 일렉트릭 Q,2019,아이오닉 일렉트릭,Q,현대,4440,전기,CVT6.3km/kWh(정보없음),5인승,전륜구동,자동(CVT),271km,38.3kWh,100.0Kw,295.0Nm,정보없음,4470mm,1820mm,1475mm,2700mm,1552mm,1564mm,1530kg,205mm/60/16inch,205mm/60/16inch,맥퍼슨스트럿,토션빔,V디스크,디스크,랙앤피니언,https://imgauto-phinf.pstatic.net/20190430_299/auto_15566035301323b0by_PNG/20190430145207_Nk3vitAE.png?type=f508_367,DC콤보,AC완속(5핀),white,gray,blue,black,,,TRUE,/assets/images/eccar/hyundai/ioniq/main.jpg,/assets/images/eccar/hyundai/ioniq/charging1.jpg,/assets/images/eccar/hyundai/ioniq/charging2.jpg,/assets/images/eccar/hyundai/ioniq/charging3.jpg,/assets/images/eccar/hyundai/ioniq/1.jpg,/assets/images/eccar/hyundai/ioniq/2.jpg,/assets/images/eccar/hyundai/ioniq/3.jpg,/assets/images/eccar/hyundai/ioniq/4.jpg,/assets/images/eccar/hyundai/ioniq/5.jpg,/assets/images/eccar/hyundai/ioniq/6.jpg,/assets/images/eccar/hyundai/ioniq/7.jpg,/assets/images/eccar/hyundai/ioniq/8.jpg,/assets/images/eccar/hyundai/ioniq/9.jpg,/assets/images/eccar/hyundai/ioniq/10.jpg,/assets/images/eccar/hyundai/ioniq/11.jpg,,,,"IONIQ Electric 도시를 가장 잘 이해하는 전기차의 기준 쉴 틈 없이 움직이는 활동적인 사람에게도, 꼼꼼히 따지는 영리한 사람에게도, 도시에 최적화된 아이오닉 일렉트릭은 가장 합리적인 선택지를 제공합니다.",FALSE,https://www.youtube.com/embed/gq94T4oardY,190117
2019 재규어 I-페이스 HSE,2019,I-페이스,HSE,재규어,12320,전기,CVT4.7km/kWh(정보없음)4.7km/kWh(정보없음),5인승,풀타임4륜구동,자동(CVT)정보없음,333km,90.0kWh,294.0Kw,696.0Nm,4.8초,4682mm,2011mm,1558mm,2990mm,1627mm,1647mm,2670kg,정보없음,정보없음,더블위시본,멀티링크,V디스크,V디스크,랙앤피니언,https://imgauto-phinf.pstatic.net/20180914_90/auto_15368972118930L9sg_PNG/20180914125329_Y5FHkjBp.png?type=f508_367,DC콤보,AC완속(5핀),red,yellow,white,gray,blue,black,TRUE,/assets/images/eccar/jaguar/ipace/main.jpg,/assets/images/eccar/jaguar/ipace/charging.jpg,/assets/images/eccar/jaguar/ipace/charging2.jpg,/assets/images/eccar/jaguar/ipace/1.jpg,/assets/images/eccar/jaguar/ipace/2.jpg,/assets/images/eccar/jaguar/ipace/3.jpg,/assets/images/eccar/jaguar/ipace/4.jpg,/assets/images/eccar/jaguar/ipace/5.jpg,/assets/images/eccar/jaguar/ipace/6.jpg,/assets/images/eccar/jaguar/ipace/7.jpg,,,,,,,,,I?PACE. 차세대 전기차 기술과 디자인에 대한 재규어의 열정이 어우러져 배기 가스 배출이 없는 놀라운 전기차가 탄생했습니다.,FALSE,https://www.youtube.com/embed/L_qIh5J2OsY,190114
2019 BMW i3 94Ah SOL+,2019,i3 94Ah,SOL+,BMW,6560,전기,CVT5.4km/kWh(정보없음),4인승,후륜구동,자동(CVT),208km,27.2kWh,125.0Kw,250.0Nm,7.3초,4010mm,1775mm,1575mm,1576~2570mm,1571mm,1576mm,1300kg,155mm/60~70/19~20inch,175mm/55~60/19~20inch,맥퍼슨스트럿,멀티링크,v디스크,V디스크,랙앤피니언,https://imgauto-phinf.pstatic.net/20190404_30/auto_1554360164105PTrEP_PNG/20190404154242_Fm5oqHte.png?type=f508_367,DC콤보,AC완속(5핀),white,gray,blue,red,black,,TRUE,/assets/images/eccar/bmw/i3/main.jpg,/assets/images/eccar/bmw/i3/charging.jpg,/assets/images/eccar/bmw/i3/charging2.jpg,/assets/images/eccar/bmw/i3/1.jpg,/assets/images/eccar/bmw/i3/2.jpg,/assets/images/eccar/bmw/i3/3.jpg,/assets/images/eccar/bmw/i3/4.jpg,/assets/images/eccar/bmw/i3/5.jpg,/assets/images/eccar/bmw/i3/6.jpg,/assets/images/eccar/bmw/i3/7.jpg,/assets/images/eccar/bmw/i3/8.jpg,/assets/images/eccar/bmw/i3/9.jpg,/assets/images/eccar/bmw/i3/10.jpg,,,,,,즐겨라. 내일의 시선으로. THE NEW BMW i3.,FALSE,https://www.youtube.com/embed/Zhl47si3IJM,190502
2019 쉐보레 볼트 EV,2019,볼트 EV, EV,쉐보레(GM대우),4593,전기,자동5.5km/kWh(정보없음),5인승,전륜구동,자동1단,383km,60.0kWh,150.0Kw,360.0Nm,정보없음,4165mm,1765mm,1610mm,2600mm,1507mm,1516mm,1620kg,215mm/50/17inch,215mm/50/17inch,맥퍼슨스트럿,토션빔,디스크,디스크,랙앤피니언,https://imgauto-phinf.pstatic.net/20190527_46/auto_1558936355161td9B0_PNG/20190527145232_Q5UHVKPu.png?type=f508_367,DC콤보,AC완속(5핀),red,black,white,gray,blue,,FALSE,/assets/images/eccar/chevrolet/bolt/main.jpg,/assets/images/eccar/chevrolet/bolt/charging.jpg,/assets/images/eccar/chevrolet/bolt/charging2.jpg,/assets/images/eccar/chevrolet/bolt/1.jpg,/assets/images/eccar/chevrolet/bolt/2.jpg,/assets/images/eccar/chevrolet/bolt/3.jpg,/assets/images/eccar/chevrolet/bolt/4.jpg,/assets/images/eccar/chevrolet/bolt/5.jpg,/assets/images/eccar/chevrolet/bolt/6.jpg,/assets/images/eccar/chevrolet/bolt/7.jpg,/assets/images/eccar/chevrolet/bolt/8.jpg,/assets/images/eccar/chevrolet/bolt/9.jpg,/assets/images/eccar/chevrolet/bolt/10.jpg,,,,,,"태생부터 순수 전기차, BOLT EV",FALSE,https://www.youtube.com/embed/NriLUfaWdMw,
2018 코나 일렉트릭 모던,2018,코나 일렉트릭,모던,현대,4650,전기,자동5.6km/kWh(정보없음),5인승,전륜구동,자동1단,406km,64.0kWh,150.0Kw,395.0Nm,정보없음,4180mm,1800mm,1570mm,2600mm,1564mm,1575mm,1685kg,215mm/55/17inch,215mm/55/17inch,맥퍼슨스트럿,멀티링크,디스크,디스크,랙앤피니언,https://imgauto-phinf.pstatic.net/20190927_111/auto_1569574605133xxntg_PNG/20190927175643_lcn4NORl.png?type=f567_410,DC콤보,AC완속(5핀),white,gray,red,blue,black,,FALSE,/assets/images/eccar/hyundai/kona/main.jpg,/assets/images/eccar/hyundai/kona/charging.jpg,/assets/images/eccar/hyundai/kona/charging2.jpg,/assets/images/eccar/hyundai/kona/1.jpg,/assets/images/eccar/hyundai/kona/2.jpg,/assets/images/eccar/hyundai/kona/3.jpg,/assets/images/eccar/hyundai/kona/4.jpg,/assets/images/eccar/hyundai/kona/5.jpg,/assets/images/eccar/hyundai/kona/6.jpg,/assets/images/eccar/hyundai/kona/7.jpg,,,,,,,,,KONA Electric 누가? KONA! SUV의 새로운 발견 새로운 모빌리티 라이프의 즐거움,FALSE,https://www.youtube.com/embed/ZDuVVEGaodI,
2018 코나 일렉트릭 프리미엄,2018,코나 일렉트릭,프리미엄,현대,4850,전기,자동5.6km/kWh(정보없음),5인승,전륜구동,자동1단,406km,64.0kWh,150.0Kw,395.0Nm,정보없음,4180mm,1800mm,1570mm,2600mm,1564mm,1575mm,1685kg,215mm/55/17inch,215mm/55/17inch,맥퍼슨스트럿,멀티링크,디스크,디스크,랙앤피니언,https://imgauto-phinf.pstatic.net/20190927_111/auto_1569574605133xxntg_PNG/20190927175643_lcn4NORl.png?type=f567_410,DC콤보,AC완속(5핀),white,gray,red,blue,black,,FALSE,/assets/images/eccar/hyundai/kona/main.jpg,/assets/images/eccar/hyundai/kona/charging.jpg,/assets/images/eccar/hyundai/kona/charging2.jpg,/assets/images/eccar/hyundai/kona/1.jpg,/assets/images/eccar/hyundai/kona/2.jpg,/assets/images/eccar/hyundai/kona/3.jpg,/assets/images/eccar/hyundai/kona/4.jpg,/assets/images/eccar/hyundai/kona/5.jpg,/assets/images/eccar/hyundai/kona/6.jpg,/assets/images/eccar/hyundai/kona/7.jpg,,,,,,,,,KONA Electric 누가? KONA! SUV의 새로운 발견 새로운 모빌리티 라이프의 즐거움,FALSE,https://www.youtube.com/embed/ZDuVVEGaodI,
2019 르노 트위지 라이프,2019,트위지,라이프(2인승),르노삼성,1330,전기,CVT7.9km/kWh(정보없음),1~2인승,정보없음,자동(CVT),55km,6.1kWh,12.6Kw,5.8Nm,정보없음,2338mm,1237mm,1454mm,1686mm,1094mm,1080mm,475kg,125mm/80/13inch,145mm/80/13inch,정보없음,정보없음,정보없음,정보없음,정보없음,https://imgauto-phinf.pstatic.net/20191204_241/auto_1575452308554hFt1m_PNG/20191204183825_k9rjDN0r.png?type=f567_410,AC3상,AC완속(7핀),white,orange,blue,black,,,FALSE,/assets/images/eccar/samsung/twiz/main.jpg,/assets/images/eccar/samsung/twiz/charging.jpg,/assets/images/eccar/samsung/twiz/1.jpg,/assets/images/eccar/samsung/twiz/2.jpg,/assets/images/eccar/samsung/twiz/3.jpg,/assets/images/eccar/samsung/twiz/4.jpg,/assets/images/eccar/samsung/twiz/5.jpg,/assets/images/eccar/samsung/twiz/6.jpg,/assets/images/eccar/samsung/twiz/7.jpg,/assets/images/eccar/samsung/twiz/8.jpg,/assets/images/eccar/samsung/twiz/9.jpg,/assets/images/eccar/samsung/twiz/10.jpg,/assets/images/eccar/samsung/twiz/11.jpg,/assets/images/eccar/samsung/twiz/12.jpg,/assets/images/eccar/samsung/twiz/13.jpg,/assets/images/eccar/samsung/twiz/14.jpg,,,"트위지, 이동의 수단을 넘어선 혁신 상상의 미래가 아닌 현실 지금껏 경험하지 못한 새로운 경험을 선사합니다. Renault TWIZY",FALSE,https://www.youtube.com/embed/VulX8VmWlKE,
2019 르노 트위지 인텐스,2019,트위지,인텐스(2인승),르노삼성,1430,전기,CVT7.9km/kWh(정보없음),1~2인승,정보없음,자동(CVT),55km,6.1kWh,12.6Kw,5.8Nm,정보없음,2338mm,1237mm,1454mm,1686mm,1094mm,1080mm,475kg,125mm/80/13inch,145mm/80/13inch,정보없음,정보없음,정보없음,정보없음,정보없음,https://imgauto-phinf.pstatic.net/20191204_241/auto_1575452308554hFt1m_PNG/20191204183825_k9rjDN0r.png?type=f567_410,AC3상,AC완속(7핀),white,orange,blue,black,,,FALSE,/assets/images/eccar/samsung/twiz/main.jpg,/assets/images/eccar/samsung/twiz/charging.jpg,/assets/images/eccar/samsung/twiz/1.jpg,/assets/images/eccar/samsung/twiz/2.jpg,/assets/images/eccar/samsung/twiz/3.jpg,/assets/images/eccar/samsung/twiz/4.jpg,/assets/images/eccar/samsung/twiz/5.jpg,/assets/images/eccar/samsung/twiz/6.jpg,/assets/images/eccar/samsung/twiz/7.jpg,/assets/images/eccar/samsung/twiz/8.jpg,/assets/images/eccar/samsung/twiz/9.jpg,/assets/images/eccar/samsung/twiz/10.jpg,/assets/images/eccar/samsung/twiz/11.jpg,/assets/images/eccar/samsung/twiz/12.jpg,/assets/images/eccar/samsung/twiz/13.jpg,/assets/images/eccar/samsung/twiz/14.jpg,,,"트위지,이동의 수단을 넘어선 혁신 상상의 미래가 아닌 현실 지금껏 경험하지 못한 새로운 경험을 선사합니다. Renault TWIZY",FALSE,https://www.youtube.com/embed/VulX8VmWlKE,
2018 SM3 Z.E. SE,2018,SM3 Z.E.,SE,르노삼성,3950,전기,CVT4.5km/kWh(정보없음),5인승,정보없음,정보없음,213km,35.9kWh,70.0Kw,226.0Nm,정보없음,4750mm,1810mm,1460mm,2700mm,1535mm,1555mm,정보없음,정보없음,정보없음,정보없음,정보없음,정보없음,정보없음,정보없음,https://imgauto-phinf.pstatic.net/20190827_51/auto_1566912967583mnh7v_PNG/20190827223603_k2ZAnZ3j.png?type=f567_410,AC3상,AC완속(7핀),gray,white,black,,,,FALSE,/assets/images/eccar/samsung/sm3ze/main.jpg,/assets/images/eccar/samsung/sm3ze/charging.jpg,/assets/images/eccar/samsung/sm3ze/1.jpg,/assets/images/eccar/samsung/sm3ze/2.jpg,/assets/images/eccar/samsung/sm3ze/3.jpg,/assets/images/eccar/samsung/sm3ze/4.jpg,/assets/images/eccar/samsung/sm3ze/5.jpg,/assets/images/eccar/samsung/sm3ze/6.jpg,/assets/images/eccar/samsung/sm3ze/7.jpg,/assets/images/eccar/samsung/sm3ze/8.jpg,/assets/images/eccar/samsung/sm3ze/9.jpg,/assets/images/eccar/samsung/sm3ze/10.jpg,,,,,,,HELLO TOMORROW 100% 전기의 힘으로 내일을 향해 달리다. 르노삼성자동차의 e-Technology가 100% 에코 드라이빙을 선사합니다.,FALSE,https://www.youtube.com/embed/rg-I6JbjArE,
2018 SM3 Z.E. RE,2018,SM3 Z.E.,RE,르노삼성,4150,전기,CVT4.5km/kWh(정보없음),5인승,정보없음,정보없음,213km,정보없음,70.0Kw,226.0Nm,정보없음,4750mm,1810mm,1460mm,2700mm,1535mm,1555mm,정보없음,정보없음,정보없음,정보없음,정보없음,정보없음,정보없음,정보없음,https://imgauto-phinf.pstatic.net/20190827_51/auto_1566912967583mnh7v_PNG/20190827223603_k2ZAnZ3j.png?type=f567_410,AC3상,AC완속(7핀),gray,white,black,,,,FALSE,/assets/images/eccar/samsung/sm3ze/main.jpg,/assets/images/eccar/samsung/sm3ze/charging.jpg,/assets/images/eccar/samsung/sm3ze/1.jpg,/assets/images/eccar/samsung/sm3ze/2.jpg,/assets/images/eccar/samsung/sm3ze/3.jpg,/assets/images/eccar/samsung/sm3ze/4.jpg,/assets/images/eccar/samsung/sm3ze/5.jpg,/assets/images/eccar/samsung/sm3ze/6.jpg,/assets/images/eccar/samsung/sm3ze/7.jpg,/assets/images/eccar/samsung/sm3ze/8.jpg,/assets/images/eccar/samsung/sm3ze/9.jpg,/assets/images/eccar/samsung/sm3ze/10.jpg,,,,,,,HELLO TOMORROW 100% 전기의 힘으로 내일을 향해 달리다. 르노삼성자동차의 e-Technology가 100% 에코 드라이빙을 선사합니다.,FALSE,https://www.youtube.com/embed/rg-I6JbjArE,
2017 SM3 Z.E. SE,2017,SM3 Z.E.,SE,르노삼성,3900,전기,정보없음,5인승,전륜구동,자동,135km,정보없음,70.0Kw,226.0Nm,정보없음,4750mm,1810mm,1460mm,2700mm,1535mm,1555mm,"1,580kg",205mm/55/16inch,205mm/55/16inch,맥퍼슨스트럿,토션빔,V디스크,디스크,랙앤피니언,https://imgauto-phinf.pstatic.net/20190827_40/auto_1566912958312jU2Ic_PNG/20190827223555_wvXdUtSQ.png?type=f567_410,AC3상,AC완속(7핀),gray,white,black,,,,FALSE,/assets/images/eccar/samsung/sm3ze/main.jpg,/assets/images/eccar/samsung/sm3ze/charging.jpg,/assets/images/eccar/samsung/sm3ze/1.jpg,/assets/images/eccar/samsung/sm3ze/2.jpg,/assets/images/eccar/samsung/sm3ze/3.jpg,/assets/images/eccar/samsung/sm3ze/4.jpg,/assets/images/eccar/samsung/sm3ze/5.jpg,/assets/images/eccar/samsung/sm3ze/6.jpg,/assets/images/eccar/samsung/sm3ze/7.jpg,/assets/images/eccar/samsung/sm3ze/8.jpg,/assets/images/eccar/samsung/sm3ze/9.jpg,/assets/images/eccar/samsung/sm3ze/10.jpg,,,,,,,HELLO TOMORROW 100% 전기의 힘으로 내일을 향해 달리다. 르노삼성자동차의 e-Technology가 100% 에코 드라이빙을 선사합니다.,FALSE,https://www.youtube.com/embed/rg-I6JbjArE,
2017 SM3 Z.E. RE,2017,SM3 Z.E.,RE,르노삼성,4100,전기,정보없음,5인승,전륜구동,자동,135km,정보없음,70.0Kw,226.0Nm,정보없음,4750mm,1810mm,1460mm,2700mm,1535mm,1555mm,"1,580kg",205mm/55/16inch,205mm/55/16inch,맥퍼슨스트럿,토션빔,V디스크,디스크,랙앤피니언,https://imgauto-phinf.pstatic.net/20190827_40/auto_1566912958312jU2Ic_PNG/20190827223555_wvXdUtSQ.png?type=f567_410,AC3상,AC완속(7핀),gray,white,black,,,,FALSE,/assets/images/eccar/samsung/sm3ze/main.jpg,/assets/images/eccar/samsung/sm3ze/charging.jpg,/assets/images/eccar/samsung/sm3ze/1.jpg,/assets/images/eccar/samsung/sm3ze/2.jpg,/assets/images/eccar/samsung/sm3ze/3.jpg,/assets/images/eccar/samsung/sm3ze/4.jpg,/assets/images/eccar/samsung/sm3ze/5.jpg,/assets/images/eccar/samsung/sm3ze/6.jpg,/assets/images/eccar/samsung/sm3ze/7.jpg,/assets/images/eccar/samsung/sm3ze/8.jpg,/assets/images/eccar/samsung/sm3ze/9.jpg,/assets/images/eccar/samsung/sm3ze/10.jpg,,,,,,,HELLO TOMORROW 100% 전기의 힘으로 내일을 향해 달리다. 르노삼성자동차의 e-Technology가 100% 에코 드라이빙을 선사합니다.,FALSE,https://www.youtube.com/embed/rg-I6JbjArE,
2015 SM3 Z.E. RE,2015,SM3 Z.E.,RE,르노삼성,4190,전기,CVT4.4km/kWh(정보없음),5인승,전륜구동,자동,135km,정보없음,70.0Kw,226.0Nm,정보없음,4750mm,1810mm,1460mm,2700mm,1535mm,1555mm,1580kg,205mm/55/16inch,205mm/55/16inch,맥퍼슨스트럿,토션빔,V디스크,디스크,랙앤피니언,https://imgauto-phinf.pstatic.net/20150528_40/auto_1432797368180NOm3w_PNG/20150528161532_l1Ou1iPx.png?type=f508_367,AC3상,AC완속(7핀),gray,white,black,,,,FALSE,/assets/images/eccar/samsung/sm3ze/main.jpg,/assets/images/eccar/samsung/sm3ze/charging.jpg,/assets/images/eccar/samsung/sm3ze/1.jpg,/assets/images/eccar/samsung/sm3ze/2.jpg,/assets/images/eccar/samsung/sm3ze/3.jpg,/assets/images/eccar/samsung/sm3ze/4.jpg,/assets/images/eccar/samsung/sm3ze/5.jpg,/assets/images/eccar/samsung/sm3ze/6.jpg,/assets/images/eccar/samsung/sm3ze/7.jpg,/assets/images/eccar/samsung/sm3ze/8.jpg,/assets/images/eccar/samsung/sm3ze/9.jpg,/assets/images/eccar/samsung/sm3ze/10.jpg,,,,,,,HELLO TOMORROW 100% 전기의 힘으로 내일을 향해 달리다. 르노삼성자동차의 e-Technology가 100% 에코 드라이빙을 선사합니다.,FALSE,https://www.youtube.com/embed/rg-I6JbjArE,
2014 SM3 Z.E. SE 플러스,2014,SM3 Z.E.,SE 플러스,르노삼성,4200,전기,CVT4.4km/kWh(정보없음),5인승,전륜구동,정보없음,135km,정보없음,70.0Kw,226.0Nm,정보없음,4750mm,1810mm,1460mm,2700mm,1545mm,1565mm,정보없음,205mm/55/16inch,205mm/55/16inch,정보없음,정보없음,V디스크,V디스크,정보없음,https://imgauto-phinf.pstatic.net/20130928_32/auto_1380295203663P4Nsz_PNG/20130928002001_TBqqUGGP.png?type=f567_410,AC3상,AC완속(7핀),gray,white,black,,,,FALSE,/assets/images/eccar/samsung/sm3ze/main.jpg,/assets/images/eccar/samsung/sm3ze/charging.jpg,/assets/images/eccar/samsung/sm3ze/1.jpg,/assets/images/eccar/samsung/sm3ze/2.jpg,/assets/images/eccar/samsung/sm3ze/3.jpg,/assets/images/eccar/samsung/sm3ze/4.jpg,/assets/images/eccar/samsung/sm3ze/5.jpg,/assets/images/eccar/samsung/sm3ze/6.jpg,/assets/images/eccar/samsung/sm3ze/7.jpg,/assets/images/eccar/samsung/sm3ze/8.jpg,/assets/images/eccar/samsung/sm3ze/9.jpg,/assets/images/eccar/samsung/sm3ze/10.jpg,,,,,,,HELLO TOMORROW 100% 전기의 힘으로 내일을 향해 달리다. 르노삼성자동차의 e-Technology가 100% 에코 드라이빙을 선사합니다.,FALSE,https://www.youtube.com/embed/rg-I6JbjArE,
2014 SM3 Z.E. RE,2014,SM3 Z.E.,RE,르노삼성,4300,전기,CVT4.4km/kWh(정보없음),5인승,전륜구동,정보없음,135km,정보없음,70.0Kw,226.0Nm,정보없음,4750mm,1810mm,1460mm,2700mm,1545mm,1565mm,정보없음,205mm/55/16inch,205mm/55/16inch,정보없음,정보없음,V디스크,V디스크,정보없음,https://imgauto-phinf.pstatic.net/20130928_32/auto_1380295203663P4Nsz_PNG/20130928002001_TBqqUGGP.png?type=f567_410,AC3상,AC완속(7핀),gray,white,black,,,,FALSE,/assets/images/eccar/samsung/sm3ze/main.jpg,/assets/images/eccar/samsung/sm3ze/charging.jpg,/assets/images/eccar/samsung/sm3ze/1.jpg,/assets/images/eccar/samsung/sm3ze/2.jpg,/assets/images/eccar/samsung/sm3ze/3.jpg,/assets/images/eccar/samsung/sm3ze/4.jpg,/assets/images/eccar/samsung/sm3ze/5.jpg,/assets/images/eccar/samsung/sm3ze/6.jpg,/assets/images/eccar/samsung/sm3ze/7.jpg,/assets/images/eccar/samsung/sm3ze/8.jpg,/assets/images/eccar/samsung/sm3ze/9.jpg,/assets/images/eccar/samsung/sm3ze/10.jpg,,,,,,,HELLO TOMORROW 100% 전기의 힘으로 내일을 향해 달리다. 르노삼성자동차의 e-Technology가 100% 에코 드라이빙을 선사합니다.,FALSE,https://www.youtube.com/embed/rg-I6JbjArE,
2019 쏘울 부스터 EV 프레스티지,2019,쏘울 부스터 EV,프레스티지,기아,4630,전기,자동5.4km/kWh(정보없음),5인승,전륜구동,자동,386km,64.0kWh,150.0Kw,395.0Nm,정보없음,4195mm,1800mm,1605mm,2600mm,1565mm,1572mm,1555kg,215mm/55/17inch,215mm/55/17inch,맥퍼슨스트럿,멀티링크,V디스크,디스크,랙앤피니언,https://imgauto-phinf.pstatic.net/20190114_2/auto_1547455104187G6Edv_PNG/20190114173822_vzZONH7N.png?type=f508_367,DC차데모,AC완속(5핀),blue,gray,red,white,yellow,,FALSE,/assets/images/eccar/kia/soulbooster/main.jpg,/assets/images/eccar/kia/soulbooster/charging.jpg,/assets/images/eccar/kia/soulbooster/1.jpg,/assets/images/eccar/kia/soulbooster/2.jpg,/assets/images/eccar/kia/soulbooster/3.jpg,/assets/images/eccar/kia/soulbooster/4.jpg,/assets/images/eccar/kia/soulbooster/5.jpg,/assets/images/eccar/kia/soulbooster/6.jpg,/assets/images/eccar/kia/soulbooster/7.jpg,/assets/images/eccar/kia/soulbooster/8.jpg,/assets/images/eccar/kia/soulbooster/9.jpg,/assets/images/eccar/kia/soulbooster/10.jpg,/assets/images/eccar/kia/soulbooster/11.jpg,/assets/images/eccar/kia/soulbooster/12.jpg,/assets/images/eccar/kia/soulbooster/13.jpg,/assets/images/eccar/kia/soulbooster/14.jpg,/assets/images/eccar/kia/soulbooster/15.jpg,,2021 Soul EV 1회 충전 주행거리 386km의 효율적인 쏘울로 더 즐거운 EV라이프,FALSE,https://www.youtube.com/embed/MN2bgchVlv8,
2019 쏘울 부스터 EV 노블레스,2019,쏘울 부스터 EV,노블레스,기아,4830,전기,자동5.4km/kWh(정보없음),5인승,전륜구동,자동,386km,64.0kWh,150.0Kw,395.0Nm,정보없음,4195mm,1800mm,1605mm,2600mm,1565mm,1572mm,1695kg,215mm/55/17inch,215mm/55/17inch,맥퍼슨스트럿,멀티링크,V디스크,디스크,랙앤피니언,https://imgauto-phinf.pstatic.net/20190114_2/auto_1547455104187G6Edv_PNG/20190114173822_vzZONH7N.png?type=f508_367,DC차데모,AC완속(5핀),blue,gray,red,white,yellow,,FALSE,/assets/images/eccar/kia/soulbooster/main.jpg,/assets/images/eccar/kia/soulbooster/charging.jpg,/assets/images/eccar/kia/soulbooster/1.jpg,/assets/images/eccar/kia/soulbooster/2.jpg,/assets/images/eccar/kia/soulbooster/3.jpg,/assets/images/eccar/kia/soulbooster/4.jpg,/assets/images/eccar/kia/soulbooster/5.jpg,/assets/images/eccar/kia/soulbooster/6.jpg,/assets/images/eccar/kia/soulbooster/7.jpg,/assets/images/eccar/kia/soulbooster/8.jpg,/assets/images/eccar/kia/soulbooster/9.jpg,/assets/images/eccar/kia/soulbooster/10.jpg,/assets/images/eccar/kia/soulbooster/11.jpg,/assets/images/eccar/kia/soulbooster/12.jpg,/assets/images/eccar/kia/soulbooster/13.jpg,/assets/images/eccar/kia/soulbooster/14.jpg,/assets/images/eccar/kia/soulbooster/15.jpg,,2021 Soul EV 1회 충전 주행거리 386km의 효율적인 쏘울로 더 즐거운 EV라이프,FALSE,https://www.youtube.com/embed/MN2bgchVlv8,
2018 쏘울 EV,2018,쏘울 EV,EV,기아,4280,전기,자동5.2km/kWh(정보없음),5인승,전륜구동,자동,180km,30.0kWh,81.4Kw,285.0Nm,정보없음,4140mm,1800mm,1600mm,2570mm,1576mm,1585mm,1530kg,205mm/60/16inch,205mm/60/16inch,맥퍼슨스트럿,토션빔,디스크,디스크,랙앤피니언,https://imgauto-phinf.pstatic.net/20150528_251/auto_1432778015584Y3bFM_PNG/20150528105313_YbS3NpCN.png?type=f508_367,DC차데모,AC완속(5핀),white,,,,,,FALSE,/assets/images/eccar/kia/soulbooster/main.jpg,/assets/images/eccar/kia/soulbooster/charging.jpg,/assets/images/eccar/kia/soulbooster/1.jpg,/assets/images/eccar/kia/soulbooster/2.jpg,/assets/images/eccar/kia/soulbooster/3.jpg,/assets/images/eccar/kia/soulbooster/4.jpg,/assets/images/eccar/kia/soulbooster/5.jpg,/assets/images/eccar/kia/soulbooster/6.jpg,/assets/images/eccar/kia/soulbooster/7.jpg,/assets/images/eccar/kia/soulbooster/8.jpg,/assets/images/eccar/kia/soulbooster/9.jpg,/assets/images/eccar/kia/soulbooster/10.jpg,/assets/images/eccar/kia/soulbooster/11.jpg,/assets/images/eccar/kia/soulbooster/12.jpg,/assets/images/eccar/kia/soulbooster/13.jpg,/assets/images/eccar/kia/soulbooster/14.jpg,/assets/images/eccar/kia/soulbooster/15.jpg,,2021 Soul EV 1회 충전 주행거리 386km의 효율적인 쏘울로 더 즐거운 EV라이프,FALSE,https://www.youtube.com/embed/6bMwa_JVtYs,
2015 쏘울 EV,2015,쏘울 EV,EV,기아,4275,전기,자동5.0km/kWh(정보없음),5인승,전륜구동,자동,148km,27.0kWh,81.4Kw,285.0Nm,정보없음,4140mm,1800mm,1600mm,2570mm,1576mm,1585mm,1508kg,205mm/60/16inch,205mm/60/16inch,맥퍼슨스트럿,토션빔,디스크,디스크,랙앤피니언,https://imgauto-phinf.pstatic.net/20150528_251/auto_1432778015584Y3bFM_PNG/20150528105313_YbS3NpCN.png?type=f508_367,DC차데모,AC완속(5핀),white,,,,,,FALSE,/assets/images/eccar/kia/soulbooster/main.jpg,/assets/images/eccar/kia/soulbooster/charging.jpg,/assets/images/eccar/kia/soulbooster/1.jpg,/assets/images/eccar/kia/soulbooster/2.jpg,/assets/images/eccar/kia/soulbooster/3.jpg,/assets/images/eccar/kia/soulbooster/4.jpg,/assets/images/eccar/kia/soulbooster/5.jpg,/assets/images/eccar/kia/soulbooster/6.jpg,/assets/images/eccar/kia/soulbooster/7.jpg,/assets/images/eccar/kia/soulbooster/8.jpg,/assets/images/eccar/kia/soulbooster/9.jpg,/assets/images/eccar/kia/soulbooster/10.jpg,/assets/images/eccar/kia/soulbooster/11.jpg,/assets/images/eccar/kia/soulbooster/12.jpg,/assets/images/eccar/kia/soulbooster/13.jpg,/assets/images/eccar/kia/soulbooster/14.jpg,/assets/images/eccar/kia/soulbooster/15.jpg,,2021 Soul EV 1회 충전 주행거리 386km의 효율적인 쏘울로 더 즐거운 EV라이프,FALSE,https://www.youtube.com/embed/6bMwa_JVtYs,
2014 쏘울 EV,2014,쏘울 EV,EV,기아,4250,전기,자동5.0km/kWh(정보없음),5인승,전륜구동,정보없음,148km,27.0kWh,81.4Kw,285.0Nm,12.0초,4140mm,1800mm,1600mm,2570mm,1576mm,1585mm,1508kg,206mm/60/16inch,206mm/60/16inch,맥퍼슨스트럿,토션빔,디스크,디스크,랙앤피니언,https://imgauto-phinf.pstatic.net/20140410_168/auto_1397105689801YeYST_PNG/20140410135446_jAc8qz2i.png?type=f508_367,DC차데모,AC완속(5핀),white,,,,,,FALSE,/assets/images/eccar/kia/soulbooster/main.jpg,/assets/images/eccar/kia/soulbooster/charging.jpg,/assets/images/eccar/kia/soulbooster/1.jpg,/assets/images/eccar/kia/soulbooster/2.jpg,/assets/images/eccar/kia/soulbooster/3.jpg,/assets/images/eccar/kia/soulbooster/4.jpg,/assets/images/eccar/kia/soulbooster/5.jpg,/assets/images/eccar/kia/soulbooster/6.jpg,/assets/images/eccar/kia/soulbooster/7.jpg,/assets/images/eccar/kia/soulbooster/8.jpg,/assets/images/eccar/kia/soulbooster/9.jpg,/assets/images/eccar/kia/soulbooster/10.jpg,/assets/images/eccar/kia/soulbooster/11.jpg,/assets/images/eccar/kia/soulbooster/12.jpg,/assets/images/eccar/kia/soulbooster/13.jpg,/assets/images/eccar/kia/soulbooster/14.jpg,/assets/images/eccar/kia/soulbooster/15.jpg,,2021 Soul EV 1회 충전 주행거리 386km의 효율적인 쏘울로 더 즐거운 EV라이프,FALSE,https://www.youtube.com/embed/6bMwa_JVtYs,
2019 쉐보레 볼트  EV LT 디럭스,2019,볼트 EV, EV LT 디럭스,쉐보레(GM대우),4693,전기,자동5.5km/kWh(정보없음),5인승,전륜구동,자동1단,383km,60.0kWh,150.0Kw,360.0Nm,정보없음,4165mm,1765mm,1610mm,2600mm,1507mm,1516mm,1620kg,215mm/50/17inch,215mm/50/17inch,맥퍼슨스트럿,토션빔,디스크,디스크,랙앤피니언,https://imgauto-phinf.pstatic.net/20190527_46/auto_1558936355161td9B0_PNG/20190527145232_Q5UHVKPu.png?type=f508_367,DC콤보,AC완속(5핀),red,black,white,gray,blue,,FALSE,/assets/images/eccar/chevrolet/bolt/main.jpg,/assets/images/eccar/chevrolet/bolt/charging.jpg,/assets/images/eccar/chevrolet/bolt/charging2.jpg,/assets/images/eccar/chevrolet/bolt/1.jpg,/assets/images/eccar/chevrolet/bolt/2.jpg,/assets/images/eccar/chevrolet/bolt/3.jpg,/assets/images/eccar/chevrolet/bolt/4.jpg,/assets/images/eccar/chevrolet/bolt/5.jpg,/assets/images/eccar/chevrolet/bolt/6.jpg,/assets/images/eccar/chevrolet/bolt/7.jpg,/assets/images/eccar/chevrolet/bolt/8.jpg,/assets/images/eccar/chevrolet/bolt/9.jpg,/assets/images/eccar/chevrolet/bolt/10.jpg,,,,,,"태생부터 순수 전기차, BOLT EV",FALSE,https://www.youtube.com/embed/NriLUfaWdMw,
2019 쉐보레 볼트  EV 프리미어,2019,볼트 EV, EV 프리미어,쉐보레(GM대우),4814,전기,자동5.5km/kWh(정보없음),5인승,전륜구동,자동1단,383km,60.0kWh,150.0Kw,360.0Nm,정보없음,4165mm,1765mm,1610mm,2600mm,1507mm,1516mm,1620kg,215mm/50/17inch,215mm/50/17inch,맥퍼슨스트럿,토션빔,디스크,디스크,랙앤피니언,https://imgauto-phinf.pstatic.net/20190527_46/auto_1558936355161td9B0_PNG/20190527145232_Q5UHVKPu.png?type=f508_367,DC콤보,AC완속(5핀),red,black,white,gray,blue,,FALSE,/assets/images/eccar/chevrolet/bolt/main.jpg,/assets/images/eccar/chevrolet/bolt/charging.jpg,/assets/images/eccar/chevrolet/bolt/charging2.jpg,/assets/images/eccar/chevrolet/bolt/1.jpg,/assets/images/eccar/chevrolet/bolt/2.jpg,/assets/images/eccar/chevrolet/bolt/3.jpg,/assets/images/eccar/chevrolet/bolt/4.jpg,/assets/images/eccar/chevrolet/bolt/5.jpg,/assets/images/eccar/chevrolet/bolt/6.jpg,/assets/images/eccar/chevrolet/bolt/7.jpg,/assets/images/eccar/chevrolet/bolt/8.jpg,/assets/images/eccar/chevrolet/bolt/9.jpg,/assets/images/eccar/chevrolet/bolt/10.jpg,,,,,,"태생부터 순수 전기차, BOLT EV",FALSE,https://www.youtube.com/embed/NriLUfaWdMw,
2018 쉐보레 볼트 EV,2018,볼트 EV, EV,쉐보레(GM대우),4593,전기,자동5.5km/kWh(정보없음),5인승,전륜구동,자동1단,383km,60.0kWh,150.0Kw,360.0Nm,정보없음,4165mm,1765mm,1610mm,2600mm,1507mm,1516mm,1620kg,215mm/50/17inch,215mm/50/17inch,맥퍼슨스트럿,토션빔,디스크,디스크,랙앤피니언,https://imgauto-phinf.pstatic.net/20180115_106/auto_1515995975424OiOXM_PNG/20180115145929_TIZex9ok.png?type=f508_367,DC콤보,AC완속(5핀),red,black,white,gray,blue,,FALSE,/assets/images/eccar/chevrolet/bolt/main.jpg,/assets/images/eccar/chevrolet/bolt/charging.jpg,/assets/images/eccar/chevrolet/bolt/charging2.jpg,/assets/images/eccar/chevrolet/bolt/1.jpg,/assets/images/eccar/chevrolet/bolt/2.jpg,/assets/images/eccar/chevrolet/bolt/3.jpg,/assets/images/eccar/chevrolet/bolt/4.jpg,/assets/images/eccar/chevrolet/bolt/5.jpg,/assets/images/eccar/chevrolet/bolt/6.jpg,/assets/images/eccar/chevrolet/bolt/7.jpg,/assets/images/eccar/chevrolet/bolt/8.jpg,/assets/images/eccar/chevrolet/bolt/9.jpg,/assets/images/eccar/chevrolet/bolt/10.jpg,,,,,,"태생부터 순수 전기차, BOLT EV",FALSE,https://www.youtube.com/embed/NriLUfaWdMw,
2018 쉐보레 볼트  EV LT 디럭스,2018,볼트 EV, EV LT 디럭스,쉐보레(GM대우),4693,전기,자동5.5km/kWh(정보없음),5인승,전륜구동,자동1단,383km,60.0kWh,150.0Kw,360.0Nm,정보없음,4165mm,1765mm,1610mm,2600mm,1507mm,1516mm,1620kg,215mm/50/17inch,215mm/50/17inch,맥퍼슨스트럿,토션빔,디스크,디스크,랙앤피니언,https://imgauto-phinf.pstatic.net/20180115_106/auto_1515995975424OiOXM_PNG/20180115145929_TIZex9ok.png?type=f508_367,DC콤보,AC완속(5핀),red,black,white,gray,blue,,FALSE,/assets/images/eccar/chevrolet/bolt/main.jpg,/assets/images/eccar/chevrolet/bolt/charging.jpg,/assets/images/eccar/chevrolet/bolt/charging2.jpg,/assets/images/eccar/chevrolet/bolt/1.jpg,/assets/images/eccar/chevrolet/bolt/2.jpg,/assets/images/eccar/chevrolet/bolt/3.jpg,/assets/images/eccar/chevrolet/bolt/4.jpg,/assets/images/eccar/chevrolet/bolt/5.jpg,/assets/images/eccar/chevrolet/bolt/6.jpg,/assets/images/eccar/chevrolet/bolt/7.jpg,/assets/images/eccar/chevrolet/bolt/8.jpg,/assets/images/eccar/chevrolet/bolt/9.jpg,/assets/images/eccar/chevrolet/bolt/10.jpg,,,,,,"태생부터 순수 전기차, BOLT EV",FALSE,https://www.youtube.com/embed/NriLUfaWdMw,
2018 쉐보레 볼트  EV 프리미어,2018,볼트 EV, EV 프리미어,쉐보레(GM대우),4814,전기,자동5.5km/kWh(정보없음),5인승,전륜구동,자동1단,383km,60.0kWh,150.0Kw,360.0Nm,정보없음,4165mm,1765mm,1610mm,2600mm,1507mm,1516mm,1620kg,215mm/50/17inch,215mm/50/17inch,맥퍼슨스트럿,토션빔,디스크,디스크,랙앤피니언,https://imgauto-phinf.pstatic.net/20180115_106/auto_1515995975424OiOXM_PNG/20180115145929_TIZex9ok.png?type=f508_367,DC콤보,AC완속(5핀),red,black,white,gray,blue,,FALSE,/assets/images/eccar/chevrolet/bolt/main.jpg,/assets/images/eccar/chevrolet/bolt/charging.jpg,/assets/images/eccar/chevrolet/bolt/charging2.jpg,/assets/images/eccar/chevrolet/bolt/1.jpg,/assets/images/eccar/chevrolet/bolt/2.jpg,/assets/images/eccar/chevrolet/bolt/3.jpg,/assets/images/eccar/chevrolet/bolt/4.jpg,/assets/images/eccar/chevrolet/bolt/5.jpg,/assets/images/eccar/chevrolet/bolt/6.jpg,/assets/images/eccar/chevrolet/bolt/7.jpg,/assets/images/eccar/chevrolet/bolt/8.jpg,/assets/images/eccar/chevrolet/bolt/9.jpg,/assets/images/eccar/chevrolet/bolt/10.jpg,,,,,,"태생부터 순수 전기차, BOLT EV",FALSE,https://www.youtube.com/embed/NriLUfaWdMw,
2016 쉐보레 스파크  EV ,2016,스파크 EV, EV,쉐보레(GM대우),3990,전기,자동6.0km/kWh(정보없음),5인승,전륜구동,자동,128km,18.3kWh,105.0Kw,563.0Nm,8.1초,"3,720mm","1,630mm","1,520mm","2,375mm","1,410mm","1,390mm","1,240kg",195mm/55/15inch,195mm/55/15inch,맥퍼슨스트럿,토션빔,디스크,디스크,정보없음,https://imgauto-phinf.pstatic.net/20170209_92/auto_1486618819477kxAJm_PNG/20170209144017_efZuXVMD.png?type=f508_367,DC콤보,AC완속(5핀),blue,,,,,,FALSE,/assets/images/eccar/chevrolet/bolt/main.jpg,/assets/images/eccar/chevrolet/bolt/charging.jpg,/assets/images/eccar/chevrolet/bolt/charging2.jpg,/assets/images/eccar/chevrolet/bolt/1.jpg,/assets/images/eccar/chevrolet/bolt/2.jpg,/assets/images/eccar/chevrolet/bolt/3.jpg,/assets/images/eccar/chevrolet/bolt/4.jpg,/assets/images/eccar/chevrolet/bolt/5.jpg,/assets/images/eccar/chevrolet/bolt/6.jpg,/assets/images/eccar/chevrolet/bolt/7.jpg,/assets/images/eccar/chevrolet/bolt/8.jpg,/assets/images/eccar/chevrolet/bolt/9.jpg,/assets/images/eccar/chevrolet/bolt/10.jpg,,,,,,"사랑받는 경차의 세계 공통어,SPARK",FALSE,https://www.youtube.com/embed/_uHwYsexULI,
2018 아이오닉 일렉트릭 N,2018,아이오닉 일렉트릭,N,현대,3915,전기,자동6.3km/kWh(정보없음),5인승,전륜구동,자동1단,200km,28.0kWh,88.0Kw,295.0Nm,정보없음,"4,470mm","1,820mm","1,450mm","2,700mm","1,555mm","1,564mm","1,430kg",205mm/55/16inch,205mm/55/16inch,맥퍼슨스트럿,토션빔,디스크,디스크,랙앤피니언,https://imgauto-phinf.pstatic.net/20180321_106/auto_1521603179258kMKAg_PNG/20180321123222_VYSFoBhu.png?type=f508_367,DC콤보,AC완속(5핀),black,white,gray,blue,,,FALSE,/assets/images/eccar/hyundai/ioniq/main.jpg,/assets/images/eccar/hyundai/ioniq/charging1.jpg,/assets/images/eccar/hyundai/ioniq/charging2.jpg,/assets/images/eccar/hyundai/ioniq/charging3.jpg,/assets/images/eccar/hyundai/ioniq/1.jpg,/assets/images/eccar/hyundai/ioniq/2.jpg,/assets/images/eccar/hyundai/ioniq/3.jpg,/assets/images/eccar/hyundai/ioniq/4.jpg,/assets/images/eccar/hyundai/ioniq/5.jpg,/assets/images/eccar/hyundai/ioniq/6.jpg,/assets/images/eccar/hyundai/ioniq/7.jpg,/assets/images/eccar/hyundai/ioniq/8.jpg,/assets/images/eccar/hyundai/ioniq/9.jpg,/assets/images/eccar/hyundai/ioniq/10.jpg,/assets/images/eccar/hyundai/ioniq/11.jpg,,,,"IONIQ Electric 도시를 가장 잘 이해하는 전기차의 기준 쉴 틈 없이 움직이는 활동적인 사람에게도, 꼼꼼히 따지는 영리한 사람에게도, 도시에 최적화된 아이오닉 일렉트릭은 가장 합리적인 선택지를 제공합니다.",FALSE,https://www.youtube.com/embed/gq94T4oardY,
2018 아이오닉 일렉트릭 Q,2018,아이오닉 일렉트릭,Q,현대,4215,전기,자동6.3km/kWh(정보없음),5인승,전륜구동,자동1단,200km,28.0kWh,88.0Kw,295.0Nm,정보없음,"4,470mm","1,820mm","1,450mm","2,700mm","1,555mm","1,564mm","1,430kg",205mm/55/16inch,205mm/55/16inch,맥퍼슨스트럿,토션빔,디스크,디스크,랙앤피니언,https://imgauto-phinf.pstatic.net/20180321_106/auto_1521603179258kMKAg_PNG/20180321123222_VYSFoBhu.png?type=f508_367,DC콤보,AC완속(5핀),black,white,gray,blue,,,FALSE,/assets/images/eccar/hyundai/ioniq/main.jpg,/assets/images/eccar/hyundai/ioniq/charging1.jpg,/assets/images/eccar/hyundai/ioniq/charging2.jpg,/assets/images/eccar/hyundai/ioniq/charging3.jpg,/assets/images/eccar/hyundai/ioniq/1.jpg,/assets/images/eccar/hyundai/ioniq/2.jpg,/assets/images/eccar/hyundai/ioniq/3.jpg,/assets/images/eccar/hyundai/ioniq/4.jpg,/assets/images/eccar/hyundai/ioniq/5.jpg,/assets/images/eccar/hyundai/ioniq/6.jpg,/assets/images/eccar/hyundai/ioniq/7.jpg,/assets/images/eccar/hyundai/ioniq/8.jpg,/assets/images/eccar/hyundai/ioniq/9.jpg,/assets/images/eccar/hyundai/ioniq/10.jpg,/assets/images/eccar/hyundai/ioniq/11.jpg,,,,"IONIQ Electric 도시를 가장 잘 이해하는 전기차의 기준 쉴 틈 없이 움직이는 활동적인 사람에게도, 꼼꼼히 따지는 영리한 사람에게도, 도시에 최적화된 아이오닉 일렉트릭은 가장 합리적인 선택지를 제공합니다.",FALSE,https://www.youtube.com/embed/gq94T4oardY,
2017 아이오닉 일렉트릭 I,2017,아이오닉 일렉트릭,I,현대,3840,전기,자동6.3km/kWh(정보없음),5인승,전륜구동,자동1단,191km,28.0kWh,88.0Kw,295.0Nm,10.2초,"4,470mm","1,820mm","1,450mm","2,700mm","1,549mm","1,563mm","1,445kg",205mm/55/16inch,205mm/55/16inch,맥퍼슨스트럿,토션빔,디스크,디스크,랙앤피니언,https://imgauto-phinf.pstatic.net/20160224_289/auto_1456290606803snlTi_PNG/20160224141000_v2YFsJeZ.png?type=f508_367,DC콤보,AC완속(5핀),black,white,gray,blue,,,FALSE,/assets/images/eccar/hyundai/ioniq/main.jpg,/assets/images/eccar/hyundai/ioniq/charging1.jpg,/assets/images/eccar/hyundai/ioniq/charging2.jpg,/assets/images/eccar/hyundai/ioniq/charging3.jpg,/assets/images/eccar/hyundai/ioniq/1.jpg,/assets/images/eccar/hyundai/ioniq/2.jpg,/assets/images/eccar/hyundai/ioniq/3.jpg,/assets/images/eccar/hyundai/ioniq/4.jpg,/assets/images/eccar/hyundai/ioniq/5.jpg,/assets/images/eccar/hyundai/ioniq/6.jpg,/assets/images/eccar/hyundai/ioniq/7.jpg,/assets/images/eccar/hyundai/ioniq/8.jpg,/assets/images/eccar/hyundai/ioniq/9.jpg,/assets/images/eccar/hyundai/ioniq/10.jpg,/assets/images/eccar/hyundai/ioniq/11.jpg,,,,"IONIQ Electric 도시를 가장 잘 이해하는 전기차의 기준 쉴 틈 없이 움직이는 활동적인 사람에게도, 꼼꼼히 따지는 영리한 사람에게도, 도시에 최적화된 아이오닉 일렉트릭은 가장 합리적인 선택지를 제공합니다.",FALSE,https://www.youtube.com/embed/gq94T4oardY,
2017 아이오닉 일렉트릭 N,2017,아이오닉 일렉트릭,N,현대,4000,전기,자동6.3km/kWh(정보없음),5인승,전륜구동,자동1단,191km,28.0kWh,88.0Kw,295.0Nm,10.2초,"4,470mm","1,820mm","1,450mm","2,700mm","1,549mm","1,563mm","1,445kg",205mm/55/16inch,205mm/55/16inch,맥퍼슨스트럿,토션빔,디스크,디스크,랙앤피니언,https://imgauto-phinf.pstatic.net/20160224_289/auto_1456290606803snlTi_PNG/20160224141000_v2YFsJeZ.png?type=f508_367,DC콤보,AC완속(5핀),black,white,gray,blue,,,FALSE,/assets/images/eccar/hyundai/ioniq/main.jpg,/assets/images/eccar/hyundai/ioniq/charging1.jpg,/assets/images/eccar/hyundai/ioniq/charging2.jpg,/assets/images/eccar/hyundai/ioniq/charging3.jpg,/assets/images/eccar/hyundai/ioniq/1.jpg,/assets/images/eccar/hyundai/ioniq/2.jpg,/assets/images/eccar/hyundai/ioniq/3.jpg,/assets/images/eccar/hyundai/ioniq/4.jpg,/assets/images/eccar/hyundai/ioniq/5.jpg,/assets/images/eccar/hyundai/ioniq/6.jpg,/assets/images/eccar/hyundai/ioniq/7.jpg,/assets/images/eccar/hyundai/ioniq/8.jpg,/assets/images/eccar/hyundai/ioniq/9.jpg,/assets/images/eccar/hyundai/ioniq/10.jpg,/assets/images/eccar/hyundai/ioniq/11.jpg,,,,"IONIQ Electric 도시를 가장 잘 이해하는 전기차의 기준 쉴 틈 없이 움직이는 활동적인 사람에게도, 꼼꼼히 따지는 영리한 사람에게도, 도시에 최적화된 아이오닉 일렉트릭은 가장 합리적인 선택지를 제공합니다.",FALSE,https://www.youtube.com/embed/gq94T4oardY,
2017 아이오닉 일렉트릭 Q,2017,아이오닉 일렉트릭,Q,현대,4300,전기,자동6.3km/kWh(정보없음),5인승,전륜구동,자동1단,191km,28.0kWh,88.0Kw,295.0Nm,10.2초,"4,470mm","1,820mm","1,450mm","2,700mm","1,549mm","1,563mm","1,445kg",205mm/55/16inch,205mm/55/16inch,맥퍼슨스트럿,토션빔,디스크,디스크,랙앤피니언,https://imgauto-phinf.pstatic.net/20160224_289/auto_1456290606803snlTi_PNG/20160224141000_v2YFsJeZ.png?type=f508_367,DC콤보,AC완속(5핀),black,white,gray,blue,,,FALSE,/assets/images/eccar/hyundai/ioniq/main.jpg,/assets/images/eccar/hyundai/ioniq/charging1.jpg,/assets/images/eccar/hyundai/ioniq/charging2.jpg,/assets/images/eccar/hyundai/ioniq/charging3.jpg,/assets/images/eccar/hyundai/ioniq/1.jpg,/assets/images/eccar/hyundai/ioniq/2.jpg,/assets/images/eccar/hyundai/ioniq/3.jpg,/assets/images/eccar/hyundai/ioniq/4.jpg,/assets/images/eccar/hyundai/ioniq/5.jpg,/assets/images/eccar/hyundai/ioniq/6.jpg,/assets/images/eccar/hyundai/ioniq/7.jpg,/assets/images/eccar/hyundai/ioniq/8.jpg,/assets/images/eccar/hyundai/ioniq/9.jpg,/assets/images/eccar/hyundai/ioniq/10.jpg,/assets/images/eccar/hyundai/ioniq/11.jpg,,,,"IONIQ Electric 도시를 가장 잘 이해하는 전기차의 기준 쉴 틈 없이 움직이는 활동적인 사람에게도, 꼼꼼히 따지는 영리한 사람에게도, 도시에 최적화된 아이오닉 일렉트릭은 가장 합리적인 선택지를 제공합니다.",FALSE,https://www.youtube.com/embed/gq94T4oardY,
2021 피아트 500e,2021,피아트 500e,1.0 HEV,피아트 ,4190,전기,정보없음,2인승,전륜구동,자동,320km,정보없음,87.0Kw,150km/h,9.0초,"3,630mm","1,690mm","1,510mm","2,320mm",정보없음,정보없음,정보없음,185mm/55/15inch,185mm/55/15inch,맥퍼슨스트럿,토션빔 액슬,V디스크,디스크,랙앤피니언,https://imgauto-phinf.pstatic.net/20200303_23/auto_15832151093571iozu_PNG/20200303145826_aTs1EnrH.png?type=f567_410,DC콤보,AC완속(5핀),black,white,gray,orange,,,TRUE,/assets/images/eccar/flatusa/500e/main.jpg,/assets/images/eccar/flatusa/500e/1.jpg,/assets/images/eccar/flatusa/500e/2.jpg,/assets/images/eccar/flatusa/500e/3.jpg,/assets/images/eccar/flatusa/500e/4.jpg,/assets/images/eccar/flatusa/500e/5.jpg,/assets/images/eccar/flatusa/500e/6.jpg,/assets/images/eccar/flatusa/500e/7.jpg,/assets/images/eccar/flatusa/500e/8.jpg,/assets/images/eccar/flatusa/500e/9.jpg,/assets/images/eccar/flatusa/500e/10.jpg,,,,,,,,"가장 아이코닉한 전기차, 피아트 500e",TRUE,https://www.youtube.com/embed/pVBAzeu-HZg,210521
2020 포르쉐 타이칸,2020,포르쉐 타이칸,타이칸 터보,포르쉐,19200,전기,2.7 km/kWh (정보없음),4인승,풀타임 4륜구동,정보없음,450km,정보없음,500.0Kw,260km/h,3.2초,"4,963mm","1,966mm","1,381mm","2,900mm","1,702mm","1,667mm","2,305kg",245mm/45/20inch,285mm/45/20inch,더블 위시본,멀티링크,V디스크,V디스크,랙앤피니언,https://imgauto-phinf.pstatic.net/20190905_253/auto_1567660919646RrwKu_PNG/20190905142156_L40NFyh8.png?type=f567_410,DC콤보,AC완속(5핀),black,white,gray,blue,red,green,TRUE,/assets/images/eccar/porsche/taycan/main.jpg,/assets/images/eccar/porsche/taycan/charging1.jpg,/assets/images/eccar/porsche/taycan/charging2.jpg,/assets/images/eccar/porsche/taycan/charging3.jpg,/assets/images/eccar/porsche/taycan/1.jpg,/assets/images/eccar/porsche/taycan/2.jpg,/assets/images/eccar/porsche/taycan/3.jpg,/assets/images/eccar/porsche/taycan/4.jpg,/assets/images/eccar/porsche/taycan/5.jpg,/assets/images/eccar/porsche/taycan/6.jpg,/assets/images/eccar/porsche/taycan/7.jpg,/assets/images/eccar/porsche/taycan/8.jpg,/assets/images/eccar/porsche/taycan/9.jpg,/assets/images/eccar/porsche/taycan/10.jpg,/assets/images/eccar/porsche/taycan/11.jpg,/assets/images/eccar/porsche/taycan/12.jpg,/assets/images/eccar/porsche/taycan/13.jpg,,"심장은 전기, 영혼은 포르쉐",TRUE,https://www.youtube.com/embed/ZUIHJ0ihUCQ,200823
