전기차 아이디,이름,연형,모델명,트림,브랜드,가격,엔진형식,과급방식,배기량,연료,연비(등급),승차인원,구동방식,변속기,1회 충전 주행가능거리,에너지용량,모터최대출력,모터최대토크 ,가속성능(0-100 km/h),CO²배출량,전장,전폭,전고,축거,윤거전,윤거후,공차중량,전륜타이어,후륜타이어,전륜서스펜션,후륜서스펜션,전륜제동장치,후륜제동장치,스티어링,사진,급속충전,완속충전,색상,단종
1,2019 테슬라 모델3 RWD,2019,모델3,RWD,테슬라,"5,369",정보없음,정보없음,정보없음,전기,정보없음,5인승,후륜구동,자동1단,352km,50.0kWh,175.0Kw,375.0Nm,5.6초,정보없음,4694mm,1849mm,1443mm,2875mm,1580mm,1580mm,1645kg,정보없음/정보없음/18inch,정보없음/정보없음/18inch,더블위시본,멀티링크,디스크,디스크,랙앤피니언,https://imgauto-phinf.pstatic.net/20200205_218/auto_1580892688565gVui9_PNG/20200205175126_tJ5cbvuq.png?type=f567_410,DC콤보(급속),AC완속(7핀),"흰, 검, 회, 파, 빨",0
2,2019 테슬라 모델3 AWD Long Range,2019,모델3,AWD Long Range,테슬라,"6,369",정보없음,정보없음,정보없음,전기,정보없음,5인승,풀타임 4륜구동,자동1단,415km,75.0kWh,233.0Kw,527.0Nm,3.4초,정보없음,4694mm,1849mm,1443mm,2875mm,1580mm,1580mm,1645kg,정보없음/정보없음/18inch,정보없음/정보없음/18inch,더블위시본,멀티링크,디스크,디스크,랙앤피니언,https://imgauto-phinf.pstatic.net/20200205_218/auto_1580892688565gVui9_PNG/20200205175126_tJ5cbvuq.png?type=f567_411,DC콤보(급속),AC완속(7핀),"흰, 검, 회, 파, 빨",0
3,2020 테슬라 모델3 AWD Performance,2019,모델3,AWD Performance,테슬라,"7,369",정보없음,정보없음,정보없음,전기,정보없음,5인승,풀타임 4륜구동,자동1단,446km,75.0kWh,261.0Kw,639.0Nm,4.6초,정보없음,4694mm,1849mm,1443mm,2875mm,1580mm,1580mm,1847kg,정보없음/정보없음/20inch,정보없음/정보없음/20inch,더블위시본,멀티링크,디스크,디스크,랙앤피니언,https://imgauto-phinf.pstatic.net/20200205_218/auto_1580892688565gVui9_PNG/20200205175126_tJ5cbvuq.png?type=f567_412,DC콤보(급속),AC완속(7핀),"흰, 검, 회, 파, 빨",0
4,2020 아우디 e-트론 55 quattro A/T,2020,e-트론,55 quattro A/T,아우디,"11,700",정보없음,정보없음,정보없음,전기,자동3.0km/kWh(하이브리드),5인승,풀타임4륜구동,자동,307km,95.0kWh,265.0Kw,561.0Nm,6.6초,정보없음,4900mm,1935mm,1685mm,2928mm,1651mm,1651mm,2615kg,255mm/50/20inch,255mm/50/20inch,멀티링크,멀티링크,V디스크,V디스크,랙앤피니언,https://imgauto-phinf.pstatic.net/20200701_162/auto_1593563668559Simnf_PNG/20200701093417_ZvaBdr1H.png?type=f567_410,DC콤보(급속),AC완속(5핀),파,0
5,2019 테슬라 모델X AWD Long Range,2019,모델X,AWD Long Range,테슬라,"11,599",정보없음,정보없음,정보없음,전기,CVT3.4km/kWh(정보없음),7인승,풀타임4륜구동,자동(CVT),421km,100.0kWh,311.0Kw,660.0Nm,2.9초,정보없음,5050mm,2000mm,1625mm,2965mm,1661mm,1699mm,2459kg,255mm/45/20inch,275mm/45/20inch,더블위시본,멀티링크,디스크,디스크,랙앤피니언,https://imgauto-phinf.pstatic.net/20200313_16/auto_1584061921235JIJPN_PNG/20200313101159_jbAeiURL.png?type=f567_410,DC콤보(급속),AC완속(7핀),"흰, 검, 회, 파, 빨",0
6,2019 테슬라 모델X AWD Performance,2019,모델X,AWD Performance,테슬라,"13,599",정보없음,정보없음,정보없음,전기,CVT3.4km/kWh(정보없음),7인승,풀타임4륜구동,자동(CVT),438km,100.0kWh,500.0Kw,967.0Nm,4.6초,정보없음,5050mm,2000mm,1625mm,2965mm,1661mm,1699mm,2605kg,255mm/45/20inch,275mm/45/20inch,더블위시본,멀티링크,디스크,디스크,랙앤피니언,https://imgauto-phinf.pstatic.net/20200313_16/auto_1584061921235JIJPN_PNG/20200313101159_jbAeiURL.png?type=f567_410,DC콤보(급속),AC완속(7핀),"흰, 검, 회, 파, 빨",0
7,2019 테슬라 모델S 100D Long Range,2019,모델S,100D Long Range,테슬라,"10,799",정보없음,정보없음,정보없음,전기,자동4.0km/kWh(정보없음),5인승,풀타임4륜구동,자동1단,480km,100.0kWh,350.0Kw,660.0Nm,2.6초,정보없음,4979mm,1964mm,1435mm,2960mm,1662mm,1700mm,2108kg,245mm/45/19inch,245mm/45/19inch,더블위시본,멀티링크,V디스크,V디스크,랙앤피니언,https://imgauto-phinf.pstatic.net/20190829_166/auto_1567064558410mY1hy_PNG/20190829164139_tPprbkux.png?type=f567_410,DC콤보(급속),AC완속(7핀),"흰, 검, 회, 파, 빨",0
8,2019 테슬라 모델S 100D Performance,2019,모델S,100D Performance,테슬라,"13,299",정보없음,정보없음,정보없음,전기,자동4.0km/kWh(정보없음),5인승,풀타임4륜구동,자동1단,487km,100.0kWh,350.0Kw,660.0Nm,3.8초,정보없음,4979mm,1964mm,1435mm,2960mm,1662mm,1700mm,2108kg,245mm/45/19inch,245mm/45/19inch,더블위시본,멀티링크,V디스크,V디스크,랙앤피니언,https://imgauto-phinf.pstatic.net/20190829_166/auto_1567064558410mY1hy_PNG/20190829164139_tPprbkux.png?type=f567_410,DC콤보(급속),AC완속(7핀),"흰, 검, 회, 파, 빨",0
9,2020 코나 일렉트릭 모던,2020,코나 일렉트릭,모던,현대,"4,690",정보없음,정보없음,정보없음,전기,자동5.6km/kWh(정보없음),5인승,전륜구동,자동1단,406km,64.0kWh,150.0Kw,395.0Nm,정보없음,정보없음,4180mm,1800mm,1570mm,2600mm,1564mm,1575mm,1685kg,215mm/55/17inch,215mm/55/17inch,맥퍼슨스트럿,멀티링크,디스크,디스크,랙앤피니언,https://imgauto-phinf.pstatic.net/20191231_177/auto_1577777636258yDIik_PNG/20191231163211_NwVkj9NK.png?type=f567_410,DC콤보(급속),AC완속(5핀),"흰, 검, 회, 파, 빨",0
10,2020 코나 일렉트릭 프리미엄,2020,코나 일렉트릭,프리미엄,현대,"4,890",정보없음,정보없음,정보없음,전기,자동5.6km/kWh(정보없음),5인승,전륜구동,자동1단,406km,64.0kWh,150.0Kw,395.0Nm,정보없음,정보없음,4180mm,1800mm,1570mm,2600mm,1564mm,1575mm,1685kg,215mm/55/17inch,215mm/55/17inch,맥퍼슨스트럿,멀티링크,디스크,디스크,랙앤피니언,https://imgauto-phinf.pstatic.net/20191231_177/auto_1577777636258yDIik_PNG/20191231163211_NwVkj9NK.png?type=f567_410,DC콤보(급속),AC완속(5핀),"흰, 검, 회, 파, 빨",0
11,2018 코나 일렉트릭 모던,2018,코나 일렉트릭,모던,현대,"4,650",정보없음,정보없음,정보없음,전기,자동5.6km/kWh(정보없음),5인승,전륜구동,자동1단,406km,64.0kWh,150.0Kw,395.0Nm,정보없음,정보없음,4180mm,1800mm,1570mm,2600mm,1564mm,1575mm,1685kg,215mm/55/17inch,215mm/55/17inch,맥퍼슨스트럿,멀티링크,디스크,디스크,랙앤피니언,https://imgauto-phinf.pstatic.net/20190927_111/auto_1569574605133xxntg_PNG/20190927175643_lcn4NORl.png?type=f567_410,DC콤보(급속),AC완속(5핀),"흰, 검, 회, 파, 빨",1
12,2018 코나 일렉트릭 프리미엄,2018,코나 일렉트릭,프리미엄,현대,"4,850",정보없음,정보없음,정보없음,전기,자동5.6km/kWh(정보없음),5인승,전륜구동,자동1단,406km,64.0kWh,150.0Kw,395.0Nm,정보없음,정보없음,4180mm,1800mm,1570mm,2600mm,1564mm,1575mm,1685kg,215mm/55/17inch,215mm/55/17inch,맥퍼슨스트럿,멀티링크,디스크,디스크,랙앤피니언,https://imgauto-phinf.pstatic.net/20190927_111/auto_1569574605133xxntg_PNG/20190927175643_lcn4NORl.png?type=f567_410,DC콤보(급속),AC완속(5핀),"흰, 검, 회, 파, 빨",1
13,2020 푸조 e-208 EV Allure,2020,e-208,EV Allure,푸조,"4,100",정보없음,정보없음,정보없음,전기,CVT4.4km/kWh(정보없음),5인승,전륜구동,자동(CVT),244km,50.0kWh,102.0Kw,260.0Nm,정보없음,정보없음,4055mm,1745mm,1435mm,2540mm,정보없음,정보없음,1510kg,205~215mm/45~65/16~17inch,205~215mm/45~65/16~17inch,맥퍼슨스트럿,토션빔,V디스크,디스크,랙앤피니언,https://imgauto-phinf.pstatic.net/20200722_81/auto_1595379180580GNgzE_PNG/20200722095248_3qwB9Gvo.png?type=f567_410,DC콤보(급속),AC완속(5핀),노,0
14,2020 푸조 e-208 EV GT Line,2020,e-208,EV GT Line,푸조,"4,600",정보없음,정보없음,정보없음,전기,CVT4.4km/kWh(정보없음),5인승,전륜구동,자동(CVT),244km,50.0kWh,102.0Kw,260.0Nm,정보없음,정보없음,4055mm,1745mm,1435mm,2540mm,정보없음,정보없음,1510kg,205~215mm/45~65/16~17inch,205~215mm/45~65/16~17inch,맥퍼슨스트럿,토션빔,V디스크,디스크,랙앤피니언,https://imgauto-phinf.pstatic.net/20200722_81/auto_1595379180580GNgzE_PNG/20200722095248_3qwB9Gvo.png?type=f567_410,DC콤보(급속),AC완속(5핀),노,0
15,2020 벤츠 EQC 400 4MATIC,2020,EQC 400,4MATIC,벤츠,"9,550",정보없음,정보없음,정보없음,전기,자동3.2km/kWh(정보없음),5인승,풀타임4륜구동,자동,309km,80.0kWh,304.0Kw,759.0Nm,5.1초,정보없음,4770mm,1890mm,1620mm,2875mm,정보없음,정보없음,2440kg,235mm/50/20inch,255mm/45/20inch,멀티링크,멀티링크,V디스크,V디스크,랙앤피니언,https://imgauto-phinf.pstatic.net/20191021_70/auto_1571632761146O1GeB_PNG/20191021133909_GJ9DQZtf.png?type=f567_410,DC콤보(급속),AC완속(5핀),회,0
16,2020 벤츠 EQC 400 Edition 1886,2020,EQC 400,Edition 1886,벤츠,"10,140",정보없음,정보없음,정보없음,전기,자동3.2km/kWh(정보없음),5인승,풀타임4륜구동,자동,309km,80.0kWh,304.0Kw,759.0Nm,5.1초,정보없음,4770mm,1890mm,1620mm,2875mm,정보없음,정보없음,2440kg,235mm/50/20inch,255mm/45/20inch,멀티링크,멀티링크,V디스크,V디스크,랙앤피니언,https://imgauto-phinf.pstatic.net/20191021_70/auto_1571632761146O1GeB_PNG/20191021133909_GJ9DQZtf.png?type=f567_410,DC콤보(급속),AC완속(5핀),회,0
17,2020 르노 트위지 라이프(2인승),2020,트위지,라이프(2인승),르노삼성,"1,330",정보없음,정보없음,정보없음,전기,CVT7.9km/kWh(정보없음),2인승,정보없음,자동(CVT),55km,6.1kWh,12.6Kw,5.8Nm,정보없음,정보없음,2338mm,1237mm,1454mm,1686mm,1094mm,1080mm,475kg,125mm/80/13inch,145mm/80/13inch,정보없음,정보없음,정보없음,정보없음,정보없음,https://imgauto-phinf.pstatic.net/20200317_77/auto_1584430028711zbmc9_PNG/20200317162647_KFbkYOj0.png?type=f567_410,AC3상(급속),AC완속(7핀),"흰,검,오",0
18,2020 르노 트위지 인텐스(2인승),2020,트위지,인텐스(2인승),르노삼성,"1,430",정보없음,정보없음,정보없음,전기,CVT7.9km/kWh(정보없음),2인승,정보없음,자동(CVT),55km,6.1kWh,12.6Kw,5.8Nm,정보없음,정보없음,2338mm,1237mm,1454mm,1686mm,1094mm,1080mm,475kg,125mm/80/13inch,145mm/80/13inch,정보없음,정보없음,정보없음,정보없음,정보없음,https://imgauto-phinf.pstatic.net/20200317_77/auto_1584430028711zbmc9_PNG/20200317162647_KFbkYOj0.png?type=f567_410,AC3상(급속),AC완속(7핀),"흰,검,오",0
19,2019 SM3 Z.E. SE,2019,SM3 Z.E.,SE,르노삼성,"3,700",정보없음,정보없음,정보없음,전기,CVT4.5km/kWh(정보없음),5인승,정보없음,정보없음,213km,35.9kWh,70.0Kw,226.0Nm,정보없음,정보없음,4750mm,1810mm,1460mm,2700mm,1535mm,1555mm,정보없음,정보없음,정보없음,정보없음,정보없음,정보없음,정보없음,정보없음,https://imgauto-phinf.pstatic.net/20190218_115/auto_1550464702983uYkya_PNG/20190218133821_1pi1OB5H.png?type=f508_367,AC3상(급속),AC완속(7핀),"흰, 회, 검",0
20,2019 SM3 Z.E. RE,2019,SM3 Z.E.,RE,르노삼성,"3,900",정보없음,정보없음,정보없음,전기,CVT4.5km/kWh(정보없음),5인승,정보없음,정보없음,213km,35.9kWh,70.0Kw,226.0Nm,정보없음,정보없음,4750mm,1810mm,1460mm,2700mm,1535mm,1555mm,정보없음,정보없음,정보없음,정보없음,정보없음,정보없음,정보없음,정보없음,https://imgauto-phinf.pstatic.net/20190218_115/auto_1550464702983uYkya_PNG/20190218133821_1pi1OB5H.png?type=f508_367,AC3상(급속),AC완속(7핀),"흰, 회, 검",0
21,2018 SM3 Z.E. SE,2018,SM3 Z.E.,SE,르노삼성,"3,950",정보없음,정보없음,정보없음,전기,CVT4.5km/kWh(정보없음),5인승,정보없음,정보없음,213km,35.9kWh,70.0Kw,226.0Nm,정보없음,정보없음,4750mm,1810mm,1460mm,2700mm,1535mm,1555mm,정보없음,정보없음,정보없음,정보없음,정보없음,정보없음,정보없음,정보없음,https://imgauto-phinf.pstatic.net/20190827_51/auto_1566912967583mnh7v_PNG/20190827223603_k2ZAnZ3j.png?type=f567_410,AC3상(급속),AC완속(7핀),검,0
22,2018 SM3 Z.E. RE,2018,SM3 Z.E.,RE,르노삼성,"4,150",정보없음,정보없음,정보없음,전기,CVT4.5km/kWh(정보없음),5인승,정보없음,정보없음,213km,정보없음,70.0Kw,226.0Nm,정보없음,정보없음,4750mm,1810mm,1460mm,2700mm,1535mm,1555mm,정보없음,정보없음,정보없음,정보없음,정보없음,정보없음,정보없음,정보없음,https://imgauto-phinf.pstatic.net/20190827_51/auto_1566912967583mnh7v_PNG/20190827223603_k2ZAnZ3j.png?type=f567_410,AC3상(급속),AC완속(7핀),검,0
23,2015 SM3 Z.E. RE,2015,SM3 Z.E.,RE,르노삼성,"4,190",정보없음,정보없음,정보없음,전기,CVT4.4km/kWh(정보없음),5인승,전륜구동,자동,135km,정보없음,70.0Kw,226.0Nm,정보없음,정보없음,4750mm,1810mm,1460mm,2700mm,1535mm,1555mm,1580kg,205mm/55/16inch,205mm/55/16inch,맥퍼슨스트럿,토션빔,V디스크,디스크,랙앤피니언,https://imgauto-phinf.pstatic.net/20150528_40/auto_1432797368180NOm3w_PNG/20150528161532_l1Ou1iPx.png?type=f508_367,AC3상(급속),AC완속(7핀),파,0
24,2014 SM3 Z.E. SE 플러스,2014,SM3 Z.E.,SE 플러스,르노삼성,"4,200",정보없음,정보없음,정보없음,전기,CVT4.4km/kWh(정보없음),5인승,전륜구동,정보없음,135km,정보없음,70.0Kw,226.0Nm,정보없음,정보없음,4750mm,1810mm,1460mm,2700mm,1545mm,1565mm,정보없음,205mm/55/16inch,205mm/55/16inch,정보없음,정보없음,V디스크,V디스크,정보없음,https://imgauto-phinf.pstatic.net/20130928_32/auto_1380295203663P4Nsz_PNG/20130928002001_TBqqUGGP.png?type=f567_410,AC3상(급속),AC완속(7핀),흰,0
25,2014 SM3 Z.E. RE,2014,SM3 Z.E.,RE,르노삼성,"4,300",정보없음,정보없음,정보없음,전기,CVT4.4km/kWh(정보없음),5인승,전륜구동,정보없음,135km,정보없음,70.0Kw,226.0Nm,정보없음,정보없음,4750mm,1810mm,1460mm,2700mm,1545mm,1565mm,정보없음,205mm/55/16inch,205mm/55/16inch,정보없음,정보없음,V디스크,V디스크,정보없음,https://imgauto-phinf.pstatic.net/20130928_32/auto_1380295203663P4Nsz_PNG/20130928002001_TBqqUGGP.png?type=f567_410,AC3상(급속),AC완속(7핀),흰,0
26,2021 쏘울 부스터 EV 프레스티지,2021,쏘울 부스터 EV,프레스티지,기아,"4,187",정보없음,정보없음,정보없음,전기,자동5.6km/kWh(정보없음),5인승,전륜구동,자동,250km,39.2kWh,100.0Kw,395.0Nm,정보없음,정보없음,4195mm,1800mm,1605mm,2600mm,1565mm,1572mm,1555kg,215mm/55/17inch,215mm/55/17inch,맥퍼슨스트럿,멀티링크,V디스크,디스크,랙앤피니언,https://imgauto-phinf.pstatic.net/20200323_86/auto_15849403022785uLfl_PNG/20200323141131_LGJXlUZd.png?type=f567_410,DC차데모(급속),AC완속(5핀),"흰, 회, 파, 빨, 골",0
27,2021 쏘울 부스터 EV 노블레스,2021,쏘울 부스터 EV,노블레스,기아,"4,834",정보없음,정보없음,정보없음,전기,자동5.4km/kWh(정보없음),5인승,전륜구동,자동,386km,64.0kWh,150.0Kw,395.0Nm,정보없음,정보없음,4195mm,1800mm,1605mm,2600mm,1565mm,1572mm,1555kg,215mm/55/17inch,215mm/55/17inch,맥퍼슨스트럿,멀티링크,V디스크,디스크,랙앤피니언,https://imgauto-phinf.pstatic.net/20200323_86/auto_15849403022785uLfl_PNG/20200323141131_LGJXlUZd.png?type=f567_410,DC차데모(급속),AC완속(5핀),"흰, 회, 파, 빨, 골",0
28,2019 쏘울 부스터 EV 프레스티지,2019,쏘울 부스터 EV,프레스티지,기아,"4,630",정보없음,정보없음,정보없음,전기,자동5.4km/kWh(정보없음),5인승,전륜구동,자동,386km,64.0kWh,150.0Kw,395.0Nm,정보없음,정보없음,4195mm,1800mm,1605mm,2600mm,1565mm,1572mm,1555kg,215mm/55/17inch,215mm/55/17inch,맥퍼슨스트럿,멀티링크,V디스크,디스크,랙앤피니언,https://imgauto-phinf.pstatic.net/20190114_2/auto_1547455104187G6Edv_PNG/20190114173822_vzZONH7N.png?type=f508_367,DC차데모(급속),AC완속(5핀),"흰, 회, 파, 오, 골",1
29,2019 쏘울 부스터 EV 노블레스,2019,쏘울 부스터 EV,노블레스,기아,"4,830",정보없음,정보없음,정보없음,전기,자동5.4km/kWh(정보없음),5인승,전륜구동,자동,386km,64.0kWh,150.0Kw,395.0Nm,정보없음,정보없음,4195mm,1800mm,1605mm,2600mm,1565mm,1572mm,1695kg,215mm/55/17inch,215mm/55/17inch,맥퍼슨스트럿,멀티링크,V디스크,디스크,랙앤피니언,https://imgauto-phinf.pstatic.net/20190114_2/auto_1547455104187G6Edv_PNG/20190114173822_vzZONH7N.png?type=f508_367,DC차데모(급속),AC완속(5핀),"흰, 회, 파, 오, 골",1
30,2018 쏘울 EV,2018,쏘울 EV,EV,기아,"4,280",정보없음,정보없음,정보없음,전기,자동5.2km/kWh(정보없음),5인승,전륜구동,자동,180km,30.0kWh,81.4Kw,285.0Nm,정보없음,정보없음,4140mm,1800mm,1600mm,2570mm,1576mm,1585mm,1530kg,205mm/60/16inch,205mm/60/16inch,맥퍼슨스트럿,토션빔,디스크,디스크,랙앤피니언,https://imgauto-phinf.pstatic.net/20150528_251/auto_1432778015584Y3bFM_PNG/20150528105313_YbS3NpCN.png?type=f508_367,DC차데모(급속),AC완속(5핀),흰,1
31,2015 쏘울 EV,2015,쏘울 EV,EV,기아,"4,275",정보없음,정보없음,정보없음,전기,자동5.0km/kWh(정보없음),5인승,전륜구동,자동,148km,27.0kWh,81.4Kw,285.0Nm,정보없음,정보없음,4140mm,1800mm,1600mm,2570mm,1576mm,1585mm,1508kg,205mm/60/16inch,205mm/60/16inch,맥퍼슨스트럿,토션빔,디스크,디스크,랙앤피니언,https://imgauto-phinf.pstatic.net/20150528_251/auto_1432778015584Y3bFM_PNG/20150528105313_YbS3NpCN.png?type=f508_367,DC차데모(급속),AC완속(5핀),"흰, 회, 실, 파",1
32,2014 쏘울 EV,2014,쏘울 EV,EV,기아,"4,250",전기모터,정보없음,정보없음,전기,자동5.0km/kWh(정보없음),5인승,전륜구동,정보없음,148km,27.0kWh,81.4Kw,285.0Nm,12.0초,정보없음,4140mm,1800mm,1600mm,2570mm,1576mm,1585mm,1508kg,206mm/60/16inch,206mm/60/16inch,맥퍼슨스트럿,토션빔,디스크,디스크,랙앤피니언,https://imgauto-phinf.pstatic.net/20140410_168/auto_1397105689801YeYST_PNG/20140410135446_jAc8qz2i.png?type=f508_367,DC차데모(급속),AC완속(5핀),흰,1
33,2020 포터2 일렉트릭 스마트 스페셜,2020,포터2 일렉트릭,스마트 스페셜,현대,"4,060",정보없음,정보없음,정보없음,전기,자동3.1km/kWh(정보없음),3인승,후륜구동,자동,211km,58.8kWh,135.0Kw,395.0Nm,정보없음,정보없음,5105mm,1740mm,1970mm,2810mm,1485mm,1320mm,1970kg,195mm/70/15inch,145mm/정보없음/13inch,정보없음,정보없음,디스크,디스크,랙앤피니언,https://imgauto-phinf.pstatic.net/20191209_17/auto_1575865268623fSg5O_PNG/20191209132054_FfMbB1uU.png?type=f567_410,DC콤보(급속),AC완속(5핀),흰,0
34,2020 포터2 일렉트릭 프리미엄 스페셜,2020,포터2 일렉트릭,프리미엄 스페셜,현대,"4,274",정보없음,정보없음,정보없음,전기,자동3.1km/kWh(정보없음),3인승,후륜구동,자동,211km,58.8kWh,135.0Kw,395.0Nm,정보없음,정보없음,5105mm,1740mm,1970mm,2810mm,1485mm,1320mm,1970kg,195mm/70/15inch,145mm/정보없음/13inch,정보없음,정보없음,디스크,디스크,랙앤피니언,https://imgauto-phinf.pstatic.net/20191209_17/auto_1575865268623fSg5O_PNG/20191209132054_FfMbB1uU.png?type=f567_410,DC콤보(급속),AC완속(5핀),흰,0
35,2020 쉐보레 볼트 EV,2020,볼트 EV, EV,쉐보레(GM대우),"4,593",정보없음,정보없음,정보없음,전기,자동5.4km/kWh(정보없음),5인승,전륜구동,자동1단,414km,66.0kWh,150.0Kw,360.0Nm,정보없음,정보없음,4165mm,1765mm,1610mm,2600mm,1507mm,1516mm,1620kg,215mm/50/17inch,215mm/50/17inch,맥퍼슨스트럿,토션빔,디스크,디스크,랙앤피니언,https://imgauto-phinf.pstatic.net/20200609_71/auto_1591666210175lWK7Y_PNG/20200609102957_kSlLIvAz.png?type=f567_410,DC콤보(급속),AC완속(5핀),파,0
36,2020 쉐보레 볼트  EV LT 디럭스,2020,볼트 EV, EV LT 디럭스,쉐보레(GM대우),"4,693",정보없음,정보없음,정보없음,전기,자동5.4km/kWh(정보없음),5인승,전륜구동,자동1단,414km,66.0kWh,150.0Kw,360.0Nm,정보없음,정보없음,4165mm,1765mm,1610mm,2600mm,1507mm,1516mm,1620kg,215mm/50/17inch,215mm/50/17inch,맥퍼슨스트럿,토션빔,디스크,디스크,랙앤피니언,https://imgauto-phinf.pstatic.net/20200609_71/auto_1591666210175lWK7Y_PNG/20200609102957_kSlLIvAz.png?type=f567_410,DC콤보(급속),AC완속(5핀),파,0
37,2020 쉐보레 볼트 EV 프리미어,2020,볼트 EV, EV 프리미어,쉐보레(GM대우),"4,814",정보없음,정보없음,정보없음,전기,자동5.4km/kWh(정보없음),5인승,전륜구동,자동1단,414km,66.0kWh,150.0Kw,360.0Nm,정보없음,정보없음,4165mm,1765mm,1610mm,2600mm,1507mm,1516mm,1620kg,215mm/50/17inch,215mm/50/17inch,맥퍼슨스트럿,토션빔,디스크,디스크,랙앤피니언,https://imgauto-phinf.pstatic.net/20200609_71/auto_1591666210175lWK7Y_PNG/20200609102957_kSlLIvAz.png?type=f567_410,DC콤보(급속),AC완속(5핀),파,0
38,2019 쉐보레 볼트 EV,2019,볼트 EV, EV,쉐보레(GM대우),"4,593",정보없음,정보없음,정보없음,전기,자동5.5km/kWh(정보없음),5인승,전륜구동,자동1단,383km,60.0kWh,150.0Kw,360.0Nm,정보없음,정보없음,4165mm,1765mm,1610mm,2600mm,1507mm,1516mm,1620kg,215mm/50/17inch,215mm/50/17inch,맥퍼슨스트럿,토션빔,디스크,디스크,랙앤피니언,https://imgauto-phinf.pstatic.net/20190527_46/auto_1558936355161td9B0_PNG/20190527145232_Q5UHVKPu.png?type=f508_367,DC콤보(급속),AC완속(5핀),흰,1
39,2019 쉐보레 볼트  EV LT 디럭스,2019,볼트 EV, EV LT 디럭스,쉐보레(GM대우),"4,693",정보없음,정보없음,정보없음,전기,자동5.5km/kWh(정보없음),5인승,전륜구동,자동1단,383km,60.0kWh,150.0Kw,360.0Nm,정보없음,정보없음,4165mm,1765mm,1610mm,2600mm,1507mm,1516mm,1620kg,215mm/50/17inch,215mm/50/17inch,맥퍼슨스트럿,토션빔,디스크,디스크,랙앤피니언,https://imgauto-phinf.pstatic.net/20190527_46/auto_1558936355161td9B0_PNG/20190527145232_Q5UHVKPu.png?type=f508_367,DC콤보(급속),AC완속(5핀),흰,1
40,2019 쉐보레 볼트  EV 프리미어,2019,볼트 EV, EV 프리미어,쉐보레(GM대우),"4,814",정보없음,정보없음,정보없음,전기,자동5.5km/kWh(정보없음),5인승,전륜구동,자동1단,383km,60.0kWh,150.0Kw,360.0Nm,정보없음,정보없음,4165mm,1765mm,1610mm,2600mm,1507mm,1516mm,1620kg,215mm/50/17inch,215mm/50/17inch,맥퍼슨스트럿,토션빔,디스크,디스크,랙앤피니언,https://imgauto-phinf.pstatic.net/20190527_46/auto_1558936355161td9B0_PNG/20190527145232_Q5UHVKPu.png?type=f508_367,DC콤보(급속),AC완속(5핀),흰,1
41,2018 쉐보레 볼트 EV,2018,볼트 EV, EV,쉐보레(GM대우),"4,593",정보없음,정보없음,정보없음,전기,자동5.5km/kWh(정보없음),5인승,전륜구동,자동1단,383km,60.0kWh,150.0Kw,360.0Nm,정보없음,정보없음,4165mm,1765mm,1610mm,2600mm,1507mm,1516mm,1620kg,215mm/50/17inch,215mm/50/17inch,맥퍼슨스트럿,토션빔,디스크,디스크,랙앤피니언,https://imgauto-phinf.pstatic.net/20180115_106/auto_1515995975424OiOXM_PNG/20180115145929_TIZex9ok.png?type=f508_367,DC콤보(급속),AC완속(5핀),회,1
42,2018 쉐보레 볼트  EV LT 디럭스,2018,볼트 EV, EV LT 디럭스,쉐보레(GM대우),"4,693",정보없음,정보없음,정보없음,전기,자동5.5km/kWh(정보없음),5인승,전륜구동,자동1단,383km,60.0kWh,150.0Kw,360.0Nm,정보없음,정보없음,4165mm,1765mm,1610mm,2600mm,1507mm,1516mm,1620kg,215mm/50/17inch,215mm/50/17inch,맥퍼슨스트럿,토션빔,디스크,디스크,랙앤피니언,https://imgauto-phinf.pstatic.net/20180115_106/auto_1515995975424OiOXM_PNG/20180115145929_TIZex9ok.png?type=f508_367,DC콤보(급속),AC완속(5핀),회,1
43,2018 쉐보레 볼트  EV 프리미어,2018,볼트 EV, EV 프리미어,쉐보레(GM대우),"4,814",정보없음,정보없음,정보없음,전기,자동5.5km/kWh(정보없음),5인승,전륜구동,자동1단,383km,60.0kWh,150.0Kw,360.0Nm,정보없음,정보없음,4165mm,1765mm,1610mm,2600mm,1507mm,1516mm,1620kg,215mm/50/17inch,215mm/50/17inch,맥퍼슨스트럿,토션빔,디스크,디스크,랙앤피니언,https://imgauto-phinf.pstatic.net/20180115_106/auto_1515995975424OiOXM_PNG/20180115145929_TIZex9ok.png?type=f508_367,DC콤보(급속),AC완속(5핀),회,1
44,2016 쉐보레 스파크  EV ,2016,스파크 EV, EV,쉐보레(GM대우),"3,990",정보없음,정보없음,정보없음,전기,자동6.0km/kWh(정보없음),5인승,전륜구동,자동,128km,18.3kWh,105.0Kw,563.0Nm,8.1초,정보없음,"3,720mm","1,630mm","1,520mm","2,375mm","1,410mm","1,390mm","1,240kg",195mm/55/15inch,195mm/55/15inch,맥퍼슨스트럿,토션빔,디스크,디스크,정보없음,https://imgauto-phinf.pstatic.net/20170209_92/auto_1486618819477kxAJm_PNG/20170209144017_efZuXVMD.png?type=f508_367,DC콤보(급속),AC완속(5핀),파,1
45,2020 SMART EV D2P A/T,2020,EV D2P,A/T,SMART EV,"1,980",정보없음,정보없음,정보없음,전기,자동5.2km/kWh(하이브리드),1인승,정보없음,자동,101km,17.4kWh,정보없음,정보없음,정보없음,정보없음,3085mm,1495mm,1560mm,1760mm,1315mm,1305mm,정보없음,정보없음,정보없음,정보없음,정보없음,디스크,디스크,정보없음,https://imgauto-phinf.pstatic.net/20200602_51/auto_1591075711847l00Cm_PNG/20200602142828_dzhM2H0y.png?type=f567_410,DC콤보(급속),AC완속(5핀),흰,0
46,2018 니로 EV 프레스티지,2018,니로 EV,프레스티지,기아,"4,780",정보없음,정보없음,정보없음,전기,자동5.3km/kWh(정보없음),5인승,전륜구동,자동1단,385km,64.0kWh,150.0Kw,395.0Nm,정보없음,정보없음,4375mm,1805mm,1570mm,2700mm,1562mm,1572mm,1755kg,215mm/55/17inch,215mm/55/17inch,맥퍼슨스트럿,멀티링크,디스크,디스크,랙앤피니언,https://imgauto-phinf.pstatic.net/20200717_210/auto_1594963607506jhysB_PNG/20200717142646_wsdSlz0O.png?type=f567_410,DC콤보(급속),AC완속(5핀),"흰,회,검",0
47,2018 니로 EV 노블레스,2018,니로 EV,노블레스,기아,"4,980",정보없음,정보없음,정보없음,전기,자동5.3km/kWh(정보없음),5인승,전륜구동,자동1단,385km,64.0kWh,150.0Kw,395.0Nm,정보없음,정보없음,4375mm,1805mm,1570mm,2700mm,1562mm,1572mm,1755kg,215mm/55/17inch,215mm/55/17inch,맥퍼슨스트럿,멀티링크,디스크,디스크,랙앤피니언,https://imgauto-phinf.pstatic.net/20200717_210/auto_1594963607506jhysB_PNG/20200717142646_wsdSlz0O.png?type=f567_410,DC콤보(급속),AC완속(5핀),"흰,회,검",0
48,2020 봉고3 EV GL,2020,봉고3 EV,GL,기아,"4,050",정보없음,정보없음,정보없음,전기,자동3.1km/kWh(정보없음),3인승,후륜구동,자동,211km,58.8kWh,135.0Kw,395.0Nm,정보없음,정보없음,5115mm,1740mm,1995mm,2810mm,1490mm,1340mm,1965kg,195mm/70/15inch,145mm/정보없음/13inch,정보없음,정보없음,디스크,디스크,랙앤피니언,https://imgauto-phinf.pstatic.net/20200107_217/auto_1578358719607HUOKP_PNG/20200107095837_0t9TTv5D.png?type=f567_410,DC콤보(급속),AC완속(5핀),흰,0
49,2020 봉고3 EV GLS,2020,봉고3 EV,GLS,기아,"4,270",정보없음,정보없음,정보없음,전기,자동3.1km/kWh(정보없음),3인승,후륜구동,자동,211km,58.8kWh,135.0Kw,395.0Nm,정보없음,정보없음,5115mm,1740mm,1995mm,2810mm,1490mm,1340mm,1965kg,195mm/70/15inch,145mm/정보없음/13inch,정보없음,정보없음,디스크,디스크,랙앤피니언,https://imgauto-phinf.pstatic.net/20200107_217/auto_1578358719607HUOKP_PNG/20200107095837_0t9TTv5D.png?type=f567_410,DC콤보(급속),AC완속(5핀),흰,0
50,2019 아이오닉 일렉트릭 N,2019,아이오닉 일렉트릭,N,현대,"4,140",정보없음,정보없음,정보없음,전기,CVT6.3km/kWh(정보없음),5인승,전륜구동,자동(CVT),271km,38.3kWh,100.0Kw,295.0Nm,정보없음,정보없음,4470mm,1820mm,1475mm,2700mm,1552mm,1564mm,1530kg,205mm/60/16inch,205mm/60/16inch,맥퍼슨스트럿,토션빔,V디스크,디스크,랙앤피니언,https://imgauto-phinf.pstatic.net/20190430_299/auto_15566035301323b0by_PNG/20190430145207_Nk3vitAE.png?type=f508_367,DC콤보(급속),AC완속(5핀),"흰,회,검,빨,파",0
51,2019 아이오닉 일렉트릭 Q,2019,아이오닉 일렉트릭,Q,현대,"4,440",정보없음,정보없음,정보없음,전기,CVT6.3km/kWh(정보없음),5인승,전륜구동,자동(CVT),271km,38.3kWh,100.0Kw,295.0Nm,정보없음,정보없음,4470mm,1820mm,1475mm,2700mm,1552mm,1564mm,1530kg,205mm/60/16inch,205mm/60/16inch,맥퍼슨스트럿,토션빔,V디스크,디스크,랙앤피니언,https://imgauto-phinf.pstatic.net/20190430_299/auto_15566035301323b0by_PNG/20190430145207_Nk3vitAE.png?type=f508_367,DC콤보(급속),AC완속(5핀),"흰,회,검,빨,파",0
52,2018 아이오닉 일렉트릭 N,2018,아이오닉 일렉트릭,N,현대,"3,915",정보없음,정보없음,정보없음,전기,자동6.3km/kWh(정보없음),5인승,전륜구동,자동1단,200km,28.0kWh,88.0Kw,295.0Nm,정보없음,정보없음,"4,470mm","1,820mm","1,450mm","2,700mm","1,555mm","1,564mm","1,430kg",205mm/55/16inch,205mm/55/16inch,맥퍼슨스트럿,토션빔,디스크,디스크,랙앤피니언,https://imgauto-phinf.pstatic.net/20180321_106/auto_1521603179258kMKAg_PNG/20180321123222_VYSFoBhu.png?type=f508_367,DC콤보(급속),AC완속(5핀),검,1
53,2018 아이오닉 일렉트릭 Q,2018,아이오닉 일렉트릭,Q,현대,"4,215",정보없음,정보없음,정보없음,전기,자동6.3km/kWh(정보없음),5인승,전륜구동,자동1단,200km,28.0kWh,88.0Kw,295.0Nm,정보없음,정보없음,"4,470mm","1,820mm","1,450mm","2,700mm","1,555mm","1,564mm","1,430kg",205mm/55/16inch,205mm/55/16inch,맥퍼슨스트럿,토션빔,디스크,디스크,랙앤피니언,https://imgauto-phinf.pstatic.net/20180321_106/auto_1521603179258kMKAg_PNG/20180321123222_VYSFoBhu.png?type=f508_367,DC콤보(급속),AC완속(5핀),검,1
54,2017 아이오닉 일렉트릭 I,2017,아이오닉 일렉트릭,I,현대,"3,840",정보없음,정보없음,정보없음,전기,자동6.3km/kWh(정보없음),5인승,전륜구동,자동1단,191km,28.0kWh,88.0Kw,295.0Nm,10.2초,정보없음,"4,470mm","1,820mm","1,450mm","2,700mm","1,549mm","1,563mm","1,445kg",205mm/55/16inch,205mm/55/16inch,맥퍼슨스트럿,토션빔,디스크,디스크,랙앤피니언,https://imgauto-phinf.pstatic.net/20160224_289/auto_1456290606803snlTi_PNG/20160224141000_v2YFsJeZ.png?type=f508_367,DC콤보(급속),AC완속(5핀),"회,검,오,파",1
55,2017 아이오닉 일렉트릭 N,2017,아이오닉 일렉트릭,N,현대,"4,000",정보없음,정보없음,정보없음,전기,자동6.3km/kWh(정보없음),5인승,전륜구동,자동1단,191km,28.0kWh,88.0Kw,295.0Nm,10.2초,정보없음,"4,470mm","1,820mm","1,450mm","2,700mm","1,549mm","1,563mm","1,445kg",205mm/55/16inch,205mm/55/16inch,맥퍼슨스트럿,토션빔,디스크,디스크,랙앤피니언,https://imgauto-phinf.pstatic.net/20160224_289/auto_1456290606803snlTi_PNG/20160224141000_v2YFsJeZ.png?type=f508_367,DC콤보(급속),AC완속(5핀),"회,검,오,파",1
56,2017 아이오닉 일렉트릭 Q,2017,아이오닉 일렉트릭,Q,현대,"4,300",정보없음,정보없음,정보없음,전기,자동6.3km/kWh(정보없음),5인승,전륜구동,자동1단,191km,28.0kWh,88.0Kw,295.0Nm,10.2초,정보없음,"4,470mm","1,820mm","1,450mm","2,700mm","1,549mm","1,563mm","1,445kg",205mm/55/16inch,205mm/55/16inch,맥퍼슨스트럿,토션빔,디스크,디스크,랙앤피니언,https://imgauto-phinf.pstatic.net/20160224_289/auto_1456290606803snlTi_PNG/20160224141000_v2YFsJeZ.png?type=f508_367,DC콤보(급속),AC완속(5핀),"회,검,오,파",1
57,2019 대창모터스 다니고 III 픽업 A/T,2019,다니고 III 픽업,A/T,대창모터스,"1,880",정보없음,정보없음,정보없음,전기,정보없음,2인승,전륜구동,자동,100km,13.0kWh,14.0Kw,90.0Nm,정보없음,정보없음,3520mm,1500mm,1620mm,정보없음,정보없음,정보없음,750kg,155mm/65/13inch,155mm/65/13inch,정보없음,정보없음,디스크,디스크,랙앤피니언,https://imgauto-phinf.pstatic.net/20191024_208/auto_1571893243020M2962_PNG/20191024140021_9PjPPuHA.png?type=f567_410,DC콤보(급속),AC완속(5핀),파,0
58,2020 캠시스 CEVO-C A/T,2020,CEVO-C,A/T,캠시스,"1,450",정보없음,정보없음,정보없음,전기,자동6.4km/kWh(하이브리드),2인승,정보없음,자동,95km,8.0kWh,14.8Kw,120.0Nm,정보없음,정보없음,2430mm,1425mm,1550mm,1575mm,1250mm,1225mm,590kg,155mm/70/12inch,155mm/70/12inch,맥퍼슨스트럿,리지드액슬,디스크,디스크,랙앤피니언,https://imgauto-phinf.pstatic.net/20200406_131/auto_1586149174085pokiI_PNG/20200406135920_WMy0L92I.png?type=f567_410,DC콤보(급속),AC완속(5핀),"빨,초,파,보",0
59,2020 SMART EV D2C A/T,2020,EV D2C,A/T,SMART EV,"1,980",정보없음,정보없음,정보없음,전기,정보없음,1인승,전륜구동,자동,101km,17.4kWh,정보없음,정보없음,정보없음,정보없음,3095mm,1495mm,1705mm,1765mm,1325mm,1305mm,정보없음,145mm/60/13inch,155mm/50/14inch,맥퍼슨스트럿,트레일링,디스크,디스크,랙앤피니언,https://imgauto-phinf.pstatic.net/20191113_177/auto_1573612036056lVteC_PNG/20191113112615_FCgk7MJI.png?type=f567_410,DC콤보(급속),AC완속(5핀),흰,0
60,2019 재규어 I-페이스 SE,2019,I-페이스,SE,재규어,"10,910",정보없음,정보없음,정보없음,전기,CVT4.7km/kWh(정보없음)4.7km/kWh(정보없음),5인승,풀타임4륜구동,자동(CVT)정보없음,333km,90.0kWh,294.0Kw,696.0Nm,4.8초,정보없음,4682mm,2011mm,1558mm,2990mm,1627mm,1647mm,2670kg,정보없음,정보없음,더블위시본,멀티링크,V디스크,V디스크,랙앤피니언,https://imgauto-phinf.pstatic.net/20180914_90/auto_15368972118930L9sg_PNG/20180914125329_Y5FHkjBp.png?type=f508_367,DC콤보(급속),AC완속(5핀),흰,0
61,2019 재규어 I-페이스 HSE,2019,I-페이스,HSE,재규어,"12,320",정보없음,정보없음,정보없음,전기,CVT4.7km/kWh(정보없음)4.7km/kWh(정보없음),5인승,풀타임4륜구동,자동(CVT)정보없음,333km,90.0kWh,294.0Kw,696.0Nm,4.8초,정보없음,4682mm,2011mm,1558mm,2990mm,1627mm,1647mm,2670kg,정보없음,정보없음,더블위시본,멀티링크,V디스크,V디스크,랙앤피니언,https://imgauto-phinf.pstatic.net/20180914_90/auto_15368972118930L9sg_PNG/20180914125329_Y5FHkjBp.png?type=f508_367,DC콤보(급속),AC완속(5핀),흰,0
62,2019 재규어 I-페이스 FIRST EDITION,2019,I-페이스,FIRST EDITION,재규어,"12,650",정보없음,정보없음,정보없음,전기,CVT4.7km/kWh(정보없음)4.7km/kWh(정보없음),5인승,풀타임4륜구동,자동(CVT)정보없음,333km,90.0kWh,294.0Kw,696.0Nm,4.8초,정보없음,4682mm,2011mm,1558mm,2990mm,1627mm,1647mm,2670kg,정보없음,정보없음,더블위시본,멀티링크,V디스크,V디스크,랙앤피니언,https://imgauto-phinf.pstatic.net/20180914_90/auto_15368972118930L9sg_PNG/20180914125329_Y5FHkjBp.png?type=f508_367,DC콤보(급속),AC완속(5핀),흰,0
63,2019 대창모터스 다니고 III 밴 A/T,2019,다니고 III 밴,A/T,대창모터스,"1,880",정보없음,정보없음,정보없음,전기,정보없음,2인승,전륜구동,자동,100km,13.0kWh,14.0Kw,90.0Nm,정보없음,정보없음,3505mm,1500mm,1620mm,정보없음,정보없음,정보없음,750kg,155mm/65/13inch,155mm/65/13inch,정보없음,정보없음,디스크,디스크,랙앤피니언,https://imgauto-phinf.pstatic.net/20191205_204/auto_1575538804570mrRbG_PNG/20191205184002_lAGG5V1f.png?type=f567_410,DC콤보(급속),AC완속(5핀),흰,0
64,2019 BMW i3 i3 94Ah LUX,2019,i3 94Ah,LUX,BMW,"6,000",정보없음,정보없음,정보없음,전기,CVT5.4km/kWh(정보없음),4인승,후륜구동,자동(CVT),208km,27.2kWh,125.0Kw,250.0Nm,7.3초,정보없음,4010mm,1775mm,1575mm,1576~2570mm,1571mm,1576mm,1300kg,155mm/60~70/19~20inch,175mm/55~60/19~20inch,맥퍼슨스트럿,멀티링크,v디스크,V디스크,랙앤피니언,https://imgauto-phinf.pstatic.net/20190404_30/auto_1554360164105PTrEP_PNG/20190404154242_Fm5oqHte.png?type=f508_367,DC콤보(급속),AC완속(5핀),골,0
65,2019 BMW i3 94Ah SOL+,2019,i3 94Ah,SOL+,BMW,"6,560",정보없음,정보없음,정보없음,전기,CVT5.4km/kWh(정보없음),4인승,후륜구동,자동(CVT),208km,27.2kWh,125.0Kw,250.0Nm,7.3초,정보없음,4010mm,1775mm,1575mm,1576~2570mm,1571mm,1576mm,1300kg,155mm/60~70/19~20inch,175mm/55~60/19~20inch,맥퍼슨스트럿,멀티링크,v디스크,V디스크,랙앤피니언,https://imgauto-phinf.pstatic.net/20190404_30/auto_1554360164105PTrEP_PNG/20190404154242_Fm5oqHte.png?type=f508_367,DC콤보(급속),AC완속(5핀),골,0
66,2019 BMW i3 i3 120Ah LUX,2019,i3 120Ah,LUX,BMW,"6,000",정보없음,정보없음,정보없음,전기,CVT5.6km/kWh(정보없음),4인승,후륜구동,자동(CVT),248km,37.9kWh,125.0Kw,250.0Nm,7.3초,정보없음,4010mm,1775mm,"1,600mm","2,570mm",1571mm,1576mm,"1,340kg",155mm/70/19inch,175mm/60/19inch,맥퍼슨스트럿,멀티링크,v디스크,V디스크,랙앤피니언,https://imgauto-phinf.pstatic.net/20190404_30/auto_1554360164105PTrEP_PNG/20190404154242_Fm5oqHte.png?type=f508_367,DC콤보(급속),AC완속(5핀),골,0
67,"2019 BMW i3 120Ah SOL+",2019,i3 120Ah,"SOL+",BMW,"6,560",정보없음,정보없음,정보없음,전기,CVT5.6km/kWh(정보없음),4인승,후륜구동,자동(CVT),248km,37.9kWh,125.0Kw,250.0Nm,7.3초,정보없음,4010mm,1775mm,"1,600mm","2,570mm",1571mm,1576mm,"1,340kg",155mm/70/19inch,175mm/60/19inch,맥퍼슨스트럿,멀티링크,v디스크,V디스크,랙앤피니언,https://imgauto-phinf.pstatic.net/20190404_30/auto_1554360164105PTrEP_PNG/20190404154242_Fm5oqHte.png?type=f508_367,DC콤보(급속),AC완속(5핀),골,0
68,2018 대창모터스 다니고,2018,다니고,기본,대창모터스,"1,490",정보없음,정보없음,정보없음,전기,정보없음,2인승,전륜구동,자동1단,77km,7.0kWh,정보없음,정보없음,정보없음,정보없음,2360mm,1180mm,1490mm,1730mm,1000mm,1015mm,410kg,145mm/70/12inch,145mm/70/12inch,더블위시본,리지드,디스크,디스크,랙앤피니언,https://imgauto-phinf.pstatic.net/20180116_293/auto_1516075915879GGMWL_PNG/20180116131122_XUBBojfb.png?type=f508_367,DC콤보(급속),AC완속(5핀),파,0
69,2019 닛산 리프 S CVT,2019,리프 S,CVT,닛산,"4,190",정보없음,정보없음,정보없음,전기,CVT5.1km/kWh(정보없음),5인승,전륜구동,자동(CVT),231km,40.0kWh,110.0Kw,320.0Nm,정보없음,정보없음,4480mm,1790mm,1540mm,2700mm,1540mm,1555mm,1585kg,205mm/55/16inch,205mm/55/16inch,독립식스트럿,토션빔,V디스크,V디스크,랙앤피니언,https://imgauto-phinf.pstatic.net/20190304_180/auto_1551671216830KvN92_PNG/20190304124619_cyvyl5KQ.png?type=f508_367,DC차데모(급속),AC완속(5핀),"흰,회,검,빨,파",0
70,2019 닛산 리프 SL CVT,2019,리프 SL,CVT,닛산,"4,830",정보없음,정보없음,정보없음,전기,CVT5.1km/kWh(정보없음),5인승,전륜구동,자동(CVT),231km,40.0kWh,110.0Kw,320.0Nm,정보없음,정보없음,4480mm,1790mm,1540mm,2700mm,"1,530mm","1,545mm",1585kg,215mm/50/17inch,215mm/50/17inch,독립식스트럿,토션빔,V디스크,V디스크,랙앤피니언,https://imgauto-phinf.pstatic.net/20190304_180/auto_1551671216830KvN92_PNG/20190304124619_cyvyl5KQ.png?type=f508_367,DC차데모(급속),AC완속(5핀),"흰,회,검,빨,파",0