usedcar_id,price,age,mileage,img_id/0,img_id/1,img_id/2,img_id/3,user_seq,eccar_id
1,899,16/12식,"60,375km",/assets/images/car/hyundai/ioniqN/7.jpg,/assets/images/car/hyundai/ioniqN/10.jpg,/assets/images/car/hyundai/ioniqN/8.jpg,/assets/images/car/hyundai/ioniqN/11.jpg,93,54
2,300,18/04식,588km,/assets/images/car/gm/boltEVpriemier/3.jpg,/assets/images/car/gm/boltEVpriemier/8.jpg,/assets/images/car/gm/boltEVpriemier/9.jpg,/assets/images/car/gm/boltEVpriemier/10.jpg,58,47
3,"2,030",17/06식,"6,495km",/assets/images/car/samsung/sm3ZERE/1.jpg,/assets/images/car/samsung/sm3ZERE/2.jpg,/assets/images/car/samsung/sm3ZERE/4.jpg,/assets/images/car/samsung/sm3ZERE/5.jpg,212,26
4,"1,550",19/06식,"17,234km",/assets/images/car/hyundai/konaPremium/1.jpg,/assets/images/car/hyundai/konaPremium/4.jpg,/assets/images/car/hyundai/konaPremium/6.jpg,/assets/images/car/hyundai/konaPremium/8.jpg,90,10
5,899,16/12식,"39,636km",/assets/images/car/kia/soulEV/12.jpg,/assets/images/car/kia/soulEV/15.jpg,/assets/images/car/kia/soulEV/20.jpg,/assets/images/car/kia/soulEV/13.jpg,94,34
6,"1,420",16/06식,"57,037km",/assets/images/car/hyundai/ioniqN/7.jpg,/assets/images/car/hyundai/ioniqN/10.jpg,/assets/images/car/hyundai/ioniqN/8.jpg,/assets/images/car/hyundai/ioniqN/11.jpg,150,54
7,"1,459",16/12식,"80,046km",/assets/images/car/samsung/sm3ZERE/1.jpg,/assets/images/car/samsung/sm3ZERE/2.jpg,/assets/images/car/samsung/sm3ZERE/4.jpg,/assets/images/car/samsung/sm3ZERE/5.jpg,243,26
8,"3,190",19/07식,"5,100km",/assets/images/car/hyundai/konaPremium/6.jpg,/assets/images/car/hyundai/konaPremium/7.jpg,/assets/images/car/hyundai/konaPremium/16.jpg,/assets/images/car/hyundai/konaPremium/20.jpg,129,12
9,850,15/09식,"44,891km",/assets/images/car/hyundai/konaPremium/6.jpg,/assets/images/car/hyundai/konaPremium/7.jpg,/assets/images/car/hyundai/konaPremium/16.jpg,/assets/images/car/hyundai/konaPremium/20.jpg,109,12
10,"2,699",19/04식,"29,320km",/assets/images/car/samsung/sm3ZERE/3.jpg,/assets/images/car/samsung/sm3ZERE/19.jpg,/assets/images/car/samsung/sm3ZERE/20.jpg,/assets/images/car/samsung/sm3ZERE/21.jpg,156,29
11,"1,890",17/03식,"101,000km",/assets/images/car/samsung/sm3ZERE/1.jpg,/assets/images/car/samsung/sm3ZERE/2.jpg,/assets/images/car/samsung/sm3ZERE/4.jpg,/assets/images/car/samsung/sm3ZERE/5.jpg,225,26
12,"2,950",19/04식,"29,131km",/assets/images/car/samsung/twizyIntence/9.jpg,/assets/images/car/samsung/twizyIntence/12.jpg,/assets/images/car/samsung/twizyIntence/14.jpg,/assets/images/car/samsung/twizyIntence/15.jpg,2,20
13,"1,630",16/12식,"60,864km",/assets/images/car/hyundai/ioniqN/7.jpg,/assets/images/car/hyundai/ioniqN/10.jpg,/assets/images/car/hyundai/ioniqN/8.jpg,/assets/images/car/hyundai/ioniqN/11.jpg,244,56
14,799,15/03식,"43,729km",/assets/images/car/kia/niroNobless/4.jpg,/assets/images/car/kia/niroNobless/7.jpg,/assets/images/car/kia/niroNobless/8.jpg,/assets/images/car/kia/niroNobless/10.jpg,110,51
15,"1,460",17/02식,"9,350km",/assets/images/car/hyundai/ioniqQ/10.jpg,/assets/images/car/hyundai/ioniqQ/12.jpg,/assets/images/car/hyundai/ioniqQ/14.jpg,/assets/images/car/hyundai/ioniqQ/15.jpg,132,57
16,"3,290",18/06식,"19,212km",/assets/images/car/hyundai/ioniqQ/10.jpg,/assets/images/car/hyundai/ioniqQ/12.jpg,/assets/images/car/hyundai/ioniqQ/14.jpg,/assets/images/car/hyundai/ioniqQ/15.jpg,18,55
17,320,18/03식,"6,000km",/assets/images/car/samsung/twizyIntence/9.jpg,/assets/images/car/samsung/twizyIntence/12.jpg,/assets/images/car/samsung/twizyIntence/14.jpg,/assets/images/car/samsung/twizyIntence/15.jpg,59,20
18,"2,140",18/06식,"23,000km",/assets/images/car/kia/soulEV/1.jpg,/assets/images/car/kia/soulEV/3.jpg,/assets/images/car/kia/soulEV/5.jpg,/assets/images/car/kia/soulEV/7.jpg,207,34
19,"1,990",18/03식,"20,000km",/assets/images/car/samsung/sm3ZERE/1.jpg,/assets/images/car/samsung/sm3ZERE/2.jpg,/assets/images/car/samsung/sm3ZERE/4.jpg,/assets/images/car/samsung/sm3ZERE/5.jpg,213,26
20,360,18/01식,543km,/assets/images/car/samsung/twizyIntence/9.jpg,/assets/images/car/samsung/twizyIntence/12.jpg,/assets/images/car/samsung/twizyIntence/14.jpg,/assets/images/car/samsung/twizyIntence/15.jpg,60,20
21,"1,970",16/11식,"22,682km",/assets/images/car/hyundai/ioniqN/7.jpg,/assets/images/car/hyundai/ioniqN/10.jpg,/assets/images/car/hyundai/ioniqN/8.jpg,/assets/images/car/hyundai/ioniqN/11.jpg,248,56
22,"2,250",17/05식,"42,900km",/assets/images/car/samsung/twizyLife/1.jpg,/assets/images/car/samsung/twizyLife/5.jpg,/assets/images/car/samsung/twizyLife/10.jpg,/assets/images/car/samsung/twizyLife/13.jpg,165,17
23,"1,699",17/02식,"46,514km",/assets/images/car/samsung/sm3ZESEplus/5.jpg,/assets/images/car/samsung/sm3ZESEplus/9.jpg,/assets/images/car/samsung/sm3ZESEplus/16.jpg,/assets/images/car/samsung/sm3ZESEplus/17.jpg,249,28
24,"1,230",17/02식,"35,499km",/assets/images/car/hyundai/konaPremium/6.jpg,/assets/images/car/hyundai/konaPremium/7.jpg,/assets/images/car/hyundai/konaPremium/16.jpg,/assets/images/car/hyundai/konaPremium/20.jpg,133,12
25,"2,070",18/03식,"48,860km",/assets/images/car/gm/boltEVLT/5.jpg,/assets/images/car/gm/boltEVLT/6.jpg,/assets/images/car/gm/boltEVLT/7.jpg,/assets/images/car/gm/boltEVLT/15.jpg,226,46
26,"3,550",19/04식,"26,040km",/assets/images/car/samsung/twizyIntence/9.jpg,/assets/images/car/samsung/twizyIntence/12.jpg,/assets/images/car/samsung/twizyIntence/14.jpg,/assets/images/car/samsung/twizyIntence/15.jpg,190,20
27,"2,070",17/04식,"60,000km",/assets/images/car/kia/niroNobless/4.jpg,/assets/images/car/kia/niroNobless/7.jpg,/assets/images/car/kia/niroNobless/8.jpg,/assets/images/car/kia/niroNobless/10.jpg,227,51
28,"2,290",18/04식,"48,200km",/assets/images/car/hyundai/konaPremium/1.jpg,/assets/images/car/hyundai/konaPremium/4.jpg,/assets/images/car/hyundai/konaPremium/6.jpg,/assets/images/car/hyundai/konaPremium/8.jpg,158,10
29,280,17/12식,"2,547km",/assets/images/car/samsung/sm3ZESEplus/5.jpg,/assets/images/car/samsung/sm3ZESEplus/9.jpg,/assets/images/car/samsung/sm3ZESEplus/16.jpg,/assets/images/car/samsung/sm3ZESEplus/17.jpg,61,28
30,"3,188",19/02식,"10,254km",/assets/images/car/hyundai/ioniqN/7.jpg,/assets/images/car/hyundai/ioniqN/10.jpg,/assets/images/car/hyundai/ioniqN/8.jpg,/assets/images/car/hyundai/ioniqN/11.jpg,3,56
31,390,17/12식,173km,/assets/images/car/hyundai/ioniqN/1.jpg,/assets/images/car/hyundai/ioniqN/15.jpg,/assets/images/car/hyundai/ioniqN/23.jpg,/assets/images/car/hyundai/ioniqN/24.jpg,62,59
32,"1,700",18/04식,"15,929km",/assets/images/car/hyundai/konaModern/4.jpg,/assets/images/car/hyundai/konaModern/6.jpg,/assets/images/car/hyundai/konaModern/7.jpg,/assets/images/car/hyundai/konaModern/16.jpg,134,11
33,"1,990",18/04식,"54,284km",/assets/images/car/gm/boltEVpriemier/3.jpg,/assets/images/car/gm/boltEVpriemier/8.jpg,/assets/images/car/gm/boltEVpriemier/9.jpg,/assets/images/car/gm/boltEVpriemier/10.jpg,208,47
34,"1,730",17/04식,"92,760km",/assets/images/car/gm/boltEVpriemier/3.jpg,/assets/images/car/gm/boltEVpriemier/8.jpg,/assets/images/car/gm/boltEVpriemier/9.jpg,/assets/images/car/gm/boltEVpriemier/10.jpg,250,47
35,"2,990",19/04식,"69,224km",/assets/images/car/samsung/sm3ZERE/3.jpg,/assets/images/car/samsung/sm3ZERE/19.jpg,/assets/images/car/samsung/sm3ZERE/20.jpg,/assets/images/car/samsung/sm3ZERE/21.jpg,191,27
36,"2,450",18/05식,"59,511km",/assets/images/car/kia/soulEV/1.jpg,/assets/images/car/kia/soulEV/3.jpg,/assets/images/car/kia/soulEV/5.jpg,/assets/images/car/kia/soulEV/7.jpg,159,34
37,"1,990",17/06식,"20,465km",/assets/images/car/hyundai/konaPremium/1.jpg,/assets/images/car/hyundai/konaPremium/7.jpg,/assets/images/car/hyundai/konaPremium/9.jpg,/assets/images/car/hyundai/konaPremium/14.jpg,228,12
38,"2,450",18/05식,"59,511km",/assets/images/car/hyundai/ioniqN/7.jpg,/assets/images/car/hyundai/ioniqN/10.jpg,/assets/images/car/hyundai/ioniqN/8.jpg,/assets/images/car/hyundai/ioniqN/11.jpg,160,56
39,"3,160",18/06식,"33,332km",/assets/images/car/hyundai/ioniqN/3.jpg,/assets/images/car/hyundai/ioniqN/9.jpg,/assets/images/car/hyundai/ioniqN/10.jpg,/assets/images/car/hyundai/ioniqN/12.jpg,19,56
40,355,19/07식,53km,/assets/images/car/samsung/twizyLife/1.jpg,/assets/images/car/samsung/twizyLife/5.jpg,/assets/images/car/samsung/twizyLife/10.jpg,/assets/images/car/samsung/twizyLife/13.jpg,47,17
41,"2,520",18/03식,"39,800km",/assets/images/car/hyundai/ioniqQ/5.jpg,/assets/images/car/hyundai/ioniqQ/18.jpg,/assets/images/car/hyundai/ioniqQ/19.jpg,/assets/images/car/hyundai/ioniqQ/23.jpg,171,60
42,275,18/04식,"8,920km",/assets/images/car/hyundai/ioniqQ/5.jpg,/assets/images/car/hyundai/ioniqQ/18.jpg,/assets/images/car/hyundai/ioniqQ/19.jpg,/assets/images/car/hyundai/ioniqQ/23.jpg,63,60
43,890,17/06식,"76,712km",/assets/images/car/samsung/sm3ZERE/3.jpg,/assets/images/car/samsung/sm3ZERE/19.jpg,/assets/images/car/samsung/sm3ZERE/20.jpg,/assets/images/car/samsung/sm3ZERE/21.jpg,95,27
44,799,15/03식,"43,729km",/assets/images/car/hyundai/ioniqN/3.jpg,/assets/images/car/hyundai/ioniqN/9.jpg,/assets/images/car/hyundai/ioniqN/10.jpg,/assets/images/car/hyundai/ioniqN/12.jpg,111,56
45,"1,830",18/06식,"52,000km",/assets/images/car/hyundai/ioniqN/3.jpg,/assets/images/car/hyundai/ioniqN/9.jpg,/assets/images/car/hyundai/ioniqN/10.jpg,/assets/images/car/hyundai/ioniqN/12.jpg,203,56
46,"3,290",18/06식,"19,212km",/assets/images/car/samsung/twizyIntence/9.jpg,/assets/images/car/samsung/twizyIntence/12.jpg,/assets/images/car/samsung/twizyIntence/14.jpg,/assets/images/car/samsung/twizyIntence/15.jpg,20,20
47,299,20/06식,5km,/assets/images/car/kia/niroNobless/4.jpg,/assets/images/car/kia/niroNobless/7.jpg,/assets/images/car/kia/niroNobless/8.jpg,/assets/images/car/kia/niroNobless/10.jpg,35,51
48,"1,420",17/02식,"14,000km",/assets/images/car/hyundai/ioniqQ/10.jpg,/assets/images/car/hyundai/ioniqQ/12.jpg,/assets/images/car/hyundai/ioniqQ/14.jpg,/assets/images/car/hyundai/ioniqQ/15.jpg,135,57
49,320,18/03식,"6,000km",/assets/images/car/samsung/twizyIntence/12.jpg,/assets/images/car/samsung/twizyIntence/11.jpg,/assets/images/car/samsung/twizyIntence/17.jpg,/assets/images/car/samsung/twizyIntence/22.jpg,64,18
50,"2,140",18/06식,"23,000km",/assets/images/car/hyundai/ioniqQ/10.jpg,/assets/images/car/hyundai/ioniqQ/12.jpg,/assets/images/car/hyundai/ioniqQ/14.jpg,/assets/images/car/hyundai/ioniqQ/15.jpg,209,57
51,350,19/03식,"2,994km",/assets/images/car/gm/boltEVpriemier/3.jpg,/assets/images/car/gm/boltEVpriemier/8.jpg,/assets/images/car/gm/boltEVpriemier/9.jpg,/assets/images/car/gm/boltEVpriemier/10.jpg,36,44
52,"1,970",16/11식,"22,682km",/assets/images/car/gm/boltEVpriemier/3.jpg,/assets/images/car/gm/boltEVpriemier/8.jpg,/assets/images/car/gm/boltEVpriemier/9.jpg,/assets/images/car/gm/boltEVpriemier/10.jpg,251,47
53,"1,699",17/02식,"46,514km",/assets/images/car/hyundai/konaPremium/1.jpg,/assets/images/car/hyundai/konaPremium/4.jpg,/assets/images/car/hyundai/konaPremium/6.jpg,/assets/images/car/hyundai/konaPremium/8.jpg,252,10
54,"2,150",18/02식,"42,744km",/assets/images/car/gm/boltEVpriemier/1.jpg,/assets/images/car/gm/boltEVpriemier/2.jpg,/assets/images/car/gm/boltEVpriemier/3.jpg,/assets/images/car/gm/boltEVpriemier/5.jpg,229,47
55,"3,550",19/04식,"26,040km",/assets/images/car/samsung/sm3ZESEplus/5.jpg,/assets/images/car/samsung/sm3ZESEplus/9.jpg,/assets/images/car/samsung/sm3ZESEplus/16.jpg,/assets/images/car/samsung/sm3ZESEplus/17.jpg,192,28
56,"3,350",18/10식,"28,972km",/assets/images/car/samsung/twizyIntence/9.jpg,/assets/images/car/samsung/twizyIntence/12.jpg,/assets/images/car/samsung/twizyIntence/14.jpg,/assets/images/car/samsung/twizyIntence/15.jpg,193,20
57,"1,890",17/08식,"30,000km",/assets/images/car/samsung/twizyIntence/9.jpg,/assets/images/car/samsung/twizyIntence/12.jpg,/assets/images/car/samsung/twizyIntence/14.jpg,/assets/images/car/samsung/twizyIntence/15.jpg,214,20
58,"2,249",18/05식,"66,271km",/assets/images/car/samsung/twizyLife/6.jpg,/assets/images/car/samsung/twizyLife/8.jpg,/assets/images/car/samsung/twizyLife/14.jpg,/assets/images/car/samsung/twizyLife/16.jpg,172,19
59,299,18/07식,"3,900km",/assets/images/car/samsung/sm3ZESE/1.jpg,/assets/images/car/samsung/sm3ZESE/4.jpg,/assets/images/car/samsung/sm3ZESE/8.jpg,/assets/images/car/samsung/sm3ZESE/19.jpg,65,21
60,330,19/07식,30km,/assets/images/car/hyundai/konaPremium/1.jpg,/assets/images/car/hyundai/konaPremium/4.jpg,/assets/images/car/hyundai/konaPremium/6.jpg,/assets/images/car/hyundai/konaPremium/8.jpg,66,10
61,700,13/12식,"104,000km",/assets/images/car/samsung/twizyLife/6.jpg,/assets/images/car/samsung/twizyLife/8.jpg,/assets/images/car/samsung/twizyLife/14.jpg,/assets/images/car/samsung/twizyLife/16.jpg,122,19
62,"1,599",16/07식,"100,454km",/assets/images/car/hyundai/ioniqN/3.jpg,/assets/images/car/hyundai/ioniqN/9.jpg,/assets/images/car/hyundai/ioniqN/10.jpg,/assets/images/car/hyundai/ioniqN/12.jpg,245,56
63,"1,790",17/02식,"62,787km",/assets/images/car/hyundai/ioniqN/3.jpg,/assets/images/car/hyundai/ioniqN/9.jpg,/assets/images/car/hyundai/ioniqN/10.jpg,/assets/images/car/hyundai/ioniqN/12.jpg,253,56
64,340,19/06식,70km,/assets/images/car/kia/soulEV/1.jpg,/assets/images/car/kia/soulEV/3.jpg,/assets/images/car/kia/soulEV/5.jpg,/assets/images/car/kia/soulEV/7.jpg,48,34
65,"1,550",19/06식,"17,234km",/assets/images/car/kia/soulEV/12.jpg,/assets/images/car/kia/soulEV/15.jpg,/assets/images/car/kia/soulEV/20.jpg,/assets/images/car/kia/soulEV/13.jpg,91,35
66,"2,950",19/04식,"29,131km",/assets/images/car/samsung/sm3ZESE/1.jpg,/assets/images/car/samsung/sm3ZESE/4.jpg,/assets/images/car/samsung/sm3ZESE/8.jpg,/assets/images/car/samsung/sm3ZESE/19.jpg,4,21
67,"1,460",17/02식,"9,350km",/assets/images/car/hyundai/konaModern/4.jpg,/assets/images/car/hyundai/konaModern/6.jpg,/assets/images/car/hyundai/konaModern/7.jpg,/assets/images/car/hyundai/konaModern/16.jpg,136,11
68,"1,990",18/03식,"20,000km",/assets/images/car/hyundai/konaPremium/1.jpg,/assets/images/car/hyundai/konaPremium/4.jpg,/assets/images/car/hyundai/konaPremium/6.jpg,/assets/images/car/hyundai/konaPremium/8.jpg,215,10
69,"2,250",17/05식,"42,900km",/assets/images/car/samsung/sm3ZERE/3.jpg,/assets/images/car/samsung/sm3ZERE/19.jpg,/assets/images/car/samsung/sm3ZERE/20.jpg,/assets/images/car/samsung/sm3ZERE/21.jpg,166,26
70,"1,230",17/02식,"35,499km",/assets/images/car/hyundai/konaModern/4.jpg,/assets/images/car/hyundai/konaModern/6.jpg,/assets/images/car/hyundai/konaModern/7.jpg,/assets/images/car/hyundai/konaModern/16.jpg,137,11
71,"2,070",18/03식,"48,860km",/assets/images/car/kia/niroPrestige/1.jpg,/assets/images/car/kia/niroPrestige/8.jpg,/assets/images/car/kia/niroPrestige/16.jpg,/assets/images/car/kia/niroPrestige/20.jpg,230,50
72,"2,290",18/04식,"48,200km",/assets/images/car/samsung/twizyIntence/9.jpg,/assets/images/car/samsung/twizyIntence/12.jpg,/assets/images/car/samsung/twizyIntence/14.jpg,/assets/images/car/samsung/twizyIntence/15.jpg,173,20
73,390,17/12식,173km,/assets/images/car/kia/soulEV/1.jpg,/assets/images/car/kia/soulEV/3.jpg,/assets/images/car/kia/soulEV/5.jpg,/assets/images/car/kia/soulEV/7.jpg,67,34
74,"1,990",18/04식,"54,284km",/assets/images/car/hyundai/ioniqN/1.jpg,/assets/images/car/hyundai/ioniqN/15.jpg,/assets/images/car/hyundai/ioniqN/23.jpg,/assets/images/car/hyundai/ioniqN/24.jpg,210,59
75,355,19/07식,53km,/assets/images/car/hyundai/ioniqN/3.jpg,/assets/images/car/hyundai/ioniqN/9.jpg,/assets/images/car/hyundai/ioniqN/10.jpg,/assets/images/car/hyundai/ioniqN/12.jpg,68,56
76,"2,520",18/03식,"39,800km",/assets/images/car/gm/boltEVpriemier/1.jpg,/assets/images/car/gm/boltEVpriemier/2.jpg,/assets/images/car/gm/boltEVpriemier/3.jpg,/assets/images/car/gm/boltEVpriemier/5.jpg,174,47
77,275,18/04식,"8,920km",/assets/images/car/gm/boltEVLT/5.jpg,/assets/images/car/gm/boltEVLT/6.jpg,/assets/images/car/gm/boltEVLT/7.jpg,/assets/images/car/gm/boltEVLT/15.jpg,69,46
78,890,17/06식,"76,712km",/assets/images/car/samsung/twizyIntence/12.jpg,/assets/images/car/samsung/twizyIntence/11.jpg,/assets/images/car/samsung/twizyIntence/17.jpg,/assets/images/car/samsung/twizyIntence/22.jpg,92,18
79,999,16/12식,"42,727km",/assets/images/car/hyundai/konaPremium/1.jpg,/assets/images/car/hyundai/konaPremium/7.jpg,/assets/images/car/hyundai/konaPremium/9.jpg,/assets/images/car/hyundai/konaPremium/14.jpg,96,12
80,"1,399",17/02식,"15,307km",/assets/images/car/hyundai/ioniqN/3.jpg,/assets/images/car/hyundai/ioniqN/9.jpg,/assets/images/car/hyundai/ioniqN/10.jpg,/assets/images/car/hyundai/ioniqN/12.jpg,138,56
81,"2,650",18/06식,"19,749km",/assets/images/car/kia/soulEV/1.jpg,/assets/images/car/kia/soulEV/3.jpg,/assets/images/car/kia/soulEV/5.jpg,/assets/images/car/kia/soulEV/7.jpg,161,34
82,390,19/06식,"3,602km",/assets/images/car/samsung/twizyIntence/9.jpg,/assets/images/car/samsung/twizyIntence/12.jpg,/assets/images/car/samsung/twizyIntence/14.jpg,/assets/images/car/samsung/twizyIntence/15.jpg,49,20
83,"2,170",18/04식,"27,765km",/assets/images/car/samsung/sm3ZERE/3.jpg,/assets/images/car/samsung/sm3ZERE/19.jpg,/assets/images/car/samsung/sm3ZERE/20.jpg,/assets/images/car/samsung/sm3ZERE/21.jpg,240,27
84,"3,330",19/09식,"28,539km",/assets/images/car/hyundai/ioniqN/3.jpg,/assets/images/car/hyundai/ioniqN/9.jpg,/assets/images/car/hyundai/ioniqN/10.jpg,/assets/images/car/hyundai/ioniqN/12.jpg,194,56
85,"1,390",17/02식,"16,720km",/assets/images/car/kia/soulEV/1.jpg,/assets/images/car/kia/soulEV/3.jpg,/assets/images/car/kia/soulEV/5.jpg,/assets/images/car/kia/soulEV/7.jpg,139,34
86,"3,450",19/09식,"6,858km",/assets/images/car/samsung/sm3ZESE/1.jpg,/assets/images/car/samsung/sm3ZESE/4.jpg,/assets/images/car/samsung/sm3ZESE/8.jpg,/assets/images/car/samsung/sm3ZESE/19.jpg,5,25
87,300,17/07식,"5,000km",/assets/images/car/kia/soulEV/1.jpg,/assets/images/car/kia/soulEV/3.jpg,/assets/images/car/kia/soulEV/5.jpg,/assets/images/car/kia/soulEV/7.jpg,70,34
88,920,15/12식,"47,056km",/assets/images/car/samsung/sm3ZERE/3.jpg,/assets/images/car/samsung/sm3ZERE/19.jpg,/assets/images/car/samsung/sm3ZERE/20.jpg,/assets/images/car/samsung/sm3ZERE/21.jpg,112,27
89,"2,850",19/03식,"15,294km",/assets/images/car/kia/soulEV/12.jpg,/assets/images/car/kia/soulEV/15.jpg,/assets/images/car/kia/soulEV/20.jpg,/assets/images/car/kia/soulEV/13.jpg,6,35
90,"3,350",19/01식,"6,337km",/assets/images/car/hyundai/ioniqN/1.jpg,/assets/images/car/hyundai/ioniqN/15.jpg,/assets/images/car/hyundai/ioniqN/23.jpg,/assets/images/car/hyundai/ioniqN/24.jpg,7,59
91,"1,350",16/12식,"37,460km",/assets/images/car/hyundai/ioniqQ/5.jpg,/assets/images/car/hyundai/ioniqQ/18.jpg,/assets/images/car/hyundai/ioniqQ/19.jpg,/assets/images/car/hyundai/ioniqQ/23.jpg,151,60
92,380,19/07식,23km,/assets/images/car/hyundai/ioniqQ/10.jpg,/assets/images/car/hyundai/ioniqQ/12.jpg,/assets/images/car/hyundai/ioniqQ/14.jpg,/assets/images/car/hyundai/ioniqQ/15.jpg,50,55
93,"1,820",18/03식,"51,529km",/assets/images/car/samsung/twizyLife/1.jpg,/assets/images/car/samsung/twizyLife/5.jpg,/assets/images/car/samsung/twizyLife/10.jpg,/assets/images/car/samsung/twizyLife/13.jpg,204,17
94,"1,290",16/11식,"68,581km",/assets/images/car/kia/soulEV/12.jpg,/assets/images/car/kia/soulEV/15.jpg,/assets/images/car/kia/soulEV/20.jpg,/assets/images/car/kia/soulEV/13.jpg,140,35
95,790,15/12식,"54,000km",/assets/images/car/hyundai/konaPremium/1.jpg,/assets/images/car/hyundai/konaPremium/7.jpg,/assets/images/car/hyundai/konaPremium/9.jpg,/assets/images/car/hyundai/konaPremium/14.jpg,113,12
96,"2,999",18/12식,"25,750km",/assets/images/car/hyundai/ioniqQ/5.jpg,/assets/images/car/hyundai/ioniqQ/18.jpg,/assets/images/car/hyundai/ioniqQ/19.jpg,/assets/images/car/hyundai/ioniqQ/23.jpg,21,60
97,"2,250",18/02식,"15,755km",/assets/images/car/hyundai/ioniqQ/5.jpg,/assets/images/car/hyundai/ioniqQ/18.jpg,/assets/images/car/hyundai/ioniqQ/19.jpg,/assets/images/car/hyundai/ioniqQ/23.jpg,211,60
98,"3,190",19/10식,"9,000km",/assets/images/car/kia/soulEV/3.jpg,/assets/images/car/kia/soulEV/5.jpg,/assets/images/car/kia/soulEV/8.jpg,/assets/images/car/kia/soulEV/17.jpg,130,34
99,"1,380",17/02식,"20,256km",/assets/images/car/hyundai/ioniqQ/5.jpg,/assets/images/car/hyundai/ioniqQ/18.jpg,/assets/images/car/hyundai/ioniqQ/19.jpg,/assets/images/car/hyundai/ioniqQ/23.jpg,141,60
100,390,19/06식,57km,/assets/images/car/samsung/twizyLife/1.jpg,/assets/images/car/samsung/twizyLife/5.jpg,/assets/images/car/samsung/twizyLife/10.jpg,/assets/images/car/samsung/twizyLife/13.jpg,51,17
101,"2,560",19/04식,"23,644km",/assets/images/car/samsung/sm3ZERE/3.jpg,/assets/images/car/samsung/sm3ZERE/19.jpg,/assets/images/car/samsung/sm3ZERE/20.jpg,/assets/images/car/samsung/sm3ZERE/21.jpg,157,27
102,"1,399",17/11식,"33,000km",/assets/images/car/gm/spark/1.jpg,/assets/images/car/gm/spark/2.jpg,/assets/images/car/gm/spark/3.jpg,,142,48
103,"2,690",18/11식,"54,000km",/assets/images/car/gm/boltEVLT/5.jpg,/assets/images/car/gm/boltEVLT/6.jpg,/assets/images/car/gm/boltEVLT/7.jpg,/assets/images/car/gm/boltEVLT/15.jpg,22,46
104,850,15/08식,"46,764km",/assets/images/car/samsung/sm3ZESEplus/5.jpg,/assets/images/car/samsung/sm3ZESEplus/9.jpg,/assets/images/car/samsung/sm3ZESEplus/16.jpg,/assets/images/car/samsung/sm3ZESEplus/17.jpg,114,28
105,"2,200",18/04식,"46,509km",/assets/images/car/samsung/twizyIntence/9.jpg,/assets/images/car/samsung/twizyIntence/12.jpg,/assets/images/car/samsung/twizyIntence/14.jpg,/assets/images/car/samsung/twizyIntence/15.jpg,167,20
106,330,19/07식,"1,900km",/assets/images/car/hyundai/ioniqQ/5.jpg,/assets/images/car/hyundai/ioniqQ/18.jpg,/assets/images/car/hyundai/ioniqQ/19.jpg,/assets/images/car/hyundai/ioniqQ/23.jpg,52,60
107,390,20/06식,35km,/assets/images/car/hyundai/ioniqQ/2.jpg,/assets/images/car/hyundai/ioniqQ/11.jpg,/assets/images/car/hyundai/ioniqQ/16.jpg,/assets/images/car/hyundai/ioniqQ/23.jpg,37,57
108,290,19/07식,"1,815km",/assets/images/car/hyundai/ioniqQ/5.jpg,/assets/images/car/hyundai/ioniqQ/18.jpg,/assets/images/car/hyundai/ioniqQ/19.jpg,/assets/images/car/hyundai/ioniqQ/23.jpg,53,60
109,"3,400",18/05식,"15,305km",/assets/images/car/hyundai/ioniqQ/2.jpg,/assets/images/car/hyundai/ioniqQ/6.jpg,/assets/images/car/hyundai/ioniqQ/10.jpg,/assets/images/car/hyundai/ioniqQ/15.jpg,23,60
110,"3,450",19/05식,"27,200km",/assets/images/car/hyundai/konaPremium/1.jpg,/assets/images/car/hyundai/konaPremium/4.jpg,/assets/images/car/hyundai/konaPremium/6.jpg,/assets/images/car/hyundai/konaPremium/8.jpg,195,10
111,"1,820",18/03식,"57,125km",/assets/images/car/samsung/twizyIntence/9.jpg,/assets/images/car/samsung/twizyIntence/12.jpg,/assets/images/car/samsung/twizyIntence/14.jpg,/assets/images/car/samsung/twizyIntence/15.jpg,216,20
112,750,16/03식,"117,401km",/assets/images/car/gm/boltEVpriemier/1.jpg,/assets/images/car/gm/boltEVpriemier/2.jpg,/assets/images/car/gm/boltEVpriemier/3.jpg,/assets/images/car/gm/boltEVpriemier/5.jpg,115,47
113,"3,190",18/06식,"30,500km",/assets/images/car/kia/soulEV/3.jpg,/assets/images/car/kia/soulEV/5.jpg,/assets/images/car/kia/soulEV/8.jpg,/assets/images/car/kia/soulEV/17.jpg,24,34
114,850,14/07식,"47,317km",/assets/images/car/hyundai/ioniqQ/2.jpg,/assets/images/car/hyundai/ioniqQ/11.jpg,/assets/images/car/hyundai/ioniqQ/16.jpg,/assets/images/car/hyundai/ioniqQ/23.jpg,123,57
115,"2,299",18/04식,"63,708km",/assets/images/car/hyundai/ioniqQ/2.jpg,/assets/images/car/hyundai/ioniqQ/6.jpg,/assets/images/car/hyundai/ioniqQ/10.jpg,/assets/images/car/hyundai/ioniqQ/15.jpg,175,60
116,"1,720",17/07식,"89,000km",/assets/images/car/hyundai/konaPremium/1.jpg,/assets/images/car/hyundai/konaPremium/7.jpg,/assets/images/car/hyundai/konaPremium/9.jpg,/assets/images/car/hyundai/konaPremium/14.jpg,231,12
117,"1,420",17/02식,"10,386km",/assets/images/car/gm/boltEVLT/5.jpg,/assets/images/car/gm/boltEVLT/6.jpg,/assets/images/car/gm/boltEVLT/7.jpg,/assets/images/car/gm/boltEVLT/15.jpg,143,46
118,420,20/06식,30km,/assets/images/car/gm/boltEVpriemier/3.jpg,/assets/images/car/gm/boltEVpriemier/8.jpg,/assets/images/car/gm/boltEVpriemier/9.jpg,/assets/images/car/gm/boltEVpriemier/10.jpg,38,44
119,420,20/06식,30km,/assets/images/car/hyundai/konaPremium/1.jpg,/assets/images/car/hyundai/konaPremium/7.jpg,/assets/images/car/hyundai/konaPremium/9.jpg,/assets/images/car/hyundai/konaPremium/14.jpg,39,12
120,"1,750",16/07식,"58,544km",/assets/images/car/kia/soulBouster/1.jpg,/assets/images/car/samsung/sm3ZERE/3.jpg,/assets/images/car/samsung/sm3ZERE/5.jpg,/assets/images/car/samsung/sm3ZERE/10.jpg,254,33
121,"1,750",16/07식,"58,544km",/assets/images/car/kia/niroNobless/4.jpg,/assets/images/car/kia/niroNobless/7.jpg,/assets/images/car/kia/niroNobless/8.jpg,/assets/images/car/kia/niroNobless/10.jpg,255,51
122,310,19/06식,"2,200km",/assets/images/car/hyundai/ioniqQ/2.jpg,/assets/images/car/hyundai/ioniqQ/11.jpg,/assets/images/car/hyundai/ioniqQ/16.jpg,/assets/images/car/hyundai/ioniqQ/23.jpg,54,57
123,"1,900",18/01식,"52,500km",/assets/images/car/hyundai/konaPremium/1.jpg,/assets/images/car/hyundai/konaPremium/17.jpg,/assets/images/car/hyundai/konaPremium/18.jpg,/assets/images/car/hyundai/konaPremium/20.jpg,232,12
124,"1,390",17/02식,"14,586km",/assets/images/car/samsung/sm3ZESEplus/5.jpg,/assets/images/car/samsung/sm3ZESEplus/9.jpg,/assets/images/car/samsung/sm3ZESEplus/16.jpg,/assets/images/car/samsung/sm3ZESEplus/17.jpg,144,28
125,"2,350",18/03식,"35,382km",/assets/images/car/kia/niroPrestige/1.jpg,/assets/images/car/kia/niroPrestige/8.jpg,/assets/images/car/kia/niroPrestige/16.jpg,/assets/images/car/kia/niroPrestige/20.jpg,196,50
126,"2,340",17/12식,"49,937km",/assets/images/car/samsung/twizyIntence/9.jpg,/assets/images/car/samsung/twizyIntence/12.jpg,/assets/images/car/samsung/twizyIntence/14.jpg,/assets/images/car/samsung/twizyIntence/15.jpg,176,20
127,370,20/06식,23km,/assets/images/car/samsung/twizyIntence/12.jpg,/assets/images/car/samsung/twizyIntence/11.jpg,/assets/images/car/samsung/twizyIntence/17.jpg,/assets/images/car/samsung/twizyIntence/22.jpg,40,18
128,"3,190",18/11식,"24,384km",/assets/images/car/hyundai/ioniqQ/2.jpg,/assets/images/car/hyundai/ioniqQ/11.jpg,/assets/images/car/hyundai/ioniqQ/16.jpg,/assets/images/car/hyundai/ioniqQ/23.jpg,25,57
129,"1,650",17/02식,"7,500km",/assets/images/car/gm/boltEVpriemier/1.jpg,/assets/images/car/gm/boltEVpriemier/2.jpg,/assets/images/car/gm/boltEVpriemier/3.jpg,/assets/images/car/gm/boltEVpriemier/5.jpg,145,47
130,"2,270",17/05식,"53,000km",/assets/images/car/samsung/twizyIntence/9.jpg,/assets/images/car/samsung/twizyIntence/12.jpg,/assets/images/car/samsung/twizyIntence/14.jpg,/assets/images/car/samsung/twizyIntence/15.jpg,168,20
131,"1,659",17/07식,"77,600km",/assets/images/car/gm/boltEV/1.jpg,/assets/images/car/gm/boltEV/6.jpg,/assets/images/car/gm/boltEV/8.jpg,/assets/images/car/gm/boltEV/23.jpg,233,45
132,"3,090",18/11식,"21,700km",/assets/images/car/kia/niroNobless/4.jpg,/assets/images/car/kia/niroNobless/7.jpg,/assets/images/car/kia/niroNobless/8.jpg,/assets/images/car/kia/niroNobless/10.jpg,26,51
133,"2,850",18/12식,"20,300km",/assets/images/car/samsung/sm3ZERE/3.jpg,/assets/images/car/samsung/sm3ZERE/19.jpg,/assets/images/car/samsung/sm3ZERE/20.jpg,/assets/images/car/samsung/sm3ZERE/21.jpg,14,27
134,"1,790",17/04식,"67,000km",/assets/images/car/gm/boltEVpriemier/1.jpg,/assets/images/car/gm/boltEVpriemier/2.jpg,/assets/images/car/gm/boltEVpriemier/3.jpg,/assets/images/car/gm/boltEVpriemier/5.jpg,234,47
135,"2,600",18/11식,"41,204km",/assets/images/car/kia/soulEV/3.jpg,/assets/images/car/kia/soulEV/5.jpg,/assets/images/car/kia/soulEV/8.jpg,/assets/images/car/kia/soulEV/17.jpg,15,34
136,"2,600",18/11식,"41,204km",/assets/images/car/hyundai/konaPremium/1.jpg,/assets/images/car/hyundai/konaPremium/17.jpg,/assets/images/car/hyundai/konaPremium/18.jpg,/assets/images/car/hyundai/konaPremium/20.jpg,16,12
137,"1,850",17/08식,"35,938km",/assets/images/car/hyundai/konaPremium/1.jpg,/assets/images/car/hyundai/konaPremium/4.jpg,/assets/images/car/hyundai/konaPremium/6.jpg,/assets/images/car/hyundai/konaPremium/8.jpg,217,10
138,"1,490",17/02식,"7,084km",/assets/images/car/hyundai/ioniqQ/2.jpg,/assets/images/car/hyundai/ioniqQ/6.jpg,/assets/images/car/hyundai/ioniqQ/10.jpg,/assets/images/car/hyundai/ioniqQ/15.jpg,146,60
139,"1,359",16/09식,"61,893km",/assets/images/car/samsung/twizyIntence/9.jpg,/assets/images/car/samsung/twizyIntence/12.jpg,/assets/images/car/samsung/twizyIntence/14.jpg,/assets/images/car/samsung/twizyIntence/15.jpg,153,20
140,"2,150",16/12식,"7,685km",/assets/images/car/samsung/twizyLife/1.jpg,/assets/images/car/samsung/twizyLife/5.jpg,/assets/images/car/samsung/twizyLife/10.jpg,/assets/images/car/samsung/twizyLife/13.jpg,256,17
141,"1,190",15/01식,"33,957km",/assets/images/car/samsung/sm3ZERE/12.jpg,/assets/images/car/samsung/sm3ZERE/14.jpg,/assets/images/car/samsung/sm3ZERE/17.jpg,/assets/images/car/samsung/sm3ZERE/18.jpg,186,27
142,"2,420",18/07식,"13,883km",/assets/images/car/hyundai/konaModern/1.jpg,/assets/images/car/hyundai/konaModern/2.jpg,/assets/images/car/hyundai/konaModern/3.jpg,/assets/images/car/hyundai/konaModern/4.jpg,169,9
143,999,15/12식,"17,082km",/assets/images/car/kia/soulEV/12.jpg,/assets/images/car/kia/soulEV/15.jpg,/assets/images/car/kia/soulEV/20.jpg,/assets/images/car/kia/soulEV/13.jpg,124,35
144,"2,330",18/05식,"62,400km",/assets/images/car/samsung/twizyIntence/9.jpg,/assets/images/car/samsung/twizyIntence/12.jpg,/assets/images/car/samsung/twizyIntence/14.jpg,/assets/images/car/samsung/twizyIntence/15.jpg,177,20
145,"1,790",16/08식,"59,113km",/assets/images/car/samsung/twizyLife/1.jpg,/assets/images/car/samsung/twizyLife/5.jpg,/assets/images/car/samsung/twizyLife/10.jpg,/assets/images/car/samsung/twizyLife/13.jpg,257,17
146,280,18/08식,"8,790km",/assets/images/car/hyundai/ioniqQ/2.jpg,/assets/images/car/hyundai/ioniqQ/11.jpg,/assets/images/car/hyundai/ioniqQ/16.jpg,/assets/images/car/hyundai/ioniqQ/23.jpg,71,57
147,"2,790",18/08식,"23,000km",/assets/images/car/samsung/twizyIntence/9.jpg,/assets/images/car/samsung/twizyIntence/12.jpg,/assets/images/car/samsung/twizyIntence/14.jpg,/assets/images/car/samsung/twizyIntence/15.jpg,17,20
148,"1,599",17/04식,"70,200km",/assets/images/car/samsung/twizyIntence/5.jpg,/assets/images/car/samsung/twizyIntence/10.jpg,/assets/images/car/samsung/twizyIntence/16.jpg,/assets/images/car/samsung/twizyIntence/17.jpg,258,20
149,"2,090",18/05식,"25,776km",/assets/images/car/hyundai/konaPremium/1.jpg,/assets/images/car/hyundai/konaPremium/17.jpg,/assets/images/car/hyundai/konaPremium/18.jpg,/assets/images/car/hyundai/konaPremium/20.jpg,205,12
150,"2,150",17/04식,"26,949km",/assets/images/car/kia/niroNobless/4.jpg,/assets/images/car/kia/niroNobless/7.jpg,/assets/images/car/kia/niroNobless/8.jpg,/assets/images/car/kia/niroNobless/10.jpg,259,51
151,"1,300",15/12식,"51,703km",/assets/images/car/hyundai/ioniqQ/2.jpg,/assets/images/car/hyundai/ioniqQ/11.jpg,/assets/images/car/hyundai/ioniqQ/16.jpg,/assets/images/car/hyundai/ioniqQ/23.jpg,154,57
152,360,19/07식,19km,/assets/images/car/gm/boltEVpriemier/1.jpg,/assets/images/car/gm/boltEVpriemier/2.jpg,/assets/images/car/gm/boltEVpriemier/3.jpg,/assets/images/car/gm/boltEVpriemier/5.jpg,72,47
153,"2,180",17/11식,"14,000km",/assets/images/car/samsung/twizyIntence/5.jpg,/assets/images/car/samsung/twizyIntence/10.jpg,/assets/images/car/samsung/twizyIntence/16.jpg,/assets/images/car/samsung/twizyIntence/17.jpg,235,20
154,"1,890",19/05식,"18,816km",/assets/images/car/samsung/sm3ZESE/24.jpg,/assets/images/car/samsung/sm3ZESE/7.jpg,/assets/images/car/samsung/sm3ZESE/18.jpg,/assets/images/car/samsung/sm3ZESE/16.jpg,241,25
155,770,13/12식,"75,818km",/assets/images/car/samsung/twizyLife/2.jpg,/assets/images/car/samsung/twizyLife/6.jpg,/assets/images/car/samsung/twizyLife/14.jpg,/assets/images/car/samsung/twizyLife/18.jpg,128,17
156,870,15/08식,"67,804km",/assets/images/car/hyundai/ioniqQ/2.jpg,/assets/images/car/hyundai/ioniqQ/11.jpg,/assets/images/car/hyundai/ioniqQ/16.jpg,/assets/images/car/hyundai/ioniqQ/23.jpg,116,57
157,"3,050",19/02식,"11,300km",/assets/images/car/kia/soulBouster/1.jpg,/assets/images/car/samsung/sm3ZERE/3.jpg,/assets/images/car/samsung/sm3ZERE/5.jpg,/assets/images/car/samsung/sm3ZERE/10.jpg,8,33
158,"1,850",17/09식,"19,000km",/assets/images/car/samsung/twizyIntence/5.jpg,/assets/images/car/samsung/twizyIntence/10.jpg,/assets/images/car/samsung/twizyIntence/16.jpg,/assets/images/car/samsung/twizyIntence/17.jpg,147,20
159,"2,010",17/06식,"13,833km",/assets/images/car/samsung/twizyLife/2.jpg,/assets/images/car/samsung/twizyLife/6.jpg,/assets/images/car/samsung/twizyLife/14.jpg,/assets/images/car/samsung/twizyLife/18.jpg,218,17
160,"1,550",17/06식,"24,978km",/assets/images/car/hyundai/konaModern/4.jpg,/assets/images/car/hyundai/konaModern/6.jpg,/assets/images/car/hyundai/konaModern/7.jpg,/assets/images/car/hyundai/konaModern/16.jpg,148,11
161,"1,849",16/07식,"43,000km",/assets/images/car/kia/niroNobless/3.jpg,/assets/images/car/kia/niroNobless/6.jpg,/assets/images/car/kia/niroNobless/9.jpg,/assets/images/car/kia/niroNobless/15.jpg,260,51
162,280,18/07식,"7,900km",/assets/images/car/samsung/twizyIntence/5.jpg,/assets/images/car/samsung/twizyIntence/10.jpg,/assets/images/car/samsung/twizyIntence/16.jpg,/assets/images/car/samsung/twizyIntence/17.jpg,73,20
163,300,18/11식,387km,/assets/images/car/hyundai/ioniqQ/10.jpg,/assets/images/car/hyundai/ioniqQ/12.jpg,/assets/images/car/hyundai/ioniqQ/14.jpg,/assets/images/car/hyundai/ioniqQ/15.jpg,74,55
164,370,20/06식,12km,/assets/images/car/gm/boltEVpriemier/1.jpg,/assets/images/car/gm/boltEVpriemier/2.jpg,/assets/images/car/gm/boltEVpriemier/3.jpg,/assets/images/car/gm/boltEVpriemier/5.jpg,41,47
165,"1,230",17/03식,"28,485km",/assets/images/car/kia/soulEV/3.jpg,/assets/images/car/kia/soulEV/5.jpg,/assets/images/car/kia/soulEV/8.jpg,/assets/images/car/kia/soulEV/17.jpg,102,34
166,350,18/10식,"4,171km",/assets/images/car/samsung/twizyIntence/5.jpg,/assets/images/car/samsung/twizyIntence/10.jpg,/assets/images/car/samsung/twizyIntence/16.jpg,/assets/images/car/samsung/twizyIntence/17.jpg,75,20
167,359,19/07식,"1,718km",/assets/images/car/gm/boltEVpriemier/1.jpg,/assets/images/car/gm/boltEVpriemier/2.jpg,/assets/images/car/gm/boltEVpriemier/3.jpg,/assets/images/car/gm/boltEVpriemier/5.jpg,76,47
168,"2,790",19/03식,"31,380km",/assets/images/car/samsung/sm3ZESE/24.jpg,/assets/images/car/samsung/sm3ZESE/7.jpg,/assets/images/car/samsung/sm3ZESE/18.jpg,/assets/images/car/samsung/sm3ZESE/16.jpg,1,25
169,410,19/08식,22km,/assets/images/car/samsung/twizyIntence/5.jpg,/assets/images/car/samsung/twizyIntence/10.jpg,/assets/images/car/samsung/twizyIntence/16.jpg,/assets/images/car/samsung/twizyIntence/17.jpg,42,20
170,"1,650",16/09식,"78,000km",/assets/images/car/hyundai/konaPremium/1.jpg,/assets/images/car/hyundai/konaPremium/17.jpg,/assets/images/car/hyundai/konaPremium/18.jpg,/assets/images/car/hyundai/konaPremium/20.jpg,261,12
171,280,18/10식,"2,850km",/assets/images/car/kia/niroNobless/3.jpg,/assets/images/car/kia/niroNobless/6.jpg,/assets/images/car/kia/niroNobless/9.jpg,/assets/images/car/kia/niroNobless/15.jpg,55,51
172,340,19/05식,32km,/assets/images/car/samsung/twizyIntence/5.jpg,/assets/images/car/samsung/twizyIntence/10.jpg,/assets/images/car/samsung/twizyIntence/16.jpg,/assets/images/car/samsung/twizyIntence/17.jpg,77,20
173,"2,350",18/08식,"61,000km",/assets/images/car/hyundai/ioniqQ/2.jpg,/assets/images/car/hyundai/ioniqQ/11.jpg,/assets/images/car/hyundai/ioniqQ/16.jpg,/assets/images/car/hyundai/ioniqQ/23.jpg,178,57
174,"1,690",17/03식,"126,280km",/assets/images/car/hyundai/ioniqQ/2.jpg,/assets/images/car/hyundai/ioniqQ/11.jpg,/assets/images/car/hyundai/ioniqQ/16.jpg,/assets/images/car/hyundai/ioniqQ/23.jpg,262,57
175,350,18/05식,"1,687km",/assets/images/car/samsung/sm3ZESE/1.jpg,/assets/images/car/samsung/sm3ZESE/4.jpg,/assets/images/car/samsung/sm3ZESE/8.jpg,/assets/images/car/samsung/sm3ZESE/19.jpg,78,23
176,350,19/07식,50km,/assets/images/car/samsung/sm3ZESE/24.jpg,/assets/images/car/samsung/sm3ZESE/7.jpg,/assets/images/car/samsung/sm3ZESE/18.jpg,/assets/images/car/samsung/sm3ZESE/16.jpg,79,25
177,"2,050",18/01식,"37,615km",/assets/images/car/hyundai/ioniqQ/2.jpg,/assets/images/car/hyundai/ioniqQ/6.jpg,/assets/images/car/hyundai/ioniqQ/10.jpg,/assets/images/car/hyundai/ioniqQ/15.jpg,236,60
178,"3,300",19/06식,"16,861km",/assets/images/car/samsung/sm3ZERE/12.jpg,/assets/images/car/samsung/sm3ZERE/14.jpg,/assets/images/car/samsung/sm3ZERE/17.jpg,/assets/images/car/samsung/sm3ZERE/18.jpg,9,27
179,"2,070",17/05식,"22,700km",/assets/images/car/samsung/twizyLife/6.jpg,/assets/images/car/samsung/twizyLife/8.jpg,/assets/images/car/samsung/twizyLife/14.jpg,/assets/images/car/samsung/twizyLife/16.jpg,263,19
180,"1,080",16/12식,"48,925km",/assets/images/car/hyundai/konaPremium/1.jpg,/assets/images/car/hyundai/konaPremium/17.jpg,/assets/images/car/hyundai/konaPremium/18.jpg,/assets/images/car/hyundai/konaPremium/20.jpg,103,12
181,975,16/12식,"32,101km",/assets/images/car/hyundai/ioniqQ/10.jpg,/assets/images/car/hyundai/ioniqQ/12.jpg,/assets/images/car/hyundai/ioniqQ/14.jpg,/assets/images/car/hyundai/ioniqQ/15.jpg,97,55
182,"2,850",18/05식,"32,566km",/assets/images/car/hyundai/ioniqQ/2.jpg,/assets/images/car/hyundai/ioniqQ/11.jpg,/assets/images/car/hyundai/ioniqQ/16.jpg,/assets/images/car/hyundai/ioniqQ/23.jpg,27,57
183,"1,280",17/09식,"24,800km",/assets/images/car/samsung/sm3ZERE/12.jpg,/assets/images/car/samsung/sm3ZERE/14.jpg,/assets/images/car/samsung/sm3ZERE/17.jpg,/assets/images/car/samsung/sm3ZERE/18.jpg,104,27
184,340,19/07식,161km,/assets/images/car/kia/soulEV/3.jpg,/assets/images/car/kia/soulEV/5.jpg,/assets/images/car/kia/soulEV/8.jpg,/assets/images/car/kia/soulEV/17.jpg,80,34
185,850,15/08식,"25,000km",/assets/images/car/kia/soulEV/3.jpg,/assets/images/car/kia/soulEV/5.jpg,/assets/images/car/kia/soulEV/8.jpg,/assets/images/car/kia/soulEV/17.jpg,117,34
186,800,15/11식,"45,153km",/assets/images/car/samsung/twizyLife/2.jpg,/assets/images/car/samsung/twizyLife/6.jpg,/assets/images/car/samsung/twizyLife/14.jpg,/assets/images/car/samsung/twizyLife/18.jpg,118,17
187,330,17/12식,"5,069km",/assets/images/car/gm/boltEVpriemier/3.jpg,/assets/images/car/gm/boltEVpriemier/8.jpg,/assets/images/car/gm/boltEVpriemier/9.jpg,/assets/images/car/gm/boltEVpriemier/10.jpg,81,44
188,"1,790",17/09식,"7,027km",/assets/images/car/gm/boltEV/1.jpg,/assets/images/car/gm/boltEV/6.jpg,/assets/images/car/gm/boltEV/8.jpg,/assets/images/car/gm/boltEV/23.jpg,242,45
189,380,19/03식,"2,200km",/assets/images/car/samsung/twizyIntence/12.jpg,/assets/images/car/samsung/twizyIntence/11.jpg,/assets/images/car/samsung/twizyIntence/17.jpg,/assets/images/car/samsung/twizyIntence/22.jpg,82,18
190,860,15/12식,"79,901km",/assets/images/car/samsung/twizyLife/2.jpg,/assets/images/car/samsung/twizyLife/6.jpg,/assets/images/car/samsung/twizyLife/14.jpg,/assets/images/car/samsung/twizyLife/18.jpg,119,17
191,699,14/04식,"39,296km",/assets/images/car/kia/soulEV/12.jpg,/assets/images/car/kia/soulEV/15.jpg,/assets/images/car/kia/soulEV/20.jpg,/assets/images/car/kia/soulEV/13.jpg,125,34
192,999,18/06식,961km,/assets/images/car/hyundai/ioniqI/2.jpg,/assets/images/car/hyundai/ioniqI/8.jpg,/assets/images/car/hyundai/ioniqI/17.jpg,/assets/images/car/hyundai/ioniqI/22.jpg,83,58
193,"3,080",19/03식,"37,773km",/assets/images/car/gm/boltEVpriemier/1.jpg,/assets/images/car/gm/boltEVpriemier/2.jpg,/assets/images/car/gm/boltEVpriemier/3.jpg,/assets/images/car/gm/boltEVpriemier/5.jpg,10,41
194,"1,750",18/06식,"45,000km",/assets/images/car/samsung/twizyIntence/5.jpg,/assets/images/car/samsung/twizyIntence/10.jpg,/assets/images/car/samsung/twizyIntence/16.jpg,/assets/images/car/samsung/twizyIntence/17.jpg,188,20
195,930,16/12식,"57,238km",/assets/images/car/kia/soulBouster/1.jpg,/assets/images/car/samsung/sm3ZERE/3.jpg,/assets/images/car/samsung/sm3ZERE/5.jpg,/assets/images/car/samsung/sm3ZERE/10.jpg,98,33
196,"1,290",15/12식,"64,627km",/assets/images/car/hyundai/ioniqI/2.jpg,/assets/images/car/hyundai/ioniqI/8.jpg,/assets/images/car/hyundai/ioniqI/17.jpg,/assets/images/car/hyundai/ioniqI/22.jpg,155,58
197,"3,300",18/10식,"35,000km",/assets/images/car/samsung/sm3ZESE/24.jpg,/assets/images/car/samsung/sm3ZESE/7.jpg,/assets/images/car/samsung/sm3ZESE/18.jpg,/assets/images/car/samsung/sm3ZESE/16.jpg,197,25
198,365,18/05식,285km,/assets/images/car/kia/niroNobless/3.jpg,/assets/images/car/kia/niroNobless/6.jpg,/assets/images/car/kia/niroNobless/9.jpg,/assets/images/car/kia/niroNobless/15.jpg,84,51
199,990,15/05식,"70,600km",/assets/images/car/samsung/sm3ZERE/12.jpg,/assets/images/car/samsung/sm3ZERE/14.jpg,/assets/images/car/samsung/sm3ZERE/17.jpg,/assets/images/car/samsung/sm3ZERE/18.jpg,187,27
200,420,18/05식,"5,000km",/assets/images/car/kia/soulEV/12.jpg,/assets/images/car/kia/soulEV/15.jpg,/assets/images/car/kia/soulEV/20.jpg,/assets/images/car/kia/soulEV/13.jpg,85,34
201,"1,440",17/11식,"97,073km",/assets/images/car/samsung/twizyLife/6.jpg,/assets/images/car/samsung/twizyLife/8.jpg,/assets/images/car/samsung/twizyLife/14.jpg,/assets/images/car/samsung/twizyLife/16.jpg,220,19
202,330,20/06식,31km,/assets/images/car/samsung/sm3ZESE/24.jpg,/assets/images/car/samsung/sm3ZESE/7.jpg,/assets/images/car/samsung/sm3ZESE/18.jpg,/assets/images/car/samsung/sm3ZESE/16.jpg,43,25
203,"3,100",18/06식,"27,280km",/assets/images/car/gm/boltEVpriemier/3.jpg,/assets/images/car/gm/boltEVpriemier/8.jpg,/assets/images/car/gm/boltEVpriemier/9.jpg,/assets/images/car/gm/boltEVpriemier/10.jpg,28,44
204,"1,979",17/12식,"57,997km",/assets/images/car/kia/niroNobless/3.jpg,/assets/images/car/kia/niroNobless/6.jpg,/assets/images/car/kia/niroNobless/9.jpg,/assets/images/car/kia/niroNobless/15.jpg,237,51
205,"1,450",17/02식,"11,667km",/assets/images/car/hyundai/ioniqQ/13.jpg,/assets/images/car/hyundai/ioniqQ/15.jpg,/assets/images/car/hyundai/ioniqQ/18.jpg,/assets/images/car/hyundai/ioniqQ/20.jpg,149,60
206,"2,150",18/05식,"27,000km",/assets/images/car/hyundai/konaPremium/1.jpg,/assets/images/car/hyundai/konaPremium/4.jpg,/assets/images/car/hyundai/konaPremium/6.jpg,/assets/images/car/hyundai/konaPremium/8.jpg,179,10
207,"2,100",18/01식,"46,167km",/assets/images/car/hyundai/ioniqN/7.jpg,/assets/images/car/hyundai/ioniqN/10.jpg,/assets/images/car/hyundai/ioniqN/8.jpg,/assets/images/car/hyundai/ioniqN/11.jpg,238,54
208,"1,960",16/11식,"7,071km",/assets/images/car/samsung/sm3ZERE/12.jpg,/assets/images/car/samsung/sm3ZERE/14.jpg,/assets/images/car/samsung/sm3ZERE/17.jpg,/assets/images/car/samsung/sm3ZERE/18.jpg,246,27
209,"2,080",16/12식,"10,487km",/assets/images/car/gm/boltEVpriemier/3.jpg,/assets/images/car/gm/boltEVpriemier/8.jpg,/assets/images/car/gm/boltEVpriemier/9.jpg,/assets/images/car/gm/boltEVpriemier/10.jpg,264,44
210,"1,150",16/08식,"17,673km",/assets/images/car/gm/boltEVLT/5.jpg,/assets/images/car/gm/boltEVLT/6.jpg,/assets/images/car/gm/boltEVLT/7.jpg,/assets/images/car/gm/boltEVLT/15.jpg,105,46
211,950,17/01식,"82,000km",/assets/images/car/samsung/twizyIntence/12.jpg,/assets/images/car/samsung/twizyIntence/11.jpg,/assets/images/car/samsung/twizyIntence/17.jpg,/assets/images/car/samsung/twizyIntence/22.jpg,106,18
212,310,18/06식,"1,009km",/assets/images/car/hyundai/konaPremium/1.jpg,/assets/images/car/hyundai/konaPremium/4.jpg,/assets/images/car/hyundai/konaPremium/6.jpg,/assets/images/car/hyundai/konaPremium/8.jpg,86,10
213,"3,050",19/01식,"17,000km",/assets/images/car/hyundai/ioniqQ/2.jpg,/assets/images/car/hyundai/ioniqQ/11.jpg,/assets/images/car/hyundai/ioniqQ/16.jpg,/assets/images/car/hyundai/ioniqQ/23.jpg,11,57
214,450,19/07식,450km,/assets/images/car/samsung/twizyIntence/5.jpg,/assets/images/car/samsung/twizyIntence/10.jpg,/assets/images/car/samsung/twizyIntence/16.jpg,/assets/images/car/samsung/twizyIntence/17.jpg,87,20
215,"3,290",19/05식,"19,116km",/assets/images/car/hyundai/konaPremium/1.jpg,/assets/images/car/hyundai/konaPremium/4.jpg,/assets/images/car/hyundai/konaPremium/6.jpg,/assets/images/car/hyundai/konaPremium/8.jpg,12,10
216,280,19/12식,15km,/assets/images/car/samsung/sm3ZERE/12.jpg,/assets/images/car/samsung/sm3ZERE/14.jpg,/assets/images/car/samsung/sm3ZERE/17.jpg,/assets/images/car/samsung/sm3ZERE/18.jpg,44,27
217,320,18/05식,"3,700km",/assets/images/car/kia/niroNobless/3.jpg,/assets/images/car/kia/niroNobless/6.jpg,/assets/images/car/kia/niroNobless/9.jpg,/assets/images/car/kia/niroNobless/15.jpg,56,51
218,"2,790",18/09식,"63,800km",/assets/images/car/samsung/twizyIntence/5.jpg,/assets/images/car/samsung/twizyIntence/10.jpg,/assets/images/car/samsung/twizyIntence/16.jpg,/assets/images/car/samsung/twizyIntence/17.jpg,29,20
219,"2,430",17/07식,"47,500km",/assets/images/car/hyundai/ioniqQ/13.jpg,/assets/images/car/hyundai/ioniqQ/15.jpg,/assets/images/car/hyundai/ioniqQ/18.jpg,/assets/images/car/hyundai/ioniqQ/20.jpg,180,60
220,"1,800",17/01식,"18,421km",/assets/images/car/gm/boltEVpriemier/1.jpg,/assets/images/car/gm/boltEVpriemier/2.jpg,/assets/images/car/gm/boltEVpriemier/3.jpg,/assets/images/car/gm/boltEVpriemier/5.jpg,247,47
221,"1,050",18/10식,"56,000km",/assets/images/car/hyundai/konaPremium/1.jpg,/assets/images/car/hyundai/konaPremium/4.jpg,/assets/images/car/hyundai/konaPremium/6.jpg,/assets/images/car/hyundai/konaPremium/8.jpg,30,10
222,렌트승계,17/10식,"54,400km",/assets/images/car/samsung/twizyLife/2.jpg,/assets/images/car/samsung/twizyLife/6.jpg,/assets/images/car/samsung/twizyLife/14.jpg,/assets/images/car/samsung/twizyLife/18.jpg,107,17
223,"1,100",18/06식,"56,200km",/assets/images/car/samsung/twizyLife/2.jpg,/assets/images/car/samsung/twizyLife/6.jpg,/assets/images/car/samsung/twizyLife/14.jpg,/assets/images/car/samsung/twizyLife/18.jpg,170,17
224,"2,150",18/09식,"81,000km",/assets/images/car/kia/soulEV/12.jpg,/assets/images/car/kia/soulEV/15.jpg,/assets/images/car/kia/soulEV/20.jpg,/assets/images/car/kia/soulEV/13.jpg,198,35
225,"2,700",18/05식,"10,000km",/assets/images/car/samsung/twizyIntence/5.jpg,/assets/images/car/samsung/twizyIntence/10.jpg,/assets/images/car/samsung/twizyIntence/16.jpg,/assets/images/car/samsung/twizyIntence/17.jpg,31,20
226,"3,230",18/04식,"45,000km",/assets/images/car/samsung/sm3ZERE/3.jpg,/assets/images/car/samsung/sm3ZERE/19.jpg,/assets/images/car/samsung/sm3ZERE/20.jpg,/assets/images/car/samsung/sm3ZERE/21.jpg,181,26
227,"2,790",19/07식,"41,600km",/assets/images/car/hyundai/ioniqI/2.jpg,/assets/images/car/hyundai/ioniqI/8.jpg,/assets/images/car/hyundai/ioniqI/17.jpg,/assets/images/car/hyundai/ioniqI/22.jpg,189,58
228,"3,080",18/12식,"15,500km",/assets/images/car/kia/soulEV/12.jpg,/assets/images/car/kia/soulEV/15.jpg,/assets/images/car/kia/soulEV/20.jpg,/assets/images/car/kia/soulEV/13.jpg,32,34
229,"3,150",19/08식,"5,710km",/assets/images/car/hyundai/ioniqQ/10.jpg,/assets/images/car/hyundai/ioniqQ/12.jpg,/assets/images/car/hyundai/ioniqQ/14.jpg,/assets/images/car/hyundai/ioniqQ/15.jpg,33,55
230,"2,200",18/05식,"31,300km",/assets/images/car/samsung/twizyIntence/5.jpg,/assets/images/car/samsung/twizyIntence/10.jpg,/assets/images/car/samsung/twizyIntence/16.jpg,/assets/images/car/samsung/twizyIntence/17.jpg,163,20
231,"2,540",18/07식,"27,500km",/assets/images/car/samsung/sm3ZESE/24.jpg,/assets/images/car/samsung/sm3ZESE/7.jpg,/assets/images/car/samsung/sm3ZESE/18.jpg,/assets/images/car/samsung/sm3ZESE/16.jpg,182,25
232,319,18/11식,400km,/assets/images/car/samsung/sm3ZERE/12.jpg,/assets/images/car/samsung/sm3ZERE/14.jpg,/assets/images/car/samsung/sm3ZERE/17.jpg,/assets/images/car/samsung/sm3ZERE/18.jpg,88,27
233,"1,650",17/04식,"75,937km",/assets/images/car/samsung/sm3ZESE/24.jpg,/assets/images/car/samsung/sm3ZESE/7.jpg,/assets/images/car/samsung/sm3ZESE/18.jpg,/assets/images/car/samsung/sm3ZESE/16.jpg,265,25
234,"3,200",18/09식,"20,700km",/assets/images/car/kia/niroNobless/3.jpg,/assets/images/car/kia/niroNobless/6.jpg,/assets/images/car/kia/niroNobless/9.jpg,/assets/images/car/kia/niroNobless/15.jpg,199,51
235,"2,050",18/05식,"20,000km",/assets/images/car/hyundai/ioniqQ/2.jpg,/assets/images/car/hyundai/ioniqQ/11.jpg,/assets/images/car/hyundai/ioniqQ/16.jpg,/assets/images/car/hyundai/ioniqQ/23.jpg,206,57
236,999,16/12식,"48,688km",/assets/images/car/kia/soulEV/12.jpg,/assets/images/car/kia/soulEV/15.jpg,/assets/images/car/kia/soulEV/20.jpg,/assets/images/car/kia/soulEV/13.jpg,99,34
237,"1,130",15/12식,"39,582km",/assets/images/car/hyundai/ioniqQ/13.jpg,/assets/images/car/hyundai/ioniqQ/15.jpg,/assets/images/car/hyundai/ioniqQ/18.jpg,/assets/images/car/hyundai/ioniqQ/20.jpg,120,60
238,959,16/12식,"68,186km",/assets/images/car/samsung/twizyIntence/12.jpg,/assets/images/car/samsung/twizyIntence/11.jpg,/assets/images/car/samsung/twizyIntence/17.jpg,/assets/images/car/samsung/twizyIntence/22.jpg,100,18
239,"2,200",17/06식,"48,500km",/assets/images/car/samsung/twizyIntence/5.jpg,/assets/images/car/samsung/twizyIntence/10.jpg,/assets/images/car/samsung/twizyIntence/16.jpg,/assets/images/car/samsung/twizyIntence/17.jpg,164,20
240,919,16/03식,"44,625km",/assets/images/car/samsung/twizyIntence/12.jpg,/assets/images/car/samsung/twizyIntence/11.jpg,/assets/images/car/samsung/twizyIntence/17.jpg,/assets/images/car/samsung/twizyIntence/22.jpg,108,18
241,"1,820",17/08식,"38,152km",/assets/images/car/hyundai/konaPremium/1.jpg,/assets/images/car/hyundai/konaPremium/17.jpg,/assets/images/car/hyundai/konaPremium/18.jpg,/assets/images/car/hyundai/konaPremium/20.jpg,221,12
242,"1,820",17/08식,"38,152km",/assets/images/car/gm/boltEVpriemier/1.jpg,/assets/images/car/gm/boltEVpriemier/2.jpg,/assets/images/car/gm/boltEVpriemier/3.jpg,/assets/images/car/gm/boltEVpriemier/5.jpg,222,47
243,600,15/12식,"201,000km",/assets/images/car/hyundai/ioniqQ/13.jpg,/assets/images/car/hyundai/ioniqQ/15.jpg,/assets/images/car/hyundai/ioniqQ/18.jpg,/assets/images/car/hyundai/ioniqQ/20.jpg,121,60
244,"2,390",18/06식,"45,827km",/assets/images/car/hyundai/konaPremium/1.jpg,/assets/images/car/hyundai/konaPremium/17.jpg,/assets/images/car/hyundai/konaPremium/18.jpg,/assets/images/car/hyundai/konaPremium/20.jpg,183,12
245,"1,850",18/05식,"56,532km",/assets/images/car/hyundai/ioniqN/1.jpg,/assets/images/car/hyundai/ioniqN/15.jpg,/assets/images/car/hyundai/ioniqN/23.jpg,/assets/images/car/hyundai/ioniqN/24.jpg,223,59
246,750,13/12식,"95,000km",/assets/images/car/gm/boltEVpriemier/1.jpg,/assets/images/car/gm/boltEVpriemier/2.jpg,/assets/images/car/gm/boltEVpriemier/3.jpg,/assets/images/car/gm/boltEVpriemier/5.jpg,127,47
247,"1,900",17/05식,"98,500km",/assets/images/car/samsung/sm3ZERE/3.jpg,/assets/images/car/samsung/sm3ZERE/19.jpg,/assets/images/car/samsung/sm3ZERE/20.jpg,/assets/images/car/samsung/sm3ZERE/21.jpg,184,26
248,"2,560",18/05식,"36,293km",/assets/images/car/samsung/twizyIntence/5.jpg,/assets/images/car/samsung/twizyIntence/10.jpg,/assets/images/car/samsung/twizyIntence/16.jpg,/assets/images/car/samsung/twizyIntence/17.jpg,185,20
249,"3,290",19/04식,"15,207km",/assets/images/car/hyundai/ioniqN/1.jpg,/assets/images/car/hyundai/ioniqN/15.jpg,/assets/images/car/hyundai/ioniqN/23.jpg,/assets/images/car/hyundai/ioniqN/24.jpg,13,59
250,"1,900",18/02식,"45,000km",/assets/images/car/hyundai/konaPremium/1.jpg,/assets/images/car/hyundai/konaPremium/17.jpg,/assets/images/car/hyundai/konaPremium/18.jpg,/assets/images/car/hyundai/konaPremium/20.jpg,224,12
251,"3,100",19/03식,"15,000km",/assets/images/car/gm/boltEVLT/5.jpg,/assets/images/car/gm/boltEVLT/6.jpg,/assets/images/car/gm/boltEVLT/7.jpg,/assets/images/car/gm/boltEVLT/15.jpg,131,46
252,"3,300",19/07식,"35,662km",/assets/images/car/samsung/twizyIntence/5.jpg,/assets/images/car/samsung/twizyIntence/10.jpg,/assets/images/car/samsung/twizyIntence/16.jpg,/assets/images/car/samsung/twizyIntence/17.jpg,200,20
253,360,19/11식,55km,/assets/images/car/hyundai/ioniqN/7.jpg,/assets/images/car/hyundai/ioniqN/10.jpg,/assets/images/car/hyundai/ioniqN/8.jpg,/assets/images/car/hyundai/ioniqN/11.jpg,45,54
254,470,19/10식,"2,112km",/assets/images/car/hyundai/konaPremium/1.jpg,/assets/images/car/hyundai/konaPremium/17.jpg,/assets/images/car/hyundai/konaPremium/18.jpg,/assets/images/car/hyundai/konaPremium/20.jpg,46,12
255,350,17/07식,"3,600km",/assets/images/car/hyundai/konaPremium/1.jpg,/assets/images/car/hyundai/konaPremium/4.jpg,/assets/images/car/hyundai/konaPremium/6.jpg,/assets/images/car/hyundai/konaPremium/8.jpg,89,10
256,"3,450",18/10식,"23,500km",/assets/images/car/gm/spark/1.jpg,/assets/images/car/gm/spark/2.jpg,/assets/images/car/gm/spark/3.jpg,,201,48
257,"3,000",18/09식,"25,000km",/assets/images/car/samsung/twizyIntence/9.jpg,/assets/images/car/samsung/twizyIntence/12.jpg,/assets/images/car/samsung/twizyIntence/14.jpg,/assets/images/car/samsung/twizyIntence/15.jpg,202,20
258,"2,950",18/11식,"36,272km",/assets/images/car/hyundai/ioniqQ/13.jpg,/assets/images/car/hyundai/ioniqQ/15.jpg,/assets/images/car/hyundai/ioniqQ/18.jpg,/assets/images/car/hyundai/ioniqQ/20.jpg,34,60
259,"2,180",17/11식,"22,500km",/assets/images/car/samsung/sm3ZESE/24.jpg,/assets/images/car/samsung/sm3ZESE/7.jpg,/assets/images/car/samsung/sm3ZESE/18.jpg,/assets/images/car/samsung/sm3ZESE/16.jpg,239,25
260,350,18/06식,"1,000km",/assets/images/car/hyundai/ioniqN/3.jpg,/assets/images/car/hyundai/ioniqN/9.jpg,/assets/images/car/hyundai/ioniqN/10.jpg,/assets/images/car/hyundai/ioniqN/12.jpg,57,56
261,"2,850",19/05식,"7,500km",/assets/images/car/hyundai/ioniqQ/13.jpg,/assets/images/car/hyundai/ioniqQ/15.jpg,/assets/images/car/hyundai/ioniqQ/18.jpg,/assets/images/car/hyundai/ioniqQ/20.jpg,162,60
262,899,16/12식,"44,261km",/assets/images/car/gm/boltEVpriemier/1.jpg,/assets/images/car/gm/boltEVpriemier/2.jpg,/assets/images/car/gm/boltEVpriemier/3.jpg,/assets/images/car/gm/boltEVpriemier/5.jpg,101,41
