899,16/12식,"60,375km",TRUE,TRUE,/assets/images/car/hyundai/ioniqN/7.jpg,/assets/images/car/hyundai/ioniqN/10.jpg,/assets/images/car/hyundai/ioniqN/8.jpg,/assets/images/car/hyundai/ioniqN/11.jpg,93,68
300,18/04식,588km,TRUE,TRUE,/assets/images/car/gm/boltEVpriemier/3.jpg,/assets/images/car/gm/boltEVpriemier/8.jpg,/assets/images/car/gm/boltEVpriemier/9.jpg,/assets/images/car/gm/boltEVpriemier/10.jpg,58,63
"2,030",17/06식,"6,495km",TRUE,TRUE,/assets/images/car/samsung/sm3ZERE/1.jpg,/assets/images/car/samsung/sm3ZERE/2.jpg,/assets/images/car/samsung/sm3ZERE/4.jpg,/assets/images/car/samsung/sm3ZERE/5.jpg,212,50
"1,550",19/06식,"17,234km",TRUE,TRUE,/assets/images/car/hyundai/konaPremium/1.jpg,/assets/images/car/hyundai/konaPremium/4.jpg,/assets/images/car/hyundai/konaPremium/6.jpg,/assets/images/car/hyundai/konaPremium/8.jpg,90,44
899,16/12식,"39,636km",TRUE,TRUE,/assets/images/car/kia/soulEV/12.jpg,/assets/images/car/kia/soulEV/15.jpg,/assets/images/car/kia/soulEV/20.jpg,/assets/images/car/kia/soulEV/13.jpg,94,56
"1,420",16/06식,"57,037km",TRUE,TRUE,/assets/images/car/hyundai/ioniqN/7.jpg,/assets/images/car/hyundai/ioniqN/10.jpg,/assets/images/car/hyundai/ioniqN/8.jpg,/assets/images/car/hyundai/ioniqN/11.jpg,150,68
"1,459",16/12식,"80,046km",TRUE,TRUE,/assets/images/car/samsung/sm3ZERE/1.jpg,/assets/images/car/samsung/sm3ZERE/2.jpg,/assets/images/car/samsung/sm3ZERE/4.jpg,/assets/images/car/samsung/sm3ZERE/5.jpg,243,50
"3,190",19/07식,"5,100km",TRUE,TRUE,/assets/images/car/hyundai/konaPremium/6.jpg,/assets/images/car/hyundai/konaPremium/7.jpg,/assets/images/car/hyundai/konaPremium/16.jpg,/assets/images/car/hyundai/konaPremium/20.jpg,129,44
850,15/09식,"44,891km",TRUE,TRUE,/assets/images/car/hyundai/konaPremium/6.jpg,/assets/images/car/hyundai/konaPremium/7.jpg,/assets/images/car/hyundai/konaPremium/16.jpg,/assets/images/car/hyundai/konaPremium/20.jpg,109,44
"2,699",19/04식,"29,320km",TRUE,TRUE,/assets/images/car/samsung/sm3ZERE/3.jpg,/assets/images/car/samsung/sm3ZERE/19.jpg,/assets/images/car/samsung/sm3ZERE/20.jpg,/assets/images/car/samsung/sm3ZERE/21.jpg,156,32
"1,890",17/03식,"101,000km",TRUE,TRUE,/assets/images/car/samsung/sm3ZERE/1.jpg,/assets/images/car/samsung/sm3ZERE/2.jpg,/assets/images/car/samsung/sm3ZERE/4.jpg,/assets/images/car/samsung/sm3ZERE/5.jpg,225,50
"2,950",19/04식,"29,131km",TRUE,TRUE,/assets/images/car/samsung/twizyIntence/9.jpg,/assets/images/car/samsung/twizyIntence/12.jpg,/assets/images/car/samsung/twizyIntence/14.jpg,/assets/images/car/samsung/twizyIntence/15.jpg,2,46
"1,630",16/12식,"60,864km",TRUE,TRUE,/assets/images/car/hyundai/ioniqN/7.jpg,/assets/images/car/hyundai/ioniqN/10.jpg,/assets/images/car/hyundai/ioniqN/8.jpg,/assets/images/car/hyundai/ioniqN/11.jpg,244,68
799,15/03식,"43,729km",TRUE,TRUE,/assets/images/car/kia/niroNobless/4.jpg,/assets/images/car/kia/niroNobless/7.jpg,/assets/images/car/kia/niroNobless/8.jpg,/assets/images/car/kia/niroNobless/10.jpg,110,37
"1,460",17/02식,"9,350km",TRUE,TRUE,/assets/images/car/hyundai/ioniqQ/10.jpg,/assets/images/car/hyundai/ioniqQ/12.jpg,/assets/images/car/hyundai/ioniqQ/14.jpg,/assets/images/car/hyundai/ioniqQ/15.jpg,132,69
"3,290",18/06식,"19,212km",TRUE,TRUE,/assets/images/car/hyundai/ioniqQ/10.jpg,/assets/images/car/hyundai/ioniqQ/12.jpg,/assets/images/car/hyundai/ioniqQ/14.jpg,/assets/images/car/hyundai/ioniqQ/15.jpg,18,66
320,18/03식,"6,000km",TRUE,TRUE,/assets/images/car/samsung/twizyIntence/9.jpg,/assets/images/car/samsung/twizyIntence/12.jpg,/assets/images/car/samsung/twizyIntence/14.jpg,/assets/images/car/samsung/twizyIntence/15.jpg,59,46
"2,140",18/06식,"23,000km",TRUE,TRUE,/assets/images/car/kia/soulEV/1.jpg,/assets/images/car/kia/soulEV/3.jpg,/assets/images/car/kia/soulEV/5.jpg,/assets/images/car/kia/soulEV/7.jpg,207,56
"1,990",18/03식,"20,000km",TRUE,TRUE,/assets/images/car/samsung/sm3ZERE/1.jpg,/assets/images/car/samsung/sm3ZERE/2.jpg,/assets/images/car/samsung/sm3ZERE/4.jpg,/assets/images/car/samsung/sm3ZERE/5.jpg,213,47
360,18/01식,543km,TRUE,TRUE,/assets/images/car/samsung/twizyIntence/9.jpg,/assets/images/car/samsung/twizyIntence/12.jpg,/assets/images/car/samsung/twizyIntence/14.jpg,/assets/images/car/samsung/twizyIntence/15.jpg,60,46
"1,970",16/11식,"22,682km",TRUE,TRUE,/assets/images/car/hyundai/ioniqN/7.jpg,/assets/images/car/hyundai/ioniqN/10.jpg,/assets/images/car/hyundai/ioniqN/8.jpg,/assets/images/car/hyundai/ioniqN/11.jpg,248,68
"2,250",17/05식,"42,900km",TRUE,TRUE,/assets/images/car/samsung/twizyLife/1.jpg,/assets/images/car/samsung/twizyLife/5.jpg,/assets/images/car/samsung/twizyLife/10.jpg,/assets/images/car/samsung/twizyLife/13.jpg,165,45
"1,699",17/02식,"46,514km",TRUE,TRUE,/assets/images/car/samsung/sm3ZESEplus/5.jpg,/assets/images/car/samsung/sm3ZESEplus/9.jpg,/assets/images/car/samsung/sm3ZESEplus/16.jpg,/assets/images/car/samsung/sm3ZESEplus/17.jpg,249,52
"1,230",17/02식,"35,499km",TRUE,TRUE,/assets/images/car/hyundai/konaPremium/6.jpg,/assets/images/car/hyundai/konaPremium/7.jpg,/assets/images/car/hyundai/konaPremium/16.jpg,/assets/images/car/hyundai/konaPremium/20.jpg,133,44
"2,070",18/03식,"48,860km",TRUE,TRUE,/assets/images/car/gm/boltEVLT/5.jpg,/assets/images/car/gm/boltEVLT/6.jpg,/assets/images/car/gm/boltEVLT/7.jpg,/assets/images/car/gm/boltEVLT/15.jpg,226,62
"3,550",19/04식,"26,040km",TRUE,TRUE,/assets/images/car/samsung/twizyIntence/9.jpg,/assets/images/car/samsung/twizyIntence/12.jpg,/assets/images/car/samsung/twizyIntence/14.jpg,/assets/images/car/samsung/twizyIntence/15.jpg,190,46
"2,070",17/04식,"60,000km",TRUE,TRUE,/assets/images/car/kia/niroNobless/4.jpg,/assets/images/car/kia/niroNobless/7.jpg,/assets/images/car/kia/niroNobless/8.jpg,/assets/images/car/kia/niroNobless/10.jpg,227,37
"2,290",18/04식,"48,200km",TRUE,TRUE,/assets/images/car/hyundai/konaPremium/1.jpg,/assets/images/car/hyundai/konaPremium/4.jpg,/assets/images/car/hyundai/konaPremium/6.jpg,/assets/images/car/hyundai/konaPremium/8.jpg,158,44
280,17/12식,"2,547km",TRUE,TRUE,/assets/images/car/samsung/sm3ZESEplus/5.jpg,/assets/images/car/samsung/sm3ZESEplus/9.jpg,/assets/images/car/samsung/sm3ZESEplus/16.jpg,/assets/images/car/samsung/sm3ZESEplus/17.jpg,61,52
"3,188",19/02식,"10,254km",TRUE,TRUE,/assets/images/car/hyundai/ioniqN/7.jpg,/assets/images/car/hyundai/ioniqN/10.jpg,/assets/images/car/hyundai/ioniqN/8.jpg,/assets/images/car/hyundai/ioniqN/11.jpg,3,15
390,17/12식,173km,TRUE,TRUE,/assets/images/car/hyundai/ioniqN/1.jpg,/assets/images/car/hyundai/ioniqN/15.jpg,/assets/images/car/hyundai/ioniqN/23.jpg,/assets/images/car/hyundai/ioniqN/24.jpg,62,68
"1,700",18/04식,"15,929km",TRUE,TRUE,/assets/images/car/hyundai/konaModern/4.jpg,/assets/images/car/hyundai/konaModern/6.jpg,/assets/images/car/hyundai/konaModern/7.jpg,/assets/images/car/hyundai/konaModern/16.jpg,134,43
"1,990",18/04식,"54,284km",TRUE,TRUE,/assets/images/car/gm/boltEVpriemier/3.jpg,/assets/images/car/gm/boltEVpriemier/8.jpg,/assets/images/car/gm/boltEVpriemier/9.jpg,/assets/images/car/gm/boltEVpriemier/10.jpg,208,63
"1,730",17/04식,"92,760km",TRUE,TRUE,/assets/images/car/gm/boltEVpriemier/3.jpg,/assets/images/car/gm/boltEVpriemier/8.jpg,/assets/images/car/gm/boltEVpriemier/9.jpg,/assets/images/car/gm/boltEVpriemier/10.jpg,250,63
"2,990",19/04식,"69,224km",TRUE,TRUE,/assets/images/car/samsung/sm3ZERE/3.jpg,/assets/images/car/samsung/sm3ZERE/19.jpg,/assets/images/car/samsung/sm3ZERE/20.jpg,/assets/images/car/samsung/sm3ZERE/21.jpg,191,32
"2,450",18/05식,"59,511km",TRUE,TRUE,/assets/images/car/kia/soulEV/1.jpg,/assets/images/car/kia/soulEV/3.jpg,/assets/images/car/kia/soulEV/5.jpg,/assets/images/car/kia/soulEV/7.jpg,159,56
"1,990",17/06식,"20,465km",TRUE,TRUE,/assets/images/car/hyundai/konaPremium/1.jpg,/assets/images/car/hyundai/konaPremium/7.jpg,/assets/images/car/hyundai/konaPremium/9.jpg,/assets/images/car/hyundai/konaPremium/14.jpg,228,44
"2,450",18/05식,"59,511km",TRUE,TRUE,/assets/images/car/hyundai/ioniqN/7.jpg,/assets/images/car/hyundai/ioniqN/10.jpg,/assets/images/car/hyundai/ioniqN/8.jpg,/assets/images/car/hyundai/ioniqN/11.jpg,160,65
"3,160",18/06식,"33,332km",TRUE,TRUE,/assets/images/car/hyundai/ioniqN/3.jpg,/assets/images/car/hyundai/ioniqN/9.jpg,/assets/images/car/hyundai/ioniqN/10.jpg,/assets/images/car/hyundai/ioniqN/12.jpg,19,65
355,19/07식,53km,TRUE,TRUE,/assets/images/car/samsung/twizyLife/1.jpg,/assets/images/car/samsung/twizyLife/5.jpg,/assets/images/car/samsung/twizyLife/10.jpg,/assets/images/car/samsung/twizyLife/13.jpg,47,45
"2,520",18/03식,"39,800km",TRUE,TRUE,/assets/images/car/hyundai/ioniqQ/5.jpg,/assets/images/car/hyundai/ioniqQ/18.jpg,/assets/images/car/hyundai/ioniqQ/19.jpg,/assets/images/car/hyundai/ioniqQ/23.jpg,171,66
275,18/04식,"8,920km",TRUE,TRUE,/assets/images/car/hyundai/ioniqQ/5.jpg,/assets/images/car/hyundai/ioniqQ/18.jpg,/assets/images/car/hyundai/ioniqQ/19.jpg,/assets/images/car/hyundai/ioniqQ/23.jpg,63,66
890,17/06식,"76,712km",TRUE,TRUE,/assets/images/car/samsung/sm3ZERE/3.jpg,/assets/images/car/samsung/sm3ZERE/19.jpg,/assets/images/car/samsung/sm3ZERE/20.jpg,/assets/images/car/samsung/sm3ZERE/21.jpg,95,50
799,15/03식,"43,729km",TRUE,TRUE,/assets/images/car/hyundai/ioniqN/3.jpg,/assets/images/car/hyundai/ioniqN/9.jpg,/assets/images/car/hyundai/ioniqN/10.jpg,/assets/images/car/hyundai/ioniqN/12.jpg,111,68
"1,830",18/06식,"52,000km",TRUE,TRUE,/assets/images/car/hyundai/ioniqN/3.jpg,/assets/images/car/hyundai/ioniqN/9.jpg,/assets/images/car/hyundai/ioniqN/10.jpg,/assets/images/car/hyundai/ioniqN/12.jpg,203,65
"3,290",18/06식,"19,212km",TRUE,TRUE,/assets/images/car/samsung/twizyIntence/9.jpg,/assets/images/car/samsung/twizyIntence/12.jpg,/assets/images/car/samsung/twizyIntence/14.jpg,/assets/images/car/samsung/twizyIntence/15.jpg,20,46
299,20/06식,5km,TRUE,TRUE,/assets/images/car/kia/niroNobless/4.jpg,/assets/images/car/kia/niroNobless/7.jpg,/assets/images/car/kia/niroNobless/8.jpg,/assets/images/car/kia/niroNobless/10.jpg,35,37
"1,420",17/02식,"14,000km",TRUE,TRUE,/assets/images/car/hyundai/ioniqQ/10.jpg,/assets/images/car/hyundai/ioniqQ/12.jpg,/assets/images/car/hyundai/ioniqQ/14.jpg,/assets/images/car/hyundai/ioniqQ/15.jpg,135,69
320,18/03식,"6,000km",TRUE,TRUE,/assets/images/car/samsung/twizyIntence/12.jpg,/assets/images/car/samsung/twizyIntence/11.jpg,/assets/images/car/samsung/twizyIntence/17.jpg,/assets/images/car/samsung/twizyIntence/22.jpg,64,46
"2,140",18/06식,"23,000km",TRUE,TRUE,/assets/images/car/hyundai/ioniqQ/10.jpg,/assets/images/car/hyundai/ioniqQ/12.jpg,/assets/images/car/hyundai/ioniqQ/14.jpg,/assets/images/car/hyundai/ioniqQ/15.jpg,209,66
350,19/03식,"2,994km",TRUE,TRUE,/assets/images/car/gm/boltEVpriemier/3.jpg,/assets/images/car/gm/boltEVpriemier/8.jpg,/assets/images/car/gm/boltEVpriemier/9.jpg,/assets/images/car/gm/boltEVpriemier/10.jpg,36,60
"1,970",16/11식,"22,682km",TRUE,TRUE,/assets/images/car/gm/boltEVpriemier/3.jpg,/assets/images/car/gm/boltEVpriemier/8.jpg,/assets/images/car/gm/boltEVpriemier/9.jpg,/assets/images/car/gm/boltEVpriemier/10.jpg,251,63
"1,699",17/02식,"46,514km",TRUE,TRUE,/assets/images/car/hyundai/konaPremium/1.jpg,/assets/images/car/hyundai/konaPremium/4.jpg,/assets/images/car/hyundai/konaPremium/6.jpg,/assets/images/car/hyundai/konaPremium/8.jpg,252,44
"2,150",18/02식,"42,744km",TRUE,TRUE,/assets/images/car/gm/boltEVpriemier/1.jpg,/assets/images/car/gm/boltEVpriemier/2.jpg,/assets/images/car/gm/boltEVpriemier/3.jpg,/assets/images/car/gm/boltEVpriemier/5.jpg,229,63
"3,550",19/04식,"26,040km",TRUE,TRUE,/assets/images/car/samsung/sm3ZESEplus/5.jpg,/assets/images/car/samsung/sm3ZESEplus/9.jpg,/assets/images/car/samsung/sm3ZESEplus/16.jpg,/assets/images/car/samsung/sm3ZESEplus/17.jpg,192,52
"3,350",18/10식,"28,972km",TRUE,TRUE,/assets/images/car/samsung/twizyIntence/9.jpg,/assets/images/car/samsung/twizyIntence/12.jpg,/assets/images/car/samsung/twizyIntence/14.jpg,/assets/images/car/samsung/twizyIntence/15.jpg,193,46
"1,890",17/08식,"30,000km",TRUE,TRUE,/assets/images/car/samsung/twizyIntence/9.jpg,/assets/images/car/samsung/twizyIntence/12.jpg,/assets/images/car/samsung/twizyIntence/14.jpg,/assets/images/car/samsung/twizyIntence/15.jpg,214,46
"2,249",18/05식,"66,271km",TRUE,TRUE,/assets/images/car/samsung/twizyLife/6.jpg,/assets/images/car/samsung/twizyLife/8.jpg,/assets/images/car/samsung/twizyLife/14.jpg,/assets/images/car/samsung/twizyLife/16.jpg,172,45
299,18/07식,"3,900km",TRUE,TRUE,/assets/images/car/samsung/sm3ZESE/1.jpg,/assets/images/car/samsung/sm3ZESE/4.jpg,/assets/images/car/samsung/sm3ZESE/8.jpg,/assets/images/car/samsung/sm3ZESE/19.jpg,65,47
330,19/07식,30km,TRUE,TRUE,/assets/images/car/hyundai/konaPremium/1.jpg,/assets/images/car/hyundai/konaPremium/4.jpg,/assets/images/car/hyundai/konaPremium/6.jpg,/assets/images/car/hyundai/konaPremium/8.jpg,66,44
700,13/12식,"104,000km",TRUE,TRUE,/assets/images/car/samsung/twizyLife/6.jpg,/assets/images/car/samsung/twizyLife/8.jpg,/assets/images/car/samsung/twizyLife/14.jpg,/assets/images/car/samsung/twizyLife/16.jpg,122,45
"1,599",16/07식,"100,454km",TRUE,TRUE,/assets/images/car/hyundai/ioniqN/3.jpg,/assets/images/car/hyundai/ioniqN/9.jpg,/assets/images/car/hyundai/ioniqN/10.jpg,/assets/images/car/hyundai/ioniqN/12.jpg,245,68
"1,790",17/02식,"62,787km",TRUE,TRUE,/assets/images/car/hyundai/ioniqN/3.jpg,/assets/images/car/hyundai/ioniqN/9.jpg,/assets/images/car/hyundai/ioniqN/10.jpg,/assets/images/car/hyundai/ioniqN/12.jpg,253,68
340,19/06식,70km,TRUE,TRUE,/assets/images/car/kia/soulEV/1.jpg,/assets/images/car/kia/soulEV/3.jpg,/assets/images/car/kia/soulEV/5.jpg,/assets/images/car/kia/soulEV/7.jpg,48,56
"1,550",19/06식,"17,234km",TRUE,TRUE,/assets/images/car/kia/soulEV/12.jpg,/assets/images/car/kia/soulEV/15.jpg,/assets/images/car/kia/soulEV/20.jpg,/assets/images/car/kia/soulEV/13.jpg,91,56
"2,950",19/04식,"29,131km",TRUE,TRUE,/assets/images/car/samsung/sm3ZESE/1.jpg,/assets/images/car/samsung/sm3ZESE/4.jpg,/assets/images/car/samsung/sm3ZESE/8.jpg,/assets/images/car/samsung/sm3ZESE/19.jpg,4,8
"1,460",17/02식,"9,350km",TRUE,TRUE,/assets/images/car/hyundai/konaModern/4.jpg,/assets/images/car/hyundai/konaModern/6.jpg,/assets/images/car/hyundai/konaModern/7.jpg,/assets/images/car/hyundai/konaModern/16.jpg,136,43
"1,990",18/03식,"20,000km",TRUE,TRUE,/assets/images/car/hyundai/konaPremium/1.jpg,/assets/images/car/hyundai/konaPremium/4.jpg,/assets/images/car/hyundai/konaPremium/6.jpg,/assets/images/car/hyundai/konaPremium/8.jpg,215,44
"2,250",17/05식,"42,900km",TRUE,TRUE,/assets/images/car/samsung/sm3ZERE/3.jpg,/assets/images/car/samsung/sm3ZERE/19.jpg,/assets/images/car/samsung/sm3ZERE/20.jpg,/assets/images/car/samsung/sm3ZERE/21.jpg,166,50
"1,230",17/02식,"35,499km",TRUE,TRUE,/assets/images/car/hyundai/konaModern/4.jpg,/assets/images/car/hyundai/konaModern/6.jpg,/assets/images/car/hyundai/konaModern/7.jpg,/assets/images/car/hyundai/konaModern/16.jpg,137,43
"2,070",18/03식,"48,860km",TRUE,TRUE,/assets/images/car/kia/niroPrestige/1.jpg,/assets/images/car/kia/niroPrestige/8.jpg,/assets/images/car/kia/niroPrestige/16.jpg,/assets/images/car/kia/niroPrestige/20.jpg,230,13
"2,290",18/04식,"48,200km",TRUE,TRUE,/assets/images/car/samsung/twizyIntence/9.jpg,/assets/images/car/samsung/twizyIntence/12.jpg,/assets/images/car/samsung/twizyIntence/14.jpg,/assets/images/car/samsung/twizyIntence/15.jpg,173,46
390,17/12식,173km,TRUE,TRUE,/assets/images/car/kia/soulEV/1.jpg,/assets/images/car/kia/soulEV/3.jpg,/assets/images/car/kia/soulEV/5.jpg,/assets/images/car/kia/soulEV/7.jpg,67,57
"1,990",18/04식,"54,284km",TRUE,TRUE,/assets/images/car/hyundai/ioniqN/1.jpg,/assets/images/car/hyundai/ioniqN/15.jpg,/assets/images/car/hyundai/ioniqN/23.jpg,/assets/images/car/hyundai/ioniqN/24.jpg,210,65
355,19/07식,53km,TRUE,TRUE,/assets/images/car/hyundai/ioniqN/3.jpg,/assets/images/car/hyundai/ioniqN/9.jpg,/assets/images/car/hyundai/ioniqN/10.jpg,/assets/images/car/hyundai/ioniqN/12.jpg,68,15
"2,520",18/03식,"39,800km",TRUE,TRUE,/assets/images/car/gm/boltEVpriemier/1.jpg,/assets/images/car/gm/boltEVpriemier/2.jpg,/assets/images/car/gm/boltEVpriemier/3.jpg,/assets/images/car/gm/boltEVpriemier/5.jpg,174,63
275,18/04식,"8,920km",TRUE,TRUE,/assets/images/car/gm/boltEVLT/5.jpg,/assets/images/car/gm/boltEVLT/6.jpg,/assets/images/car/gm/boltEVLT/7.jpg,/assets/images/car/gm/boltEVLT/15.jpg,69,62
890,17/06식,"76,712km",TRUE,TRUE,/assets/images/car/samsung/twizyIntence/12.jpg,/assets/images/car/samsung/twizyIntence/11.jpg,/assets/images/car/samsung/twizyIntence/17.jpg,/assets/images/car/samsung/twizyIntence/22.jpg,92,46
999,16/12식,"42,727km",TRUE,TRUE,/assets/images/car/hyundai/konaPremium/1.jpg,/assets/images/car/hyundai/konaPremium/7.jpg,/assets/images/car/hyundai/konaPremium/9.jpg,/assets/images/car/hyundai/konaPremium/14.jpg,96,44
"1,399",17/02식,"15,307km",TRUE,TRUE,/assets/images/car/hyundai/ioniqN/3.jpg,/assets/images/car/hyundai/ioniqN/9.jpg,/assets/images/car/hyundai/ioniqN/10.jpg,/assets/images/car/hyundai/ioniqN/12.jpg,138,68
"2,650",18/06식,"19,749km",TRUE,TRUE,/assets/images/car/kia/soulEV/1.jpg,/assets/images/car/kia/soulEV/3.jpg,/assets/images/car/kia/soulEV/5.jpg,/assets/images/car/kia/soulEV/7.jpg,161,56
390,19/06식,"3,602km",TRUE,TRUE,/assets/images/car/samsung/twizyIntence/9.jpg,/assets/images/car/samsung/twizyIntence/12.jpg,/assets/images/car/samsung/twizyIntence/14.jpg,/assets/images/car/samsung/twizyIntence/15.jpg,49,46
"2,170",18/04식,"27,765km",TRUE,TRUE,/assets/images/car/samsung/sm3ZERE/3.jpg,/assets/images/car/samsung/sm3ZERE/19.jpg,/assets/images/car/samsung/sm3ZERE/20.jpg,/assets/images/car/samsung/sm3ZERE/21.jpg,240,48
"3,330",19/09식,"28,539km",TRUE,TRUE,/assets/images/car/hyundai/ioniqN/3.jpg,/assets/images/car/hyundai/ioniqN/9.jpg,/assets/images/car/hyundai/ioniqN/10.jpg,/assets/images/car/hyundai/ioniqN/12.jpg,194,15
"1,390",17/02식,"16,720km",TRUE,TRUE,/assets/images/car/kia/soulEV/1.jpg,/assets/images/car/kia/soulEV/3.jpg,/assets/images/car/kia/soulEV/5.jpg,/assets/images/car/kia/soulEV/7.jpg,139,57
"3,450",19/09식,"6,858km",TRUE,TRUE,/assets/images/car/samsung/sm3ZESE/1.jpg,/assets/images/car/samsung/sm3ZESE/4.jpg,/assets/images/car/samsung/sm3ZESE/8.jpg,/assets/images/car/samsung/sm3ZESE/19.jpg,5,8
300,17/07식,"5,000km",TRUE,TRUE,/assets/images/car/kia/soulEV/1.jpg,/assets/images/car/kia/soulEV/3.jpg,/assets/images/car/kia/soulEV/5.jpg,/assets/images/car/kia/soulEV/7.jpg,70,57
920,15/12식,"47,056km",TRUE,TRUE,/assets/images/car/samsung/sm3ZERE/3.jpg,/assets/images/car/samsung/sm3ZERE/19.jpg,/assets/images/car/samsung/sm3ZERE/20.jpg,/assets/images/car/samsung/sm3ZERE/21.jpg,112,51
"2,850",19/03식,"15,294km",TRUE,TRUE,/assets/images/car/kia/soulEV/12.jpg,/assets/images/car/kia/soulEV/15.jpg,/assets/images/car/kia/soulEV/20.jpg,/assets/images/car/kia/soulEV/13.jpg,6,56
"3,350",19/01식,"6,337km",TRUE,TRUE,/assets/images/car/hyundai/ioniqN/1.jpg,/assets/images/car/hyundai/ioniqN/15.jpg,/assets/images/car/hyundai/ioniqN/23.jpg,/assets/images/car/hyundai/ioniqN/24.jpg,7,15
"1,350",16/12식,"37,460km",TRUE,TRUE,/assets/images/car/hyundai/ioniqQ/5.jpg,/assets/images/car/hyundai/ioniqQ/18.jpg,/assets/images/car/hyundai/ioniqQ/19.jpg,/assets/images/car/hyundai/ioniqQ/23.jpg,151,69
380,19/07식,23km,TRUE,TRUE,/assets/images/car/hyundai/ioniqQ/10.jpg,/assets/images/car/hyundai/ioniqQ/12.jpg,/assets/images/car/hyundai/ioniqQ/14.jpg,/assets/images/car/hyundai/ioniqQ/15.jpg,50,39
"1,820",18/03식,"51,529km",TRUE,TRUE,/assets/images/car/samsung/twizyLife/1.jpg,/assets/images/car/samsung/twizyLife/5.jpg,/assets/images/car/samsung/twizyLife/10.jpg,/assets/images/car/samsung/twizyLife/13.jpg,204,45
"1,290",16/11식,"68,581km",TRUE,TRUE,/assets/images/car/kia/soulEV/12.jpg,/assets/images/car/kia/soulEV/15.jpg,/assets/images/car/kia/soulEV/20.jpg,/assets/images/car/kia/soulEV/13.jpg,140,57
790,15/12식,"54,000km",TRUE,TRUE,/assets/images/car/hyundai/konaPremium/1.jpg,/assets/images/car/hyundai/konaPremium/7.jpg,/assets/images/car/hyundai/konaPremium/9.jpg,/assets/images/car/hyundai/konaPremium/14.jpg,113,44
"2,999",18/12식,"25,750km",TRUE,TRUE,/assets/images/car/hyundai/ioniqQ/5.jpg,/assets/images/car/hyundai/ioniqQ/18.jpg,/assets/images/car/hyundai/ioniqQ/19.jpg,/assets/images/car/hyundai/ioniqQ/23.jpg,21,66
"2,250",18/02식,"15,755km",TRUE,TRUE,/assets/images/car/hyundai/ioniqQ/5.jpg,/assets/images/car/hyundai/ioniqQ/18.jpg,/assets/images/car/hyundai/ioniqQ/19.jpg,/assets/images/car/hyundai/ioniqQ/23.jpg,211,66
"3,190",19/10식,"9,000km",TRUE,TRUE,/assets/images/car/kia/soulEV/3.jpg,/assets/images/car/kia/soulEV/5.jpg,/assets/images/car/kia/soulEV/8.jpg,/assets/images/car/kia/soulEV/17.jpg,130,56
"1,380",17/02식,"20,256km",TRUE,TRUE,/assets/images/car/hyundai/ioniqQ/5.jpg,/assets/images/car/hyundai/ioniqQ/18.jpg,/assets/images/car/hyundai/ioniqQ/19.jpg,/assets/images/car/hyundai/ioniqQ/23.jpg,141,69
390,19/06식,57km,TRUE,TRUE,/assets/images/car/samsung/twizyLife/1.jpg,/assets/images/car/samsung/twizyLife/5.jpg,/assets/images/car/samsung/twizyLife/10.jpg,/assets/images/car/samsung/twizyLife/13.jpg,51,45
"2,560",19/04식,"23,644km",TRUE,TRUE,/assets/images/car/samsung/sm3ZERE/3.jpg,/assets/images/car/samsung/sm3ZERE/19.jpg,/assets/images/car/samsung/sm3ZERE/20.jpg,/assets/images/car/samsung/sm3ZERE/21.jpg,157,32
"1,399",17/11식,"33,000km",TRUE,TRUE,/assets/images/car/gm/spark/1.jpg,/assets/images/car/gm/spark/2.jpg,/assets/images/car/gm/spark/3.jpg,/assets/images/car/gm/spark/3.jpg,142,64
"2,690",18/11식,"54,000km",TRUE,TRUE,/assets/images/car/gm/boltEVLT/5.jpg,/assets/images/car/gm/boltEVLT/6.jpg,/assets/images/car/gm/boltEVLT/7.jpg,/assets/images/car/gm/boltEVLT/15.jpg,22,62
850,15/08식,"46,764km",TRUE,TRUE,/assets/images/car/samsung/sm3ZESEplus/5.jpg,/assets/images/car/samsung/sm3ZESEplus/9.jpg,/assets/images/car/samsung/sm3ZESEplus/16.jpg,/assets/images/car/samsung/sm3ZESEplus/17.jpg,114,52
"2,200",18/04식,"46,509km",TRUE,TRUE,/assets/images/car/samsung/twizyIntence/9.jpg,/assets/images/car/samsung/twizyIntence/12.jpg,/assets/images/car/samsung/twizyIntence/14.jpg,/assets/images/car/samsung/twizyIntence/15.jpg,167,46
330,19/07식,"1,900km",TRUE,TRUE,/assets/images/car/hyundai/ioniqQ/5.jpg,/assets/images/car/hyundai/ioniqQ/18.jpg,/assets/images/car/hyundai/ioniqQ/19.jpg,/assets/images/car/hyundai/ioniqQ/23.jpg,52,39
390,20/06식,35km,TRUE,TRUE,/assets/images/car/hyundai/ioniqQ/2.jpg,/assets/images/car/hyundai/ioniqQ/11.jpg,/assets/images/car/hyundai/ioniqQ/16.jpg,/assets/images/car/hyundai/ioniqQ/23.jpg,37,39
290,19/07식,"1,815km",TRUE,TRUE,/assets/images/car/hyundai/ioniqQ/5.jpg,/assets/images/car/hyundai/ioniqQ/18.jpg,/assets/images/car/hyundai/ioniqQ/19.jpg,/assets/images/car/hyundai/ioniqQ/23.jpg,53,39
"3,400",18/05식,"15,305km",TRUE,TRUE,/assets/images/car/hyundai/ioniqQ/2.jpg,/assets/images/car/hyundai/ioniqQ/6.jpg,/assets/images/car/hyundai/ioniqQ/10.jpg,/assets/images/car/hyundai/ioniqQ/15.jpg,23,66
"3,450",19/05식,"27,200km",TRUE,TRUE,/assets/images/car/hyundai/konaPremium/1.jpg,/assets/images/car/hyundai/konaPremium/4.jpg,/assets/images/car/hyundai/konaPremium/6.jpg,/assets/images/car/hyundai/konaPremium/8.jpg,195,44
"1,820",18/03식,"57,125km",TRUE,TRUE,/assets/images/car/samsung/twizyIntence/9.jpg,/assets/images/car/samsung/twizyIntence/12.jpg,/assets/images/car/samsung/twizyIntence/14.jpg,/assets/images/car/samsung/twizyIntence/15.jpg,216,46
750,16/03식,"117,401km",TRUE,TRUE,/assets/images/car/gm/boltEVpriemier/1.jpg,/assets/images/car/gm/boltEVpriemier/2.jpg,/assets/images/car/gm/boltEVpriemier/3.jpg,/assets/images/car/gm/boltEVpriemier/5.jpg,115,63
"3,190",18/06식,"30,500km",TRUE,TRUE,/assets/images/car/kia/soulEV/3.jpg,/assets/images/car/kia/soulEV/5.jpg,/assets/images/car/kia/soulEV/8.jpg,/assets/images/car/kia/soulEV/17.jpg,24,56
850,14/07식,"47,317km",TRUE,TRUE,/assets/images/car/hyundai/ioniqQ/2.jpg,/assets/images/car/hyundai/ioniqQ/11.jpg,/assets/images/car/hyundai/ioniqQ/16.jpg,/assets/images/car/hyundai/ioniqQ/23.jpg,123,69
"2,299",18/04식,"63,708km",TRUE,TRUE,/assets/images/car/hyundai/ioniqQ/2.jpg,/assets/images/car/hyundai/ioniqQ/6.jpg,/assets/images/car/hyundai/ioniqQ/10.jpg,/assets/images/car/hyundai/ioniqQ/15.jpg,175,66
"1,720",17/07식,"89,000km",TRUE,TRUE,/assets/images/car/hyundai/konaPremium/1.jpg,/assets/images/car/hyundai/konaPremium/7.jpg,/assets/images/car/hyundai/konaPremium/9.jpg,/assets/images/car/hyundai/konaPremium/14.jpg,231,44
"1,420",17/02식,"10,386km",TRUE,TRUE,/assets/images/car/gm/boltEVLT/5.jpg,/assets/images/car/gm/boltEVLT/6.jpg,/assets/images/car/gm/boltEVLT/7.jpg,/assets/images/car/gm/boltEVLT/15.jpg,143,62
420,20/06식,30km,TRUE,TRUE,/assets/images/car/gm/boltEVpriemier/3.jpg,/assets/images/car/gm/boltEVpriemier/8.jpg,/assets/images/car/gm/boltEVpriemier/9.jpg,/assets/images/car/gm/boltEVpriemier/10.jpg,38,36
420,20/06식,30km,TRUE,TRUE,/assets/images/car/hyundai/konaPremium/1.jpg,/assets/images/car/hyundai/konaPremium/7.jpg,/assets/images/car/hyundai/konaPremium/9.jpg,/assets/images/car/hyundai/konaPremium/14.jpg,39,44
"1,750",16/07식,"58,544km",TRUE,TRUE,/assets/images/car/kia/soulBouster/1.jpg,/assets/images/car/samsung/sm3ZERE/3.jpg,/assets/images/car/samsung/sm3ZERE/5.jpg,/assets/images/car/samsung/sm3ZERE/10.jpg,254,55
"1,750",16/07식,"58,544km",TRUE,TRUE,/assets/images/car/kia/niroNobless/4.jpg,/assets/images/car/kia/niroNobless/7.jpg,/assets/images/car/kia/niroNobless/8.jpg,/assets/images/car/kia/niroNobless/10.jpg,255,37
310,19/06식,"2,200km",TRUE,TRUE,/assets/images/car/hyundai/ioniqQ/2.jpg,/assets/images/car/hyundai/ioniqQ/11.jpg,/assets/images/car/hyundai/ioniqQ/16.jpg,/assets/images/car/hyundai/ioniqQ/23.jpg,54,39
"1,900",18/01식,"52,500km",TRUE,TRUE,/assets/images/car/hyundai/konaPremium/1.jpg,/assets/images/car/hyundai/konaPremium/17.jpg,/assets/images/car/hyundai/konaPremium/18.jpg,/assets/images/car/hyundai/konaPremium/20.jpg,232,44
"1,390",17/02식,"14,586km",TRUE,TRUE,/assets/images/car/samsung/sm3ZESEplus/5.jpg,/assets/images/car/samsung/sm3ZESEplus/9.jpg,/assets/images/car/samsung/sm3ZESEplus/16.jpg,/assets/images/car/samsung/sm3ZESEplus/17.jpg,144,52
"2,350",18/03식,"35,382km",TRUE,TRUE,/assets/images/car/kia/niroPrestige/1.jpg,/assets/images/car/kia/niroPrestige/8.jpg,/assets/images/car/kia/niroPrestige/16.jpg,/assets/images/car/kia/niroPrestige/20.jpg,196,13
"2,340",17/12식,"49,937km",TRUE,TRUE,/assets/images/car/samsung/twizyIntence/9.jpg,/assets/images/car/samsung/twizyIntence/12.jpg,/assets/images/car/samsung/twizyIntence/14.jpg,/assets/images/car/samsung/twizyIntence/15.jpg,176,46
370,20/06식,23km,TRUE,TRUE,/assets/images/car/samsung/twizyIntence/12.jpg,/assets/images/car/samsung/twizyIntence/11.jpg,/assets/images/car/samsung/twizyIntence/17.jpg,/assets/images/car/samsung/twizyIntence/22.jpg,40,31
"3,190",18/11식,"24,384km",TRUE,TRUE,/assets/images/car/hyundai/ioniqQ/2.jpg,/assets/images/car/hyundai/ioniqQ/11.jpg,/assets/images/car/hyundai/ioniqQ/16.jpg,/assets/images/car/hyundai/ioniqQ/23.jpg,25,66
"1,650",17/02식,"7,500km",TRUE,TRUE,/assets/images/car/gm/boltEVpriemier/1.jpg,/assets/images/car/gm/boltEVpriemier/2.jpg,/assets/images/car/gm/boltEVpriemier/3.jpg,/assets/images/car/gm/boltEVpriemier/5.jpg,145,63
"2,270",17/05식,"53,000km",TRUE,TRUE,/assets/images/car/samsung/twizyIntence/9.jpg,/assets/images/car/samsung/twizyIntence/12.jpg,/assets/images/car/samsung/twizyIntence/14.jpg,/assets/images/car/samsung/twizyIntence/15.jpg,168,46
"1,659",17/07식,"77,600km",TRUE,TRUE,/assets/images/car/gm/boltEV/1.jpg,/assets/images/car/gm/boltEV/6.jpg,/assets/images/car/gm/boltEV/8.jpg,/assets/images/car/gm/boltEV/23.jpg,233,61
"3,090",18/11식,"21,700km",TRUE,TRUE,/assets/images/car/kia/niroNobless/4.jpg,/assets/images/car/kia/niroNobless/7.jpg,/assets/images/car/kia/niroNobless/8.jpg,/assets/images/car/kia/niroNobless/10.jpg,26,37
"2,850",18/12식,"20,300km",TRUE,TRUE,/assets/images/car/samsung/sm3ZERE/3.jpg,/assets/images/car/samsung/sm3ZERE/19.jpg,/assets/images/car/samsung/sm3ZERE/20.jpg,/assets/images/car/samsung/sm3ZERE/21.jpg,14,48
"1,790",17/04식,"67,000km",TRUE,TRUE,/assets/images/car/gm/boltEVpriemier/1.jpg,/assets/images/car/gm/boltEVpriemier/2.jpg,/assets/images/car/gm/boltEVpriemier/3.jpg,/assets/images/car/gm/boltEVpriemier/5.jpg,234,63
"2,600",18/11식,"41,204km",TRUE,TRUE,/assets/images/car/kia/soulEV/3.jpg,/assets/images/car/kia/soulEV/5.jpg,/assets/images/car/kia/soulEV/8.jpg,/assets/images/car/kia/soulEV/17.jpg,15,56
"2,600",18/11식,"41,204km",TRUE,TRUE,/assets/images/car/hyundai/konaPremium/1.jpg,/assets/images/car/hyundai/konaPremium/17.jpg,/assets/images/car/hyundai/konaPremium/18.jpg,/assets/images/car/hyundai/konaPremium/20.jpg,16,44
"1,850",17/08식,"35,938km",TRUE,TRUE,/assets/images/car/hyundai/konaPremium/1.jpg,/assets/images/car/hyundai/konaPremium/4.jpg,/assets/images/car/hyundai/konaPremium/6.jpg,/assets/images/car/hyundai/konaPremium/8.jpg,217,44
"1,490",17/02식,"7,084km",TRUE,TRUE,/assets/images/car/hyundai/ioniqQ/2.jpg,/assets/images/car/hyundai/ioniqQ/6.jpg,/assets/images/car/hyundai/ioniqQ/10.jpg,/assets/images/car/hyundai/ioniqQ/15.jpg,146,69
"1,359",16/09식,"61,893km",TRUE,TRUE,/assets/images/car/samsung/twizyIntence/9.jpg,/assets/images/car/samsung/twizyIntence/12.jpg,/assets/images/car/samsung/twizyIntence/14.jpg,/assets/images/car/samsung/twizyIntence/15.jpg,153,46
"2,150",16/12식,"7,685km",TRUE,TRUE,/assets/images/car/samsung/twizyLife/1.jpg,/assets/images/car/samsung/twizyLife/5.jpg,/assets/images/car/samsung/twizyLife/10.jpg,/assets/images/car/samsung/twizyLife/13.jpg,256,45
"1,190",15/01식,"33,957km",TRUE,TRUE,/assets/images/car/samsung/sm3ZERE/12.jpg,/assets/images/car/samsung/sm3ZERE/14.jpg,/assets/images/car/samsung/sm3ZERE/17.jpg,/assets/images/car/samsung/sm3ZERE/18.jpg,186,51
"2,420",18/07식,"13,883km",TRUE,TRUE,/assets/images/car/hyundai/konaModern/1.jpg,/assets/images/car/hyundai/konaModern/2.jpg,/assets/images/car/hyundai/konaModern/3.jpg,/assets/images/car/hyundai/konaModern/4.jpg,169,3
999,15/12식,"17,082km",TRUE,TRUE,/assets/images/car/kia/soulEV/12.jpg,/assets/images/car/kia/soulEV/15.jpg,/assets/images/car/kia/soulEV/20.jpg,/assets/images/car/kia/soulEV/13.jpg,124,57
"2,330",18/05식,"62,400km",TRUE,TRUE,/assets/images/car/samsung/twizyIntence/9.jpg,/assets/images/car/samsung/twizyIntence/12.jpg,/assets/images/car/samsung/twizyIntence/14.jpg,/assets/images/car/samsung/twizyIntence/15.jpg,177,46
"1,790",16/08식,"59,113km",TRUE,TRUE,/assets/images/car/samsung/twizyLife/1.jpg,/assets/images/car/samsung/twizyLife/5.jpg,/assets/images/car/samsung/twizyLife/10.jpg,/assets/images/car/samsung/twizyLife/13.jpg,257,45
280,18/08식,"8,790km",TRUE,TRUE,/assets/images/car/hyundai/ioniqQ/2.jpg,/assets/images/car/hyundai/ioniqQ/11.jpg,/assets/images/car/hyundai/ioniqQ/16.jpg,/assets/images/car/hyundai/ioniqQ/23.jpg,71,66
"2,790",18/08식,"23,000km",TRUE,TRUE,/assets/images/car/samsung/twizyIntence/9.jpg,/assets/images/car/samsung/twizyIntence/12.jpg,/assets/images/car/samsung/twizyIntence/14.jpg,/assets/images/car/samsung/twizyIntence/15.jpg,17,46
"1,599",17/04식,"70,200km",TRUE,TRUE,/assets/images/car/samsung/twizyIntence/5.jpg,/assets/images/car/samsung/twizyIntence/10.jpg,/assets/images/car/samsung/twizyIntence/16.jpg,/assets/images/car/samsung/twizyIntence/17.jpg,258,46
"2,090",18/05식,"25,776km",TRUE,TRUE,/assets/images/car/hyundai/konaPremium/1.jpg,/assets/images/car/hyundai/konaPremium/17.jpg,/assets/images/car/hyundai/konaPremium/18.jpg,/assets/images/car/hyundai/konaPremium/20.jpg,205,44
"2,150",17/04식,"26,949km",TRUE,TRUE,/assets/images/car/kia/niroNobless/4.jpg,/assets/images/car/kia/niroNobless/7.jpg,/assets/images/car/kia/niroNobless/8.jpg,/assets/images/car/kia/niroNobless/10.jpg,259,37
"1,300",15/12식,"51,703km",TRUE,TRUE,/assets/images/car/hyundai/ioniqQ/2.jpg,/assets/images/car/hyundai/ioniqQ/11.jpg,/assets/images/car/hyundai/ioniqQ/16.jpg,/assets/images/car/hyundai/ioniqQ/23.jpg,154,69
360,19/07식,19km,TRUE,TRUE,/assets/images/car/gm/boltEVpriemier/1.jpg,/assets/images/car/gm/boltEVpriemier/2.jpg,/assets/images/car/gm/boltEVpriemier/3.jpg,/assets/images/car/gm/boltEVpriemier/5.jpg,72,60
"2,180",17/11식,"14,000km",TRUE,TRUE,/assets/images/car/samsung/twizyIntence/5.jpg,/assets/images/car/samsung/twizyIntence/10.jpg,/assets/images/car/samsung/twizyIntence/16.jpg,/assets/images/car/samsung/twizyIntence/17.jpg,235,46
"1,890",19/05식,"18,816km",TRUE,TRUE,/assets/images/car/samsung/sm3ZESE/24.jpg,/assets/images/car/samsung/sm3ZESE/7.jpg,/assets/images/car/samsung/sm3ZESE/18.jpg,/assets/images/car/samsung/sm3ZESE/16.jpg,241,8
770,13/12식,"75,818km",TRUE,TRUE,/assets/images/car/samsung/twizyLife/2.jpg,/assets/images/car/samsung/twizyLife/6.jpg,/assets/images/car/samsung/twizyLife/14.jpg,/assets/images/car/samsung/twizyLife/18.jpg,128,45
870,15/08식,"67,804km",TRUE,TRUE,/assets/images/car/hyundai/ioniqQ/2.jpg,/assets/images/car/hyundai/ioniqQ/11.jpg,/assets/images/car/hyundai/ioniqQ/16.jpg,/assets/images/car/hyundai/ioniqQ/23.jpg,116,69
"3,050",19/02식,"11,300km",TRUE,TRUE,/assets/images/car/kia/soulBouster/1.jpg,/assets/images/car/samsung/sm3ZERE/3.jpg,/assets/images/car/samsung/sm3ZERE/5.jpg,/assets/images/car/samsung/sm3ZERE/10.jpg,8,55
"1,850",17/09식,"19,000km",TRUE,TRUE,/assets/images/car/samsung/twizyIntence/5.jpg,/assets/images/car/samsung/twizyIntence/10.jpg,/assets/images/car/samsung/twizyIntence/16.jpg,/assets/images/car/samsung/twizyIntence/17.jpg,147,46
"2,010",17/06식,"13,833km",TRUE,TRUE,/assets/images/car/samsung/twizyLife/2.jpg,/assets/images/car/samsung/twizyLife/6.jpg,/assets/images/car/samsung/twizyLife/14.jpg,/assets/images/car/samsung/twizyLife/18.jpg,218,45
"1,550",17/06식,"24,978km",TRUE,TRUE,/assets/images/car/hyundai/konaModern/4.jpg,/assets/images/car/hyundai/konaModern/6.jpg,/assets/images/car/hyundai/konaModern/7.jpg,/assets/images/car/hyundai/konaModern/16.jpg,148,43
"1,849",16/07식,"43,000km",TRUE,TRUE,/assets/images/car/kia/niroNobless/3.jpg,/assets/images/car/kia/niroNobless/6.jpg,/assets/images/car/kia/niroNobless/9.jpg,/assets/images/car/kia/niroNobless/15.jpg,260,37
280,18/07식,"7,900km",TRUE,TRUE,/assets/images/car/samsung/twizyIntence/5.jpg,/assets/images/car/samsung/twizyIntence/10.jpg,/assets/images/car/samsung/twizyIntence/16.jpg,/assets/images/car/samsung/twizyIntence/17.jpg,73,46
300,18/11식,387km,TRUE,TRUE,/assets/images/car/hyundai/ioniqQ/10.jpg,/assets/images/car/hyundai/ioniqQ/12.jpg,/assets/images/car/hyundai/ioniqQ/14.jpg,/assets/images/car/hyundai/ioniqQ/15.jpg,74,66
370,20/06식,12km,TRUE,TRUE,/assets/images/car/gm/boltEVpriemier/1.jpg,/assets/images/car/gm/boltEVpriemier/2.jpg,/assets/images/car/gm/boltEVpriemier/3.jpg,/assets/images/car/gm/boltEVpriemier/5.jpg,41,36
"1,230",17/03식,"28,485km",TRUE,TRUE,/assets/images/car/kia/soulEV/3.jpg,/assets/images/car/kia/soulEV/5.jpg,/assets/images/car/kia/soulEV/8.jpg,/assets/images/car/kia/soulEV/17.jpg,102,57
350,18/10식,"4,171km",TRUE,TRUE,/assets/images/car/samsung/twizyIntence/5.jpg,/assets/images/car/samsung/twizyIntence/10.jpg,/assets/images/car/samsung/twizyIntence/16.jpg,/assets/images/car/samsung/twizyIntence/17.jpg,75,46
359,19/07식,"1,718km",TRUE,TRUE,/assets/images/car/gm/boltEVpriemier/1.jpg,/assets/images/car/gm/boltEVpriemier/2.jpg,/assets/images/car/gm/boltEVpriemier/3.jpg,/assets/images/car/gm/boltEVpriemier/5.jpg,76,60
"2,790",19/03식,"31,380km",TRUE,TRUE,/assets/images/car/samsung/sm3ZESE/24.jpg,/assets/images/car/samsung/sm3ZESE/7.jpg,/assets/images/car/samsung/sm3ZESE/18.jpg,/assets/images/car/samsung/sm3ZESE/16.jpg,1,8
410,19/08식,22km,TRUE,TRUE,/assets/images/car/samsung/twizyIntence/5.jpg,/assets/images/car/samsung/twizyIntence/10.jpg,/assets/images/car/samsung/twizyIntence/16.jpg,/assets/images/car/samsung/twizyIntence/17.jpg,42,46
"1,650",16/09식,"78,000km",TRUE,TRUE,/assets/images/car/hyundai/konaPremium/1.jpg,/assets/images/car/hyundai/konaPremium/17.jpg,/assets/images/car/hyundai/konaPremium/18.jpg,/assets/images/car/hyundai/konaPremium/20.jpg,261,44
280,18/10식,"2,850km",TRUE,TRUE,/assets/images/car/kia/niroNobless/3.jpg,/assets/images/car/kia/niroNobless/6.jpg,/assets/images/car/kia/niroNobless/9.jpg,/assets/images/car/kia/niroNobless/15.jpg,55,37
340,19/05식,32km,TRUE,TRUE,/assets/images/car/samsung/twizyIntence/5.jpg,/assets/images/car/samsung/twizyIntence/10.jpg,/assets/images/car/samsung/twizyIntence/16.jpg,/assets/images/car/samsung/twizyIntence/17.jpg,77,46
"2,350",18/08식,"61,000km",TRUE,TRUE,/assets/images/car/hyundai/ioniqQ/2.jpg,/assets/images/car/hyundai/ioniqQ/11.jpg,/assets/images/car/hyundai/ioniqQ/16.jpg,/assets/images/car/hyundai/ioniqQ/23.jpg,178,66
"1,690",17/03식,"126,280km",TRUE,TRUE,/assets/images/car/hyundai/ioniqQ/2.jpg,/assets/images/car/hyundai/ioniqQ/11.jpg,/assets/images/car/hyundai/ioniqQ/16.jpg,/assets/images/car/hyundai/ioniqQ/23.jpg,262,69
350,18/05식,"1,687km",TRUE,TRUE,/assets/images/car/samsung/sm3ZESE/1.jpg,/assets/images/car/samsung/sm3ZESE/4.jpg,/assets/images/car/samsung/sm3ZESE/8.jpg,/assets/images/car/samsung/sm3ZESE/19.jpg,78,47
350,19/07식,50km,TRUE,TRUE,/assets/images/car/samsung/sm3ZESE/24.jpg,/assets/images/car/samsung/sm3ZESE/7.jpg,/assets/images/car/samsung/sm3ZESE/18.jpg,/assets/images/car/samsung/sm3ZESE/16.jpg,79,8
"2,050",18/01식,"37,615km",TRUE,TRUE,/assets/images/car/hyundai/ioniqQ/2.jpg,/assets/images/car/hyundai/ioniqQ/6.jpg,/assets/images/car/hyundai/ioniqQ/10.jpg,/assets/images/car/hyundai/ioniqQ/15.jpg,236,66
"3,300",19/06식,"16,861km",TRUE,TRUE,/assets/images/car/samsung/sm3ZERE/12.jpg,/assets/images/car/samsung/sm3ZERE/14.jpg,/assets/images/car/samsung/sm3ZERE/17.jpg,/assets/images/car/samsung/sm3ZERE/18.jpg,9,32
"2,070",17/05식,"22,700km",TRUE,TRUE,/assets/images/car/samsung/twizyLife/6.jpg,/assets/images/car/samsung/twizyLife/8.jpg,/assets/images/car/samsung/twizyLife/14.jpg,/assets/images/car/samsung/twizyLife/16.jpg,263,45
"1,080",16/12식,"48,925km",TRUE,TRUE,/assets/images/car/hyundai/konaPremium/1.jpg,/assets/images/car/hyundai/konaPremium/17.jpg,/assets/images/car/hyundai/konaPremium/18.jpg,/assets/images/car/hyundai/konaPremium/20.jpg,103,44
975,16/12식,"32,101km",TRUE,TRUE,/assets/images/car/hyundai/ioniqQ/10.jpg,/assets/images/car/hyundai/ioniqQ/12.jpg,/assets/images/car/hyundai/ioniqQ/14.jpg,/assets/images/car/hyundai/ioniqQ/15.jpg,97,69
"2,850",18/05식,"32,566km",TRUE,TRUE,/assets/images/car/hyundai/ioniqQ/2.jpg,/assets/images/car/hyundai/ioniqQ/11.jpg,/assets/images/car/hyundai/ioniqQ/16.jpg,/assets/images/car/hyundai/ioniqQ/23.jpg,27,66
"1,280",17/09식,"24,800km",TRUE,TRUE,/assets/images/car/samsung/sm3ZERE/12.jpg,/assets/images/car/samsung/sm3ZERE/14.jpg,/assets/images/car/samsung/sm3ZERE/17.jpg,/assets/images/car/samsung/sm3ZERE/18.jpg,104,50
340,19/07식,161km,TRUE,TRUE,/assets/images/car/kia/soulEV/3.jpg,/assets/images/car/kia/soulEV/5.jpg,/assets/images/car/kia/soulEV/8.jpg,/assets/images/car/kia/soulEV/17.jpg,80,56
850,15/08식,"25,000km",TRUE,TRUE,/assets/images/car/kia/soulEV/3.jpg,/assets/images/car/kia/soulEV/5.jpg,/assets/images/car/kia/soulEV/8.jpg,/assets/images/car/kia/soulEV/17.jpg,117,57
800,15/11식,"45,153km",TRUE,TRUE,/assets/images/car/samsung/twizyLife/2.jpg,/assets/images/car/samsung/twizyLife/6.jpg,/assets/images/car/samsung/twizyLife/14.jpg,/assets/images/car/samsung/twizyLife/18.jpg,118,45
330,17/12식,"5,069km",TRUE,TRUE,/assets/images/car/gm/boltEVpriemier/3.jpg,/assets/images/car/gm/boltEVpriemier/8.jpg,/assets/images/car/gm/boltEVpriemier/9.jpg,/assets/images/car/gm/boltEVpriemier/10.jpg,81,63
"1,790",17/09식,"7,027km",TRUE,TRUE,/assets/images/car/gm/boltEV/1.jpg,/assets/images/car/gm/boltEV/6.jpg,/assets/images/car/gm/boltEV/8.jpg,/assets/images/car/gm/boltEV/23.jpg,242,61
380,19/03식,"2,200km",TRUE,TRUE,/assets/images/car/samsung/twizyIntence/12.jpg,/assets/images/car/samsung/twizyIntence/11.jpg,/assets/images/car/samsung/twizyIntence/17.jpg,/assets/images/car/samsung/twizyIntence/22.jpg,82,46
860,15/12식,"79,901km",TRUE,TRUE,/assets/images/car/samsung/twizyLife/2.jpg,/assets/images/car/samsung/twizyLife/6.jpg,/assets/images/car/samsung/twizyLife/14.jpg,/assets/images/car/samsung/twizyLife/18.jpg,119,45
699,14/04식,"39,296km",TRUE,TRUE,/assets/images/car/kia/soulEV/12.jpg,/assets/images/car/kia/soulEV/15.jpg,/assets/images/car/kia/soulEV/20.jpg,/assets/images/car/kia/soulEV/13.jpg,125,58
999,18/06식,961km,TRUE,TRUE,/assets/images/car/hyundai/ioniqI/2.jpg,/assets/images/car/hyundai/ioniqI/8.jpg,/assets/images/car/hyundai/ioniqI/17.jpg,/assets/images/car/hyundai/ioniqI/22.jpg,83,67
"3,080",19/03식,"37,773km",TRUE,TRUE,/assets/images/car/gm/boltEVpriemier/1.jpg,/assets/images/car/gm/boltEVpriemier/2.jpg,/assets/images/car/gm/boltEVpriemier/3.jpg,/assets/images/car/gm/boltEVpriemier/5.jpg,10,60
"1,750",18/06식,"45,000km",TRUE,TRUE,/assets/images/car/samsung/twizyIntence/5.jpg,/assets/images/car/samsung/twizyIntence/10.jpg,/assets/images/car/samsung/twizyIntence/16.jpg,/assets/images/car/samsung/twizyIntence/17.jpg,188,46
930,16/12식,"57,238km",TRUE,TRUE,/assets/images/car/kia/soulBouster/1.jpg,/assets/images/car/samsung/sm3ZERE/3.jpg,/assets/images/car/samsung/sm3ZERE/5.jpg,/assets/images/car/samsung/sm3ZERE/10.jpg,98,55
"1,290",15/12식,"64,627km",TRUE,TRUE,/assets/images/car/hyundai/ioniqI/2.jpg,/assets/images/car/hyundai/ioniqI/8.jpg,/assets/images/car/hyundai/ioniqI/17.jpg,/assets/images/car/hyundai/ioniqI/22.jpg,155,67
"3,300",18/10식,"35,000km",TRUE,TRUE,/assets/images/car/samsung/sm3ZESE/24.jpg,/assets/images/car/samsung/sm3ZESE/7.jpg,/assets/images/car/samsung/sm3ZESE/18.jpg,/assets/images/car/samsung/sm3ZESE/16.jpg,197,47
365,18/05식,285km,TRUE,TRUE,/assets/images/car/kia/niroNobless/3.jpg,/assets/images/car/kia/niroNobless/6.jpg,/assets/images/car/kia/niroNobless/9.jpg,/assets/images/car/kia/niroNobless/15.jpg,84,37
990,15/05식,"70,600km",TRUE,TRUE,/assets/images/car/samsung/sm3ZERE/12.jpg,/assets/images/car/samsung/sm3ZERE/14.jpg,/assets/images/car/samsung/sm3ZERE/17.jpg,/assets/images/car/samsung/sm3ZERE/18.jpg,187,51
420,18/05식,"5,000km",TRUE,TRUE,/assets/images/car/kia/soulEV/12.jpg,/assets/images/car/kia/soulEV/15.jpg,/assets/images/car/kia/soulEV/20.jpg,/assets/images/car/kia/soulEV/13.jpg,85,56
"1,440",17/11식,"97,073km",TRUE,TRUE,/assets/images/car/samsung/twizyLife/6.jpg,/assets/images/car/samsung/twizyLife/8.jpg,/assets/images/car/samsung/twizyLife/14.jpg,/assets/images/car/samsung/twizyLife/16.jpg,220,45
330,20/06식,31km,TRUE,TRUE,/assets/images/car/samsung/sm3ZESE/24.jpg,/assets/images/car/samsung/sm3ZESE/7.jpg,/assets/images/car/samsung/sm3ZESE/18.jpg,/assets/images/car/samsung/sm3ZESE/16.jpg,43,8
"3,100",18/06식,"27,280km",TRUE,TRUE,/assets/images/car/gm/boltEVpriemier/3.jpg,/assets/images/car/gm/boltEVpriemier/8.jpg,/assets/images/car/gm/boltEVpriemier/9.jpg,/assets/images/car/gm/boltEVpriemier/10.jpg,28,63
"1,979",17/12식,"57,997km",TRUE,TRUE,/assets/images/car/kia/niroNobless/3.jpg,/assets/images/car/kia/niroNobless/6.jpg,/assets/images/car/kia/niroNobless/9.jpg,/assets/images/car/kia/niroNobless/15.jpg,237,37
"1,450",17/02식,"11,667km",TRUE,TRUE,/assets/images/car/hyundai/ioniqQ/13.jpg,/assets/images/car/hyundai/ioniqQ/15.jpg,/assets/images/car/hyundai/ioniqQ/18.jpg,/assets/images/car/hyundai/ioniqQ/20.jpg,149,69
"2,150",18/05식,"27,000km",TRUE,TRUE,/assets/images/car/hyundai/konaPremium/1.jpg,/assets/images/car/hyundai/konaPremium/4.jpg,/assets/images/car/hyundai/konaPremium/6.jpg,/assets/images/car/hyundai/konaPremium/8.jpg,179,44
"2,100",18/01식,"46,167km",TRUE,TRUE,/assets/images/car/hyundai/ioniqN/7.jpg,/assets/images/car/hyundai/ioniqN/10.jpg,/assets/images/car/hyundai/ioniqN/8.jpg,/assets/images/car/hyundai/ioniqN/11.jpg,238,65
"1,960",16/11식,"7,071km",TRUE,TRUE,/assets/images/car/samsung/sm3ZERE/12.jpg,/assets/images/car/samsung/sm3ZERE/14.jpg,/assets/images/car/samsung/sm3ZERE/17.jpg,/assets/images/car/samsung/sm3ZERE/18.jpg,246,51
"2,080",16/12식,"10,487km",TRUE,TRUE,/assets/images/car/gm/boltEVpriemier/3.jpg,/assets/images/car/gm/boltEVpriemier/8.jpg,/assets/images/car/gm/boltEVpriemier/9.jpg,/assets/images/car/gm/boltEVpriemier/10.jpg,264,63
"1,150",16/08식,"17,673km",TRUE,TRUE,/assets/images/car/gm/boltEVLT/5.jpg,/assets/images/car/gm/boltEVLT/6.jpg,/assets/images/car/gm/boltEVLT/7.jpg,/assets/images/car/gm/boltEVLT/15.jpg,105,61
950,17/01식,"82,000km",TRUE,TRUE,/assets/images/car/samsung/twizyIntence/12.jpg,/assets/images/car/samsung/twizyIntence/11.jpg,/assets/images/car/samsung/twizyIntence/17.jpg,/assets/images/car/samsung/twizyIntence/22.jpg,106,46
310,18/06식,"1,009km",TRUE,TRUE,/assets/images/car/hyundai/konaPremium/1.jpg,/assets/images/car/hyundai/konaPremium/4.jpg,/assets/images/car/hyundai/konaPremium/6.jpg,/assets/images/car/hyundai/konaPremium/8.jpg,86,44
"3,050",19/01식,"17,000km",TRUE,TRUE,/assets/images/car/hyundai/ioniqQ/2.jpg,/assets/images/car/hyundai/ioniqQ/11.jpg,/assets/images/car/hyundai/ioniqQ/16.jpg,/assets/images/car/hyundai/ioniqQ/23.jpg,11,39
450,19/07식,450km,TRUE,TRUE,/assets/images/car/samsung/twizyIntence/5.jpg,/assets/images/car/samsung/twizyIntence/10.jpg,/assets/images/car/samsung/twizyIntence/16.jpg,/assets/images/car/samsung/twizyIntence/17.jpg,87,46
"3,290",19/05식,"19,116km",TRUE,TRUE,/assets/images/car/hyundai/konaPremium/1.jpg,/assets/images/car/hyundai/konaPremium/4.jpg,/assets/images/car/hyundai/konaPremium/6.jpg,/assets/images/car/hyundai/konaPremium/8.jpg,12,44
280,19/12식,15km,TRUE,TRUE,/assets/images/car/samsung/sm3ZERE/12.jpg,/assets/images/car/samsung/sm3ZERE/14.jpg,/assets/images/car/samsung/sm3ZERE/17.jpg,/assets/images/car/samsung/sm3ZERE/18.jpg,44,32
320,18/05식,"3,700km",TRUE,TRUE,/assets/images/car/kia/niroNobless/3.jpg,/assets/images/car/kia/niroNobless/6.jpg,/assets/images/car/kia/niroNobless/9.jpg,/assets/images/car/kia/niroNobless/15.jpg,56,37
"2,790",18/09식,"63,800km",TRUE,TRUE,/assets/images/car/samsung/twizyIntence/5.jpg,/assets/images/car/samsung/twizyIntence/10.jpg,/assets/images/car/samsung/twizyIntence/16.jpg,/assets/images/car/samsung/twizyIntence/17.jpg,29,46
"2,430",17/07식,"47,500km",TRUE,TRUE,/assets/images/car/hyundai/ioniqQ/13.jpg,/assets/images/car/hyundai/ioniqQ/15.jpg,/assets/images/car/hyundai/ioniqQ/18.jpg,/assets/images/car/hyundai/ioniqQ/20.jpg,180,69
"1,800",17/01식,"18,421km",TRUE,TRUE,/assets/images/car/gm/boltEVpriemier/1.jpg,/assets/images/car/gm/boltEVpriemier/2.jpg,/assets/images/car/gm/boltEVpriemier/3.jpg,/assets/images/car/gm/boltEVpriemier/5.jpg,247,63
"1,050",18/10식,"56,000km",TRUE,TRUE,/assets/images/car/hyundai/konaPremium/1.jpg,/assets/images/car/hyundai/konaPremium/4.jpg,/assets/images/car/hyundai/konaPremium/6.jpg,/assets/images/car/hyundai/konaPremium/8.jpg,30,44
렌트승계,17/10식,"54,400km",TRUE,TRUE,/assets/images/car/samsung/twizyLife/2.jpg,/assets/images/car/samsung/twizyLife/6.jpg,/assets/images/car/samsung/twizyLife/14.jpg,/assets/images/car/samsung/twizyLife/18.jpg,107,45
"1,100",18/06식,"56,200km",TRUE,TRUE,/assets/images/car/samsung/twizyLife/2.jpg,/assets/images/car/samsung/twizyLife/6.jpg,/assets/images/car/samsung/twizyLife/14.jpg,/assets/images/car/samsung/twizyLife/18.jpg,170,45
"2,150",18/09식,"81,000km",TRUE,TRUE,/assets/images/car/kia/soulEV/12.jpg,/assets/images/car/kia/soulEV/15.jpg,/assets/images/car/kia/soulEV/20.jpg,/assets/images/car/kia/soulEV/13.jpg,198,56
"2,700",18/05식,"10,000km",TRUE,TRUE,/assets/images/car/samsung/twizyIntence/5.jpg,/assets/images/car/samsung/twizyIntence/10.jpg,/assets/images/car/samsung/twizyIntence/16.jpg,/assets/images/car/samsung/twizyIntence/17.jpg,31,46
"3,230",18/04식,"45,000km",TRUE,TRUE,/assets/images/car/samsung/sm3ZERE/3.jpg,/assets/images/car/samsung/sm3ZERE/19.jpg,/assets/images/car/samsung/sm3ZERE/20.jpg,/assets/images/car/samsung/sm3ZERE/21.jpg,181,47
"2,790",19/07식,"41,600km",TRUE,TRUE,/assets/images/car/hyundai/ioniqI/2.jpg,/assets/images/car/hyundai/ioniqI/8.jpg,/assets/images/car/hyundai/ioniqI/17.jpg,/assets/images/car/hyundai/ioniqI/22.jpg,189,67
"3,080",18/12식,"15,500km",TRUE,TRUE,/assets/images/car/kia/soulEV/12.jpg,/assets/images/car/kia/soulEV/15.jpg,/assets/images/car/kia/soulEV/20.jpg,/assets/images/car/kia/soulEV/13.jpg,32,56
"3,150",19/08식,"5,710km",TRUE,TRUE,/assets/images/car/hyundai/ioniqQ/10.jpg,/assets/images/car/hyundai/ioniqQ/12.jpg,/assets/images/car/hyundai/ioniqQ/14.jpg,/assets/images/car/hyundai/ioniqQ/15.jpg,33,39
"2,200",18/05식,"31,300km",TRUE,TRUE,/assets/images/car/samsung/twizyIntence/5.jpg,/assets/images/car/samsung/twizyIntence/10.jpg,/assets/images/car/samsung/twizyIntence/16.jpg,/assets/images/car/samsung/twizyIntence/17.jpg,163,46
"2,540",18/07식,"27,500km",TRUE,TRUE,/assets/images/car/samsung/sm3ZESE/24.jpg,/assets/images/car/samsung/sm3ZESE/7.jpg,/assets/images/car/samsung/sm3ZESE/18.jpg,/assets/images/car/samsung/sm3ZESE/16.jpg,182,47
319,18/11식,400km,TRUE,TRUE,/assets/images/car/samsung/sm3ZERE/12.jpg,/assets/images/car/samsung/sm3ZERE/14.jpg,/assets/images/car/samsung/sm3ZERE/17.jpg,/assets/images/car/samsung/sm3ZERE/18.jpg,88,48
"1,650",17/04식,"75,937km",TRUE,TRUE,/assets/images/car/samsung/sm3ZESE/24.jpg,/assets/images/car/samsung/sm3ZESE/7.jpg,/assets/images/car/samsung/sm3ZESE/18.jpg,/assets/images/car/samsung/sm3ZESE/16.jpg,265,49
"3,200",18/09식,"20,700km",TRUE,TRUE,/assets/images/car/kia/niroNobless/3.jpg,/assets/images/car/kia/niroNobless/6.jpg,/assets/images/car/kia/niroNobless/9.jpg,/assets/images/car/kia/niroNobless/15.jpg,199,37
"2,050",18/05식,"20,000km",TRUE,TRUE,/assets/images/car/hyundai/ioniqQ/2.jpg,/assets/images/car/hyundai/ioniqQ/11.jpg,/assets/images/car/hyundai/ioniqQ/16.jpg,/assets/images/car/hyundai/ioniqQ/23.jpg,206,66
999,16/12식,"48,688km",TRUE,TRUE,/assets/images/car/kia/soulEV/12.jpg,/assets/images/car/kia/soulEV/15.jpg,/assets/images/car/kia/soulEV/20.jpg,/assets/images/car/kia/soulEV/13.jpg,99,57
"1,130",15/12식,"39,582km",TRUE,TRUE,/assets/images/car/hyundai/ioniqQ/13.jpg,/assets/images/car/hyundai/ioniqQ/15.jpg,/assets/images/car/hyundai/ioniqQ/18.jpg,/assets/images/car/hyundai/ioniqQ/20.jpg,120,69
959,16/12식,"68,186km",TRUE,TRUE,/assets/images/car/samsung/twizyIntence/12.jpg,/assets/images/car/samsung/twizyIntence/11.jpg,/assets/images/car/samsung/twizyIntence/17.jpg,/assets/images/car/samsung/twizyIntence/22.jpg,100,46
"2,200",17/06식,"48,500km",TRUE,TRUE,/assets/images/car/samsung/twizyIntence/5.jpg,/assets/images/car/samsung/twizyIntence/10.jpg,/assets/images/car/samsung/twizyIntence/16.jpg,/assets/images/car/samsung/twizyIntence/17.jpg,164,46
919,16/03식,"44,625km",TRUE,TRUE,/assets/images/car/samsung/twizyIntence/12.jpg,/assets/images/car/samsung/twizyIntence/11.jpg,/assets/images/car/samsung/twizyIntence/17.jpg,/assets/images/car/samsung/twizyIntence/22.jpg,108,46
"1,820",17/08식,"38,152km",TRUE,TRUE,/assets/images/car/hyundai/konaPremium/1.jpg,/assets/images/car/hyundai/konaPremium/17.jpg,/assets/images/car/hyundai/konaPremium/18.jpg,/assets/images/car/hyundai/konaPremium/20.jpg,221,44
"1,820",17/08식,"38,152km",TRUE,TRUE,/assets/images/car/gm/boltEVpriemier/1.jpg,/assets/images/car/gm/boltEVpriemier/2.jpg,/assets/images/car/gm/boltEVpriemier/3.jpg,/assets/images/car/gm/boltEVpriemier/5.jpg,222,63
600,15/12식,"201,000km",TRUE,TRUE,/assets/images/car/hyundai/ioniqQ/13.jpg,/assets/images/car/hyundai/ioniqQ/15.jpg,/assets/images/car/hyundai/ioniqQ/18.jpg,/assets/images/car/hyundai/ioniqQ/20.jpg,121,69
"2,390",18/06식,"45,827km",TRUE,TRUE,/assets/images/car/hyundai/konaPremium/1.jpg,/assets/images/car/hyundai/konaPremium/17.jpg,/assets/images/car/hyundai/konaPremium/18.jpg,/assets/images/car/hyundai/konaPremium/20.jpg,183,44
"1,850",18/05식,"56,532km",TRUE,TRUE,/assets/images/car/hyundai/ioniqN/1.jpg,/assets/images/car/hyundai/ioniqN/15.jpg,/assets/images/car/hyundai/ioniqN/23.jpg,/assets/images/car/hyundai/ioniqN/24.jpg,223,65
750,13/12식,"95,000km",TRUE,TRUE,/assets/images/car/gm/boltEVpriemier/1.jpg,/assets/images/car/gm/boltEVpriemier/2.jpg,/assets/images/car/gm/boltEVpriemier/3.jpg,/assets/images/car/gm/boltEVpriemier/5.jpg,127,63
"1,900",17/05식,"98,500km",TRUE,TRUE,/assets/images/car/samsung/sm3ZERE/3.jpg,/assets/images/car/samsung/sm3ZERE/19.jpg,/assets/images/car/samsung/sm3ZERE/20.jpg,/assets/images/car/samsung/sm3ZERE/21.jpg,184,50
"2,560",18/05식,"36,293km",TRUE,TRUE,/assets/images/car/samsung/twizyIntence/5.jpg,/assets/images/car/samsung/twizyIntence/10.jpg,/assets/images/car/samsung/twizyIntence/16.jpg,/assets/images/car/samsung/twizyIntence/17.jpg,185,46
"3,290",19/04식,"15,207km",TRUE,TRUE,/assets/images/car/hyundai/ioniqN/1.jpg,/assets/images/car/hyundai/ioniqN/15.jpg,/assets/images/car/hyundai/ioniqN/23.jpg,/assets/images/car/hyundai/ioniqN/24.jpg,13,15
"1,900",18/02식,"45,000km",TRUE,TRUE,/assets/images/car/hyundai/konaPremium/1.jpg,/assets/images/car/hyundai/konaPremium/17.jpg,/assets/images/car/hyundai/konaPremium/18.jpg,/assets/images/car/hyundai/konaPremium/20.jpg,224,44
"3,100",19/03식,"15,000km",TRUE,TRUE,/assets/images/car/gm/boltEVLT/5.jpg,/assets/images/car/gm/boltEVLT/6.jpg,/assets/images/car/gm/boltEVLT/7.jpg,/assets/images/car/gm/boltEVLT/15.jpg,131,59
"3,300",19/07식,"35,662km",TRUE,TRUE,/assets/images/car/samsung/twizyIntence/5.jpg,/assets/images/car/samsung/twizyIntence/10.jpg,/assets/images/car/samsung/twizyIntence/16.jpg,/assets/images/car/samsung/twizyIntence/17.jpg,200,46
360,19/11식,55km,TRUE,TRUE,/assets/images/car/hyundai/ioniqN/7.jpg,/assets/images/car/hyundai/ioniqN/10.jpg,/assets/images/car/hyundai/ioniqN/8.jpg,/assets/images/car/hyundai/ioniqN/11.jpg,45,15
470,19/10식,"2,112km",TRUE,TRUE,/assets/images/car/hyundai/konaPremium/1.jpg,/assets/images/car/hyundai/konaPremium/17.jpg,/assets/images/car/hyundai/konaPremium/18.jpg,/assets/images/car/hyundai/konaPremium/20.jpg,46,44
350,17/07식,"3,600km",TRUE,TRUE,/assets/images/car/hyundai/konaPremium/1.jpg,/assets/images/car/hyundai/konaPremium/4.jpg,/assets/images/car/hyundai/konaPremium/6.jpg,/assets/images/car/hyundai/konaPremium/8.jpg,89,44
"3,450",18/10식,"23,500km",TRUE,TRUE,/assets/images/car/gm/spark/1.jpg,/assets/images/car/gm/spark/2.jpg,/assets/images/car/gm/spark/3.jpg,/assets/images/car/gm/spark/3.jpg,201,64
"3,000",18/09식,"25,000km",TRUE,TRUE,/assets/images/car/samsung/twizyIntence/9.jpg,/assets/images/car/samsung/twizyIntence/12.jpg,/assets/images/car/samsung/twizyIntence/14.jpg,/assets/images/car/samsung/twizyIntence/15.jpg,202,46
"2,950",18/11식,"36,272km",TRUE,TRUE,/assets/images/car/hyundai/ioniqQ/13.jpg,/assets/images/car/hyundai/ioniqQ/15.jpg,/assets/images/car/hyundai/ioniqQ/18.jpg,/assets/images/car/hyundai/ioniqQ/20.jpg,34,66
"2,180",17/11식,"22,500km",TRUE,TRUE,/assets/images/car/samsung/sm3ZESE/24.jpg,/assets/images/car/samsung/sm3ZESE/7.jpg,/assets/images/car/samsung/sm3ZESE/18.jpg,/assets/images/car/samsung/sm3ZESE/16.jpg,239,49
350,18/06식,"1,000km",TRUE,TRUE,/assets/images/car/hyundai/ioniqN/3.jpg,/assets/images/car/hyundai/ioniqN/9.jpg,/assets/images/car/hyundai/ioniqN/10.jpg,/assets/images/car/hyundai/ioniqN/12.jpg,57,65
"2,850",19/05식,"7,500km",TRUE,TRUE,/assets/images/car/hyundai/ioniqQ/13.jpg,/assets/images/car/hyundai/ioniqQ/15.jpg,/assets/images/car/hyundai/ioniqQ/18.jpg,/assets/images/car/hyundai/ioniqQ/20.jpg,162,39
899,16/12식,"44,261km",TRUE,TRUE,/assets/images/car/gm/boltEVpriemier/1.jpg,/assets/images/car/gm/boltEVpriemier/2.jpg,/assets/images/car/gm/boltEVpriemier/3.jpg,/assets/images/car/gm/boltEVpriemier/5.jpg,101,63