가격,이미지,제조사,차종,트림,년식,주행거리
899,http://ci.encar.com/carpicture/carpicture10/pic2570/25707942_001.jpg?impolicy=heightRate&rh=91&cw=122&ch=91&cg=Center&wtmk=http://ci.encar.com/wt_mark/w_mark_03.png&wtmkg=SouthEast&wtmkw=45&wtmkh=12.3,르노삼성,SM3 Z.E., SE,16/12식,"60,375km"
300,http://ci.encar.com/carpicture/carpicture10/pic2570/25707942_001.jpg?impolicy=heightRate&rh=91&cw=122&ch=91&cg=Center&wtmk=http://ci.encar.com/wt_mark/w_mark_03.png&wtmkg=SouthEast&wtmkw=45&wtmkh=12.3,르노삼성,트위지, 인텐스(2인승),18/04식,588km
"2,030",http://ci.encar.com/carpicture/carpicture10/pic2570/25707942_001.jpg?impolicy=heightRate&rh=91&cw=122&ch=91&cg=Center&wtmk=http://ci.encar.com/wt_mark/w_mark_03.png&wtmkg=SouthEast&wtmkw=45&wtmkh=12.3,현대,아이오닉 일렉트릭, N,17/06식(18년형),"6,495km"
"1,550",http://ci.encar.com/carpicture/carpicture10/pic2570/25707942_001.jpg?impolicy=heightRate&rh=91&cw=122&ch=91&cg=Center&wtmk=http://ci.encar.com/wt_mark/w_mark_03.png&wtmkg=SouthEast&wtmkw=45&wtmkh=12.3,르노삼성,SM3 Z.E., SE,19/06식,"17,234km"
899,http://ci.encar.com/carpicture/carpicture10/pic2570/25707942_001.jpg?impolicy=heightRate&rh=91&cw=122&ch=91&cg=Center&wtmk=http://ci.encar.com/wt_mark/w_mark_03.png&wtmkg=SouthEast&wtmkw=45&wtmkh=12.3,르노삼성,SM3 Z.E., SE,16/12식,"39,636km"
"1,420",http://ci.encar.com/carpicture/carpicture10/pic2570/25707942_001.jpg?impolicy=heightRate&rh=91&cw=122&ch=91&cg=Center&wtmk=http://ci.encar.com/wt_mark/w_mark_03.png&wtmkg=SouthEast&wtmkw=45&wtmkh=12.3,기아,쏘울 EV, EV,16/06식,"57,037km"
799,http://ci.encar.com/carpicture/carpicture10/pic2570/25707942_001.jpg?impolicy=heightRate&rh=91&cw=122&ch=91&cg=Center&wtmk=http://ci.encar.com/wt_mark/w_mark_03.png&wtmkg=SouthEast&wtmkw=45&wtmkh=12.3,기아,레이, EV,13/01식,"28,410km"
"1,459",http://ci.encar.com/carpicture/carpicture10/pic2570/25707942_001.jpg?impolicy=heightRate&rh=91&cw=122&ch=91&cg=Center&wtmk=http://ci.encar.com/wt_mark/w_mark_03.png&wtmkg=SouthEast&wtmkw=45&wtmkh=12.3,현대,아이오닉 일렉트릭, N,16/12식(17년형),"80,046km"
650,http://ci.encar.com/carpicture/carpicture10/pic2570/25707942_001.jpg?impolicy=heightRate&rh=91&cw=122&ch=91&cg=Center&wtmk=http://ci.encar.com/wt_mark/w_mark_03.png&wtmkg=SouthEast&wtmkw=45&wtmkh=12.3,기아,레이, EV,12/11식(13년형),"41,960km"
"3,190",http://ci.encar.com/carpicture/carpicture10/pic2570/25707942_001.jpg?impolicy=heightRate&rh=91&cw=122&ch=91&cg=Center&wtmk=http://ci.encar.com/wt_mark/w_mark_03.png&wtmkg=SouthEast&wtmkw=45&wtmkh=12.3,기아,쏘울 부스터 EV, 노블레스,19/07식,"5,100km"
850,http://ci.encar.com/carpicture/carpicture10/pic2570/25707942_001.jpg?impolicy=heightRate&rh=91&cw=122&ch=91&cg=Center&wtmk=http://ci.encar.com/wt_mark/w_mark_03.png&wtmkg=SouthEast&wtmkw=45&wtmkh=12.3,르노삼성,SM3 Z.E., RE,15/09식,"44,891km"
"2,699",http://ci.encar.com/carpicture/carpicture10/pic2570/25707942_001.jpg?impolicy=heightRate&rh=91&cw=122&ch=91&cg=Center&wtmk=http://ci.encar.com/wt_mark/w_mark_03.png&wtmkg=SouthEast&wtmkw=45&wtmkh=12.3,쉐보레(GM대우),볼트 EV, EV 프리미어,19/04식,"29,320km"
"1,890",http://ci.encar.com/carpicture/carpicture10/pic2570/25707942_001.jpg?impolicy=heightRate&rh=91&cw=122&ch=91&cg=Center&wtmk=http://ci.encar.com/wt_mark/w_mark_03.png&wtmkg=SouthEast&wtmkw=45&wtmkh=12.3,현대,아이오닉 일렉트릭, Q,17/03식,"101,000km"
698,http://ci.encar.com/carpicture/carpicture10/pic2570/25707942_001.jpg?impolicy=heightRate&rh=91&cw=122&ch=91&cg=Center&wtmk=http://ci.encar.com/wt_mark/w_mark_03.png&wtmkg=SouthEast&wtmkw=45&wtmkh=12.3,기아,레이, EV,13/12식(14년형),"85,948km"
"2,950",http://ci.encar.com/carpicture/carpicture10/pic2570/25707942_001.jpg?impolicy=heightRate&rh=91&cw=122&ch=91&cg=Center&wtmk=http://ci.encar.com/wt_mark/w_mark_03.png&wtmkg=SouthEast&wtmkw=45&wtmkh=12.3,현대,코나 일렉트릭, 프리미엄,19/04식,"29,131km"
"1,630",http://ci.encar.com/carpicture/carpicture10/pic2570/25707942_001.jpg?impolicy=heightRate&rh=91&cw=122&ch=91&cg=Center&wtmk=http://ci.encar.com/wt_mark/w_mark_03.png&wtmkg=SouthEast&wtmkw=45&wtmkh=12.3,현대,아이오닉 일렉트릭, N,16/12식(17년형),"60,864km"
799,http://ci.encar.com/carpicture/carpicture10/pic2570/25707942_001.jpg?impolicy=heightRate&rh=91&cw=122&ch=91&cg=Center&wtmk=http://ci.encar.com/wt_mark/w_mark_03.png&wtmkg=SouthEast&wtmkw=45&wtmkh=12.3,르노삼성,SM3 Z.E., RE,15/03식,"43,729km"
600,http://ci.encar.com/carpicture/carpicture10/pic2570/25707942_001.jpg?impolicy=heightRate&rh=91&cw=122&ch=91&cg=Center&wtmk=http://ci.encar.com/wt_mark/w_mark_03.png&wtmkg=SouthEast&wtmkw=45&wtmkh=12.3,기아,레이, EV,13/01식,"44,187km"
"2,790",http://ci.encar.com/carpicture/carpicture10/pic2570/25707942_001.jpg?impolicy=heightRate&rh=91&cw=122&ch=91&cg=Center&wtmk=http://ci.encar.com/wt_mark/w_mark_03.png&wtmkg=SouthEast&wtmkw=45&wtmkh=12.3,현대,코나 일렉트릭, 택시형,19/07식,"23,923km"
"1,460",http://ci.encar.com/carpicture/carpicture10/pic2570/25707942_001.jpg?impolicy=heightRate&rh=91&cw=122&ch=91&cg=Center&wtmk=http://ci.encar.com/wt_mark/w_mark_03.png&wtmkg=SouthEast&wtmkw=45&wtmkh=12.3,기아,쏘울 EV, EV,17/02식,"9,350km"
"3,290",http://ci.encar.com/carpicture/carpicture10/pic2570/25707942_001.jpg?impolicy=heightRate&rh=91&cw=122&ch=91&cg=Center&wtmk=http://ci.encar.com/wt_mark/w_mark_03.png&wtmkg=SouthEast&wtmkw=45&wtmkh=12.3,현대,코나 일렉트릭, 프리미엄,18/06식(19년형),"19,212km"
320,http://ci.encar.com/carpicture/carpicture10/pic2570/25707942_001.jpg?impolicy=heightRate&rh=91&cw=122&ch=91&cg=Center&wtmk=http://ci.encar.com/wt_mark/w_mark_03.png&wtmkg=SouthEast&wtmkw=45&wtmkh=12.3,르노삼성,트위지, 인텐스(2인승),18/03식,"6,000km"
"2,140",http://ci.encar.com/carpicture/carpicture10/pic2570/25707942_001.jpg?impolicy=heightRate&rh=91&cw=122&ch=91&cg=Center&wtmk=http://ci.encar.com/wt_mark/w_mark_03.png&wtmkg=SouthEast&wtmkw=45&wtmkh=12.3,현대,아이오닉 일렉트릭, Q,18/06식(19년형),"23,000km"
"1,990",http://ci.encar.com/carpicture/carpicture10/pic2570/25707942_001.jpg?impolicy=heightRate&rh=91&cw=122&ch=91&cg=Center&wtmk=http://ci.encar.com/wt_mark/w_mark_03.png&wtmkg=SouthEast&wtmkw=45&wtmkh=12.3,현대,아이오닉 일렉트릭, N,18/03식,"20,000km"
800,http://ci.encar.com/carpicture/carpicture10/pic2570/25707942_001.jpg?impolicy=heightRate&rh=91&cw=122&ch=91&cg=Center&wtmk=http://ci.encar.com/wt_mark/w_mark_03.png&wtmkg=SouthEast&wtmkw=45&wtmkh=12.3,기아,레이, EV,14/05식,"29,000km"
360,http://ci.encar.com/carpicture/carpicture10/pic2570/25707942_001.jpg?impolicy=heightRate&rh=91&cw=122&ch=91&cg=Center&wtmk=http://ci.encar.com/wt_mark/w_mark_03.png&wtmkg=SouthEast&wtmkw=45&wtmkh=12.3,르노삼성,트위지, 인텐스(2인승),18/01식,543km
"1,970",http://ci.encar.com/carpicture/carpicture10/pic2570/25707942_001.jpg?impolicy=heightRate&rh=91&cw=122&ch=91&cg=Center&wtmk=http://ci.encar.com/wt_mark/w_mark_03.png&wtmkg=SouthEast&wtmkw=45&wtmkh=12.3,현대,아이오닉 일렉트릭, Q,16/11식(17년형),"22,682km"
"2,250",http://ci.encar.com/carpicture/carpicture10/pic2570/25707942_001.jpg?impolicy=heightRate&rh=91&cw=122&ch=91&cg=Center&wtmk=http://ci.encar.com/wt_mark/w_mark_03.png&wtmkg=SouthEast&wtmkw=45&wtmkh=12.3,쉐보레(GM대우),볼트 EV, EV LT 디럭스,17/05식,"42,900km"
"1,699",http://ci.encar.com/carpicture/carpicture10/pic2570/25707942_001.jpg?impolicy=heightRate&rh=91&cw=122&ch=91&cg=Center&wtmk=http://ci.encar.com/wt_mark/w_mark_03.png&wtmkg=SouthEast&wtmkw=45&wtmkh=12.3,현대,아이오닉 일렉트릭, Q,17/02식,"46,514km"
"1,230",http://ci.encar.com/carpicture/carpicture10/pic2570/25707942_001.jpg?impolicy=heightRate&rh=91&cw=122&ch=91&cg=Center&wtmk=http://ci.encar.com/wt_mark/w_mark_03.png&wtmkg=SouthEast&wtmkw=45&wtmkh=12.3,기아,쏘울 EV, EV,17/02식,"35,499km"
"2,070",http://ci.encar.com/carpicture/carpicture10/pic2570/25707942_001.jpg?impolicy=heightRate&rh=91&cw=122&ch=91&cg=Center&wtmk=http://ci.encar.com/wt_mark/w_mark_03.png&wtmkg=SouthEast&wtmkw=45&wtmkh=12.3,현대,아이오닉 일렉트릭, Q,18/03식,"48,860km"
"3,550",http://ci.encar.com/carpicture/carpicture10/pic2570/25707942_001.jpg?impolicy=heightRate&rh=91&cw=122&ch=91&cg=Center&wtmk=http://ci.encar.com/wt_mark/w_mark_03.png&wtmkg=SouthEast&wtmkw=45&wtmkh=12.3,기아,니로 EV, 노블레스,19/04식,"26,040km"
"2,070",http://ci.encar.com/carpicture/carpicture10/pic2570/25707942_001.jpg?impolicy=heightRate&rh=91&cw=122&ch=91&cg=Center&wtmk=http://ci.encar.com/wt_mark/w_mark_03.png&wtmkg=SouthEast&wtmkw=45&wtmkh=12.3,현대,아이오닉 일렉트릭, Q,17/04식,"60,000km"
"2,290",http://ci.encar.com/carpicture/carpicture10/pic2570/25707942_001.jpg?impolicy=heightRate&rh=91&cw=122&ch=91&cg=Center&wtmk=http://ci.encar.com/wt_mark/w_mark_03.png&wtmkg=SouthEast&wtmkw=45&wtmkh=12.3,쉐보레(GM대우),볼트 EV, EV 프리미어,18/04식,"48,200km"
280,http://ci.encar.com/carpicture/carpicture10/pic2570/25707942_001.jpg?impolicy=heightRate&rh=91&cw=122&ch=91&cg=Center&wtmk=http://ci.encar.com/wt_mark/w_mark_03.png&wtmkg=SouthEast&wtmkw=45&wtmkh=12.3,르노삼성,트위지, 인텐스(2인승),17/12식(18년형),"2,547km"
"3,188",http://ci.encar.com/carpicture/carpicture10/pic2570/25707942_001.jpg?impolicy=heightRate&rh=91&cw=122&ch=91&cg=Center&wtmk=http://ci.encar.com/wt_mark/w_mark_03.png&wtmkg=SouthEast&wtmkw=45&wtmkh=12.3,현대,코나 일렉트릭, 프리미엄,19/02식,"10,254km"
390,http://ci.encar.com/carpicture/carpicture10/pic2570/25707942_001.jpg?impolicy=heightRate&rh=91&cw=122&ch=91&cg=Center&wtmk=http://ci.encar.com/wt_mark/w_mark_03.png&wtmkg=SouthEast&wtmkw=45&wtmkh=12.3,르노삼성,트위지, 인텐스(2인승),17/12식(18년형),173km
"1,700",http://ci.encar.com/carpicture/carpicture10/pic2570/25707942_001.jpg?impolicy=heightRate&rh=91&cw=122&ch=91&cg=Center&wtmk=http://ci.encar.com/wt_mark/w_mark_03.png&wtmkg=SouthEast&wtmkw=45&wtmkh=12.3,기아,쏘울 EV, EV,18/04식,"15,929km"
"1,990",http://ci.encar.com/carpicture/carpicture10/pic2570/25707942_001.jpg?impolicy=heightRate&rh=91&cw=122&ch=91&cg=Center&wtmk=http://ci.encar.com/wt_mark/w_mark_03.png&wtmkg=SouthEast&wtmkw=45&wtmkh=12.3,현대,아이오닉 일렉트릭, Q,18/04식(19년형),"54,284km"
"1,730",http://ci.encar.com/carpicture/carpicture10/pic2570/25707942_001.jpg?impolicy=heightRate&rh=91&cw=122&ch=91&cg=Center&wtmk=http://ci.encar.com/wt_mark/w_mark_03.png&wtmkg=SouthEast&wtmkw=45&wtmkh=12.3,현대,아이오닉 일렉트릭, Q,17/04식,"92,760km"
"2,990",http://ci.encar.com/carpicture/carpicture10/pic2570/25707942_001.jpg?impolicy=heightRate&rh=91&cw=122&ch=91&cg=Center&wtmk=http://ci.encar.com/wt_mark/w_mark_03.png&wtmkg=SouthEast&wtmkw=45&wtmkh=12.3,기아,니로 EV, 노블레스,19/04식,"69,224km"
"2,450",http://ci.encar.com/carpicture/carpicture10/pic2570/25707942_001.jpg?impolicy=heightRate&rh=91&cw=122&ch=91&cg=Center&wtmk=http://ci.encar.com/wt_mark/w_mark_03.png&wtmkg=SouthEast&wtmkw=45&wtmkh=12.3,쉐보레(GM대우),볼트 EV, EV 프리미어,18/05식,"59,511km"
"1,990",http://ci.encar.com/carpicture/carpicture10/pic2570/25707942_001.jpg?impolicy=heightRate&rh=91&cw=122&ch=91&cg=Center&wtmk=http://ci.encar.com/wt_mark/w_mark_03.png&wtmkg=SouthEast&wtmkw=45&wtmkh=12.3,현대,아이오닉 일렉트릭, Q,17/06식(18년형),"20,465km"
"2,450",http://ci.encar.com/carpicture/carpicture10/pic2570/25707942_001.jpg?impolicy=heightRate&rh=91&cw=122&ch=91&cg=Center&wtmk=http://ci.encar.com/wt_mark/w_mark_03.png&wtmkg=SouthEast&wtmkw=45&wtmkh=12.3,쉐보레(GM대우),볼트 EV, EV 프리미어,18/05식,"59,511km"
"3,160",http://ci.encar.com/carpicture/carpicture10/pic2570/25707942_001.jpg?impolicy=heightRate&rh=91&cw=122&ch=91&cg=Center&wtmk=http://ci.encar.com/wt_mark/w_mark_03.png&wtmkg=SouthEast&wtmkw=45&wtmkh=12.3,현대,코나 일렉트릭, 프리미엄,18/06식(19년형),"33,332km"
355,http://ci.encar.com/carpicture/carpicture10/pic2570/25707942_001.jpg?impolicy=heightRate&rh=91&cw=122&ch=91&cg=Center&wtmk=http://ci.encar.com/wt_mark/w_mark_03.png&wtmkg=SouthEast&wtmkw=45&wtmkh=12.3,르노삼성,트위지, 인텐스(2인승),19/07식,53km
"2,520",http://ci.encar.com/carpicture/carpicture10/pic2570/25707942_001.jpg?impolicy=heightRate&rh=91&cw=122&ch=91&cg=Center&wtmk=http://ci.encar.com/wt_mark/w_mark_03.png&wtmkg=SouthEast&wtmkw=45&wtmkh=12.3,쉐보레(GM대우),볼트 EV, EV 프리미어,18/03식,"39,800km"
275,http://ci.encar.com/carpicture/carpicture10/pic2570/25707942_001.jpg?impolicy=heightRate&rh=91&cw=122&ch=91&cg=Center&wtmk=http://ci.encar.com/wt_mark/w_mark_03.png&wtmkg=SouthEast&wtmkw=45&wtmkh=12.3,르노삼성,트위지, 인텐스(2인승),18/04식,"8,920km"
890,http://ci.encar.com/carpicture/carpicture10/pic2570/25707942_001.jpg?impolicy=heightRate&rh=91&cw=122&ch=91&cg=Center&wtmk=http://ci.encar.com/wt_mark/w_mark_03.png&wtmkg=SouthEast&wtmkw=45&wtmkh=12.3,르노삼성,SM3 Z.E., SE,17/06식,"76,712km"
770,http://ci.encar.com/carpicture/carpicture10/pic2570/25707942_001.jpg?impolicy=heightRate&rh=91&cw=122&ch=91&cg=Center&wtmk=http://ci.encar.com/wt_mark/w_mark_03.png&wtmkg=SouthEast&wtmkw=45&wtmkh=12.3,기아,레이, EV,14/03식,"43,246km"
799,http://ci.encar.com/carpicture/carpicture10/pic2570/25707942_001.jpg?impolicy=heightRate&rh=91&cw=122&ch=91&cg=Center&wtmk=http://ci.encar.com/wt_mark/w_mark_03.png&wtmkg=SouthEast&wtmkw=45&wtmkh=12.3,르노삼성,SM3 Z.E., RE,15/03식,"43,729km"
600,http://ci.encar.com/carpicture/carpicture10/pic2570/25707942_001.jpg?impolicy=heightRate&rh=91&cw=122&ch=91&cg=Center&wtmk=http://ci.encar.com/wt_mark/w_mark_03.png&wtmkg=SouthEast&wtmkw=45&wtmkh=12.3,기아,레이, EV,13/01식,"44,187km"
"2,790",http://ci.encar.com/carpicture/carpicture10/pic2570/25707942_001.jpg?impolicy=heightRate&rh=91&cw=122&ch=91&cg=Center&wtmk=http://ci.encar.com/wt_mark/w_mark_03.png&wtmkg=SouthEast&wtmkw=45&wtmkh=12.3,현대,코나 일렉트릭, 택시형,19/07식,"23,923km"
"1,830",http://ci.encar.com/carpicture/carpicture10/pic2570/25707942_001.jpg?impolicy=heightRate&rh=91&cw=122&ch=91&cg=Center&wtmk=http://ci.encar.com/wt_mark/w_mark_03.png&wtmkg=SouthEast&wtmkw=45&wtmkh=12.3,현대,아이오닉 일렉트릭, N,18/06식(19년형),"52,000km"
"3,290",http://ci.encar.com/carpicture/carpicture10/pic2570/25707942_001.jpg?impolicy=heightRate&rh=91&cw=122&ch=91&cg=Center&wtmk=http://ci.encar.com/wt_mark/w_mark_03.png&wtmkg=SouthEast&wtmkw=45&wtmkh=12.3,현대,코나 일렉트릭, 프리미엄,18/06식(19년형),"19,212km"
299,http://ci.encar.com/carpicture/carpicture10/pic2570/25707942_001.jpg?impolicy=heightRate&rh=91&cw=122&ch=91&cg=Center&wtmk=http://ci.encar.com/wt_mark/w_mark_03.png&wtmkg=SouthEast&wtmkw=45&wtmkh=12.3,르노삼성,트위지, 라이프(2인승),20/06식,5km
"1,420",http://ci.encar.com/carpicture/carpicture10/pic2570/25707942_001.jpg?impolicy=heightRate&rh=91&cw=122&ch=91&cg=Center&wtmk=http://ci.encar.com/wt_mark/w_mark_03.png&wtmkg=SouthEast&wtmkw=45&wtmkh=12.3,기아,쏘울 EV, EV,17/02식,"14,000km"
320,http://ci.encar.com/carpicture/carpicture10/pic2570/25707942_001.jpg?impolicy=heightRate&rh=91&cw=122&ch=91&cg=Center&wtmk=http://ci.encar.com/wt_mark/w_mark_03.png&wtmkg=SouthEast&wtmkw=45&wtmkh=12.3,르노삼성,트위지, 인텐스(2인승),18/03식,"6,000km"
690,http://ci.encar.com/carpicture/carpicture10/pic2570/25707942_001.jpg?impolicy=heightRate&rh=91&cw=122&ch=91&cg=Center&wtmk=http://ci.encar.com/wt_mark/w_mark_03.png&wtmkg=SouthEast&wtmkw=45&wtmkh=12.3,기아,레이, EV,13/12식(14년형),"64,410km"
"2,140",http://ci.encar.com/carpicture/carpicture10/pic2570/25707942_001.jpg?impolicy=heightRate&rh=91&cw=122&ch=91&cg=Center&wtmk=http://ci.encar.com/wt_mark/w_mark_03.png&wtmkg=SouthEast&wtmkw=45&wtmkh=12.3,현대,아이오닉 일렉트릭, Q,18/06식(19년형),"23,000km"
350,http://ci.encar.com/carpicture/carpicture10/pic2570/25707942_001.jpg?impolicy=heightRate&rh=91&cw=122&ch=91&cg=Center&wtmk=http://ci.encar.com/wt_mark/w_mark_03.png&wtmkg=SouthEast&wtmkw=45&wtmkh=12.3,르노삼성,트위지, 라이프(2인승),19/03식,"2,994km"
"1,970",http://ci.encar.com/carpicture/carpicture10/pic2570/25707942_001.jpg?impolicy=heightRate&rh=91&cw=122&ch=91&cg=Center&wtmk=http://ci.encar.com/wt_mark/w_mark_03.png&wtmkg=SouthEast&wtmkw=45&wtmkh=12.3,현대,아이오닉 일렉트릭, Q,16/11식(17년형),"22,682km"
"1,699",http://ci.encar.com/carpicture/carpicture10/pic2570/25707942_001.jpg?impolicy=heightRate&rh=91&cw=122&ch=91&cg=Center&wtmk=http://ci.encar.com/wt_mark/w_mark_03.png&wtmkg=SouthEast&wtmkw=45&wtmkh=12.3,현대,아이오닉 일렉트릭, Q,17/02식,"46,514km"
"2,150",http://ci.encar.com/carpicture/carpicture10/pic2570/25707942_001.jpg?impolicy=heightRate&rh=91&cw=122&ch=91&cg=Center&wtmk=http://ci.encar.com/wt_mark/w_mark_03.png&wtmkg=SouthEast&wtmkw=45&wtmkh=12.3,현대,아이오닉 일렉트릭, Q,18/02식,"42,744km"
"3,550",http://ci.encar.com/carpicture/carpicture10/pic2570/25707942_001.jpg?impolicy=heightRate&rh=91&cw=122&ch=91&cg=Center&wtmk=http://ci.encar.com/wt_mark/w_mark_03.png&wtmkg=SouthEast&wtmkw=45&wtmkh=12.3,기아,니로 EV, 노블레스,19/04식,"26,040km"
"3,350",http://ci.encar.com/carpicture/carpicture10/pic2570/25707942_001.jpg?impolicy=heightRate&rh=91&cw=122&ch=91&cg=Center&wtmk=http://ci.encar.com/wt_mark/w_mark_03.png&wtmkg=SouthEast&wtmkw=45&wtmkh=12.3,기아,니로 EV, 노블레스,18/10식(19년형),"28,972km"
"1,890",http://ci.encar.com/carpicture/carpicture10/pic2570/25707942_001.jpg?impolicy=heightRate&rh=91&cw=122&ch=91&cg=Center&wtmk=http://ci.encar.com/wt_mark/w_mark_03.png&wtmkg=SouthEast&wtmkw=45&wtmkh=12.3,현대,아이오닉 일렉트릭, N,17/08식(18년형),"30,000km"
"2,249",http://ci.encar.com/carpicture/carpicture10/pic2570/25707942_001.jpg?impolicy=heightRate&rh=91&cw=122&ch=91&cg=Center&wtmk=http://ci.encar.com/wt_mark/w_mark_03.png&wtmkg=SouthEast&wtmkw=45&wtmkh=12.3,쉐보레(GM대우),볼트 EV, EV 프리미어,18/05식,"66,271km"
299,http://ci.encar.com/carpicture/carpicture10/pic2570/25707942_001.jpg?impolicy=heightRate&rh=91&cw=122&ch=91&cg=Center&wtmk=http://ci.encar.com/wt_mark/w_mark_03.png&wtmkg=SouthEast&wtmkw=45&wtmkh=12.3,르노삼성,트위지, 인텐스(2인승),17/07식(18년형),"3,900km"
330,http://ci.encar.com/carpicture/carpicture10/pic2570/25707942_001.jpg?impolicy=heightRate&rh=91&cw=122&ch=91&cg=Center&wtmk=http://ci.encar.com/wt_mark/w_mark_03.png&wtmkg=SouthEast&wtmkw=45&wtmkh=12.3,르노삼성,트위지, 인텐스(2인승),19/07식,30km
700,http://ci.encar.com/carpicture/carpicture10/pic2570/25707942_001.jpg?impolicy=heightRate&rh=91&cw=122&ch=91&cg=Center&wtmk=http://ci.encar.com/wt_mark/w_mark_03.png&wtmkg=SouthEast&wtmkw=45&wtmkh=12.3,르노삼성,SM3 Z.E., SE 플러스,13/12식(14년형),"104,000km"
"1,599",http://ci.encar.com/carpicture/carpicture10/pic2570/25707942_001.jpg?impolicy=heightRate&rh=91&cw=122&ch=91&cg=Center&wtmk=http://ci.encar.com/wt_mark/w_mark_03.png&wtmkg=SouthEast&wtmkw=45&wtmkh=12.3,현대,아이오닉 일렉트릭, N,16/07식(17년형),"100,454km"
"1,790",http://ci.encar.com/carpicture/carpicture10/pic2570/25707942_001.jpg?impolicy=heightRate&rh=91&cw=122&ch=91&cg=Center&wtmk=http://ci.encar.com/wt_mark/w_mark_03.png&wtmkg=SouthEast&wtmkw=45&wtmkh=12.3,현대,아이오닉 일렉트릭, Q,17/02식,"62,787km"
340,http://ci.encar.com/carpicture/carpicture10/pic2570/25707942_001.jpg?impolicy=heightRate&rh=91&cw=122&ch=91&cg=Center&wtmk=http://ci.encar.com/wt_mark/w_mark_03.png&wtmkg=SouthEast&wtmkw=45&wtmkh=12.3,르노삼성,트위지, 인텐스(2인승),19/06식,70km
"1,550",http://ci.encar.com/carpicture/carpicture10/pic2570/25707942_001.jpg?impolicy=heightRate&rh=91&cw=122&ch=91&cg=Center&wtmk=http://ci.encar.com/wt_mark/w_mark_03.png&wtmkg=SouthEast&wtmkw=45&wtmkh=12.3,르노삼성,SM3 Z.E., SE,19/06식,"17,234km"
"2,950",http://ci.encar.com/carpicture/carpicture10/pic2570/25707942_001.jpg?impolicy=heightRate&rh=91&cw=122&ch=91&cg=Center&wtmk=http://ci.encar.com/wt_mark/w_mark_03.png&wtmkg=SouthEast&wtmkw=45&wtmkh=12.3,현대,코나 일렉트릭, 프리미엄,19/04식,"29,131km"
"1,460",http://ci.encar.com/carpicture/carpicture10/pic2570/25707942_001.jpg?impolicy=heightRate&rh=91&cw=122&ch=91&cg=Center&wtmk=http://ci.encar.com/wt_mark/w_mark_03.png&wtmkg=SouthEast&wtmkw=45&wtmkh=12.3,기아,쏘울 EV, EV,17/02식,"9,350km"
"1,990",http://ci.encar.com/carpicture/carpicture10/pic2570/25707942_001.jpg?impolicy=heightRate&rh=91&cw=122&ch=91&cg=Center&wtmk=http://ci.encar.com/wt_mark/w_mark_03.png&wtmkg=SouthEast&wtmkw=45&wtmkh=12.3,현대,아이오닉 일렉트릭, N,18/03식,"20,000km"
800,http://ci.encar.com/carpicture/carpicture10/pic2570/25707942_001.jpg?impolicy=heightRate&rh=91&cw=122&ch=91&cg=Center&wtmk=http://ci.encar.com/wt_mark/w_mark_03.png&wtmkg=SouthEast&wtmkw=45&wtmkh=12.3,기아,레이, EV,14/05식,"29,000km"
"2,250",http://ci.encar.com/carpicture/carpicture10/pic2570/25707942_001.jpg?impolicy=heightRate&rh=91&cw=122&ch=91&cg=Center&wtmk=http://ci.encar.com/wt_mark/w_mark_03.png&wtmkg=SouthEast&wtmkw=45&wtmkh=12.3,쉐보레(GM대우),볼트 EV, EV LT 디럭스,17/05식,"42,900km"
"1,230",http://ci.encar.com/carpicture/carpicture10/pic2570/25707942_001.jpg?impolicy=heightRate&rh=91&cw=122&ch=91&cg=Center&wtmk=http://ci.encar.com/wt_mark/w_mark_03.png&wtmkg=SouthEast&wtmkw=45&wtmkh=12.3,기아,쏘울 EV, EV,17/02식,"35,499km"
"2,070",http://ci.encar.com/carpicture/carpicture10/pic2570/25707942_001.jpg?impolicy=heightRate&rh=91&cw=122&ch=91&cg=Center&wtmk=http://ci.encar.com/wt_mark/w_mark_03.png&wtmkg=SouthEast&wtmkw=45&wtmkh=12.3,현대,아이오닉 일렉트릭, Q,18/03식,"48,860km"
"2,290",http://ci.encar.com/carpicture/carpicture10/pic2570/25707942_001.jpg?impolicy=heightRate&rh=91&cw=122&ch=91&cg=Center&wtmk=http://ci.encar.com/wt_mark/w_mark_03.png&wtmkg=SouthEast&wtmkw=45&wtmkh=12.3,쉐보레(GM대우),볼트 EV, EV 프리미어,18/04식,"48,200km"
390,http://ci.encar.com/carpicture/carpicture10/pic2570/25707942_001.jpg?impolicy=heightRate&rh=91&cw=122&ch=91&cg=Center&wtmk=http://ci.encar.com/wt_mark/w_mark_03.png&wtmkg=SouthEast&wtmkw=45&wtmkh=12.3,르노삼성,트위지, 인텐스(2인승),17/12식(18년형),173km
"1,990",http://ci.encar.com/carpicture/carpicture10/pic2570/25707942_001.jpg?impolicy=heightRate&rh=91&cw=122&ch=91&cg=Center&wtmk=http://ci.encar.com/wt_mark/w_mark_03.png&wtmkg=SouthEast&wtmkw=45&wtmkh=12.3,현대,아이오닉 일렉트릭, Q,18/04식(19년형),"54,284km"
355,http://ci.encar.com/carpicture/carpicture10/pic2570/25707942_001.jpg?impolicy=heightRate&rh=91&cw=122&ch=91&cg=Center&wtmk=http://ci.encar.com/wt_mark/w_mark_03.png&wtmkg=SouthEast&wtmkw=45&wtmkh=12.3,르노삼성,트위지, 인텐스(2인승),19/07식,53km
"2,520",http://ci.encar.com/carpicture/carpicture10/pic2570/25707942_001.jpg?impolicy=heightRate&rh=91&cw=122&ch=91&cg=Center&wtmk=http://ci.encar.com/wt_mark/w_mark_03.png&wtmkg=SouthEast&wtmkw=45&wtmkh=12.3,쉐보레(GM대우),볼트 EV, EV 프리미어,18/03식,"39,800km"
275,http://ci.encar.com/carpicture/carpicture10/pic2570/25707942_001.jpg?impolicy=heightRate&rh=91&cw=122&ch=91&cg=Center&wtmk=http://ci.encar.com/wt_mark/w_mark_03.png&wtmkg=SouthEast&wtmkw=45&wtmkh=12.3,르노삼성,트위지, 인텐스(2인승),18/04식,"8,920km"
890,http://ci.encar.com/carpicture/carpicture10/pic2570/25707942_001.jpg?impolicy=heightRate&rh=91&cw=122&ch=91&cg=Center&wtmk=http://ci.encar.com/wt_mark/w_mark_03.png&wtmkg=SouthEast&wtmkw=45&wtmkh=12.3,르노삼성,SM3 Z.E., SE,17/06식,"76,712km"
770,http://ci.encar.com/carpicture/carpicture10/pic2570/25707942_001.jpg?impolicy=heightRate&rh=91&cw=122&ch=91&cg=Center&wtmk=http://ci.encar.com/wt_mark/w_mark_03.png&wtmkg=SouthEast&wtmkw=45&wtmkh=12.3,기아,레이, EV,14/03식,"43,246km"
999,http://ci.encar.com/carpicture/carpicture10/pic2570/25707942_001.jpg?impolicy=heightRate&rh=91&cw=122&ch=91&cg=Center&wtmk=http://ci.encar.com/wt_mark/w_mark_03.png&wtmkg=SouthEast&wtmkw=45&wtmkh=12.3,르노삼성,SM3 Z.E., SE,16/12식,"42,727km"
"1,399",http://ci.encar.com/carpicture/carpicture10/pic2570/25707942_001.jpg?impolicy=heightRate&rh=91&cw=122&ch=91&cg=Center&wtmk=http://ci.encar.com/wt_mark/w_mark_03.png&wtmkg=SouthEast&wtmkw=45&wtmkh=12.3,기아,쏘울 EV, EV,17/02식,"15,307km"
790,http://ci.encar.com/carpicture/carpicture10/pic2570/25707942_001.jpg?impolicy=heightRate&rh=91&cw=122&ch=91&cg=Center&wtmk=http://ci.encar.com/wt_mark/w_mark_03.png&wtmkg=SouthEast&wtmkw=45&wtmkh=12.3,기아,레이, EV,14/04식,"60,788km"
"2,650",http://ci.encar.com/carpicture/carpicture10/pic2570/25707942_001.jpg?impolicy=heightRate&rh=91&cw=122&ch=91&cg=Center&wtmk=http://ci.encar.com/wt_mark/w_mark_03.png&wtmkg=SouthEast&wtmkw=45&wtmkh=12.3,쉐보레(GM대우),볼트 EV, EV 프리미어,18/06식,"19,749km"
390,http://ci.encar.com/carpicture/carpicture10/pic2570/25707942_001.jpg?impolicy=heightRate&rh=91&cw=122&ch=91&cg=Center&wtmk=http://ci.encar.com/wt_mark/w_mark_03.png&wtmkg=SouthEast&wtmkw=45&wtmkh=12.3,르노삼성,트위지, 인텐스(2인승),19/06식,"3,602km"
"2,170",http://ci.encar.com/carpicture/carpicture10/pic2570/25707942_001.jpg?impolicy=heightRate&rh=91&cw=122&ch=91&cg=Center&wtmk=http://ci.encar.com/wt_mark/w_mark_03.png&wtmkg=SouthEast&wtmkw=45&wtmkh=12.3,현대,아이오닉 일렉트릭, I,18/04식,"27,765km"
"3,330",http://ci.encar.com/carpicture/carpicture10/pic2570/25707942_001.jpg?impolicy=heightRate&rh=91&cw=122&ch=91&cg=Center&wtmk=http://ci.encar.com/wt_mark/w_mark_03.png&wtmkg=SouthEast&wtmkw=45&wtmkh=12.3,기아,니로 EV, 노블레스,19/09식,"28,539km"
"1,390",http://ci.encar.com/carpicture/carpicture10/pic2570/25707942_001.jpg?impolicy=heightRate&rh=91&cw=122&ch=91&cg=Center&wtmk=http://ci.encar.com/wt_mark/w_mark_03.png&wtmkg=SouthEast&wtmkw=45&wtmkh=12.3,기아,쏘울 EV, EV,17/02식,"16,720km"
"3,450",http://ci.encar.com/carpicture/carpicture10/pic2570/25707942_001.jpg?impolicy=heightRate&rh=91&cw=122&ch=91&cg=Center&wtmk=http://ci.encar.com/wt_mark/w_mark_03.png&wtmkg=SouthEast&wtmkw=45&wtmkh=12.3,현대,코나 일렉트릭, 프리미엄,19/09식,"6,858km"
300,http://ci.encar.com/carpicture/carpicture10/pic2570/25707942_001.jpg?impolicy=heightRate&rh=91&cw=122&ch=91&cg=Center&wtmk=http://ci.encar.com/wt_mark/w_mark_03.png&wtmkg=SouthEast&wtmkw=45&wtmkh=12.3,르노삼성,트위지, 인텐스(2인승),17/07식(18년형),"5,000km"
920,http://ci.encar.com/carpicture/carpicture10/pic2570/25707942_001.jpg?impolicy=heightRate&rh=91&cw=122&ch=91&cg=Center&wtmk=http://ci.encar.com/wt_mark/w_mark_03.png&wtmkg=SouthEast&wtmkw=45&wtmkh=12.3,르노삼성,SM3 Z.E., RE,15/12식,"47,056km"
"2,850",http://ci.encar.com/carpicture/carpicture10/pic2570/25707942_001.jpg?impolicy=heightRate&rh=91&cw=122&ch=91&cg=Center&wtmk=http://ci.encar.com/wt_mark/w_mark_03.png&wtmkg=SouthEast&wtmkw=45&wtmkh=12.3,현대,코나 일렉트릭, 프리미엄,19/03식,"15,294km"
"3,350",http://ci.encar.com/carpicture/carpicture10/pic2570/25707942_001.jpg?impolicy=heightRate&rh=91&cw=122&ch=91&cg=Center&wtmk=http://ci.encar.com/wt_mark/w_mark_03.png&wtmkg=SouthEast&wtmkw=45&wtmkh=12.3,현대,코나 일렉트릭, 프리미엄,19/01식,"6,337km"
"1,350",http://ci.encar.com/carpicture/carpicture10/pic2570/25707942_001.jpg?impolicy=heightRate&rh=91&cw=122&ch=91&cg=Center&wtmk=http://ci.encar.com/wt_mark/w_mark_03.png&wtmkg=SouthEast&wtmkw=45&wtmkh=12.3,기아,쏘울 EV, EV,16/12식(17년형),"37,460km"
380,http://ci.encar.com/carpicture/carpicture10/pic2570/25707942_001.jpg?impolicy=heightRate&rh=91&cw=122&ch=91&cg=Center&wtmk=http://ci.encar.com/wt_mark/w_mark_03.png&wtmkg=SouthEast&wtmkw=45&wtmkh=12.3,르노삼성,트위지, 인텐스(2인승),19/07식,23km
"1,820",http://ci.encar.com/carpicture/carpicture10/pic2570/25707942_001.jpg?impolicy=heightRate&rh=91&cw=122&ch=91&cg=Center&wtmk=http://ci.encar.com/wt_mark/w_mark_03.png&wtmkg=SouthEast&wtmkw=45&wtmkh=12.3,현대,아이오닉 일렉트릭, N,18/03식,"51,529km"
"1,290",http://ci.encar.com/carpicture/carpicture10/pic2570/25707942_001.jpg?impolicy=heightRate&rh=91&cw=122&ch=91&cg=Center&wtmk=http://ci.encar.com/wt_mark/w_mark_03.png&wtmkg=SouthEast&wtmkw=45&wtmkh=12.3,기아,쏘울 EV, EV,16/11식(17년형),"68,581km"
790,http://ci.encar.com/carpicture/carpicture10/pic2570/25707942_001.jpg?impolicy=heightRate&rh=91&cw=122&ch=91&cg=Center&wtmk=http://ci.encar.com/wt_mark/w_mark_03.png&wtmkg=SouthEast&wtmkw=45&wtmkh=12.3,르노삼성,SM3 Z.E., RE,15/12식,"54,000km"
"2,999",http://ci.encar.com/carpicture/carpicture10/pic2570/25707942_001.jpg?impolicy=heightRate&rh=91&cw=122&ch=91&cg=Center&wtmk=http://ci.encar.com/wt_mark/w_mark_03.png&wtmkg=SouthEast&wtmkw=45&wtmkh=12.3,현대,코나 일렉트릭, 프리미엄,18/12식(19년형),"25,750km"
"2,250",http://ci.encar.com/carpicture/carpicture10/pic2570/25707942_001.jpg?impolicy=heightRate&rh=91&cw=122&ch=91&cg=Center&wtmk=http://ci.encar.com/wt_mark/w_mark_03.png&wtmkg=SouthEast&wtmkw=45&wtmkh=12.3,현대,아이오닉 일렉트릭, Q,18/02식,"15,755km"
"3,190",http://ci.encar.com/carpicture/carpicture10/pic2570/25707942_001.jpg?impolicy=heightRate&rh=91&cw=122&ch=91&cg=Center&wtmk=http://ci.encar.com/wt_mark/w_mark_03.png&wtmkg=SouthEast&wtmkw=45&wtmkh=12.3,기아,쏘울 부스터 EV, 노블레스,19/10식,"9,000km"
"1,380",http://ci.encar.com/carpicture/carpicture10/pic2570/25707942_001.jpg?impolicy=heightRate&rh=91&cw=122&ch=91&cg=Center&wtmk=http://ci.encar.com/wt_mark/w_mark_03.png&wtmkg=SouthEast&wtmkw=45&wtmkh=12.3,기아,쏘울 EV, EV,17/02식,"20,256km"
390,http://ci.encar.com/carpicture/carpicture10/pic2570/25707942_001.jpg?impolicy=heightRate&rh=91&cw=122&ch=91&cg=Center&wtmk=http://ci.encar.com/wt_mark/w_mark_03.png&wtmkg=SouthEast&wtmkw=45&wtmkh=12.3,르노삼성,트위지, 인텐스(2인승),19/06식,57km
"2,560",http://ci.encar.com/carpicture/carpicture10/pic2570/25707942_001.jpg?impolicy=heightRate&rh=91&cw=122&ch=91&cg=Center&wtmk=http://ci.encar.com/wt_mark/w_mark_03.png&wtmkg=SouthEast&wtmkw=45&wtmkh=12.3,쉐보레(GM대우),볼트 EV, EV 프리미어,19/04식,"23,644km"
"1,399",http://ci.encar.com/carpicture/carpicture10/pic2570/25707942_001.jpg?impolicy=heightRate&rh=91&cw=122&ch=91&cg=Center&wtmk=http://ci.encar.com/wt_mark/w_mark_03.png&wtmkg=SouthEast&wtmkw=45&wtmkh=12.3,기아,쏘울 EV, EV,17/11식(18년형),"33,000km"
"2,690",http://ci.encar.com/carpicture/carpicture10/pic2570/25707942_001.jpg?impolicy=heightRate&rh=91&cw=122&ch=91&cg=Center&wtmk=http://ci.encar.com/wt_mark/w_mark_03.png&wtmkg=SouthEast&wtmkw=45&wtmkh=12.3,현대,코나 일렉트릭, 프리미엄,18/11식(19년형),"54,000km"
850,http://ci.encar.com/carpicture/carpicture10/pic2570/25707942_001.jpg?impolicy=heightRate&rh=91&cw=122&ch=91&cg=Center&wtmk=http://ci.encar.com/wt_mark/w_mark_03.png&wtmkg=SouthEast&wtmkw=45&wtmkh=12.3,르노삼성,SM3 Z.E., RE,15/08식,"46,764km"
"2,200",http://ci.encar.com/carpicture/carpicture10/pic2570/25707942_001.jpg?impolicy=heightRate&rh=91&cw=122&ch=91&cg=Center&wtmk=http://ci.encar.com/wt_mark/w_mark_03.png&wtmkg=SouthEast&wtmkw=45&wtmkh=12.3,쉐보레(GM대우),볼트 EV, EV LT 디럭스,18/04식,"46,509km"
330,http://ci.encar.com/carpicture/carpicture10/pic2570/25707942_001.jpg?impolicy=heightRate&rh=91&cw=122&ch=91&cg=Center&wtmk=http://ci.encar.com/wt_mark/w_mark_03.png&wtmkg=SouthEast&wtmkw=45&wtmkh=12.3,르노삼성,트위지, 인텐스(2인승),19/07식,"1,900km"
390,http://ci.encar.com/carpicture/carpicture10/pic2570/25707942_001.jpg?impolicy=heightRate&rh=91&cw=122&ch=91&cg=Center&wtmk=http://ci.encar.com/wt_mark/w_mark_03.png&wtmkg=SouthEast&wtmkw=45&wtmkh=12.3,르노삼성,트위지, 라이프(2인승),20/06식,35km
290,http://ci.encar.com/carpicture/carpicture10/pic2570/25707942_001.jpg?impolicy=heightRate&rh=91&cw=122&ch=91&cg=Center&wtmk=http://ci.encar.com/wt_mark/w_mark_03.png&wtmkg=SouthEast&wtmkw=45&wtmkh=12.3,르노삼성,트위지, 인텐스(2인승),19/07식,"1,815km"
"3,400",http://ci.encar.com/carpicture/carpicture10/pic2570/25707942_001.jpg?impolicy=heightRate&rh=91&cw=122&ch=91&cg=Center&wtmk=http://ci.encar.com/wt_mark/w_mark_03.png&wtmkg=SouthEast&wtmkw=45&wtmkh=12.3,현대,코나 일렉트릭, 프리미엄,18/05식(19년형),"15,305km"
"3,450",http://ci.encar.com/carpicture/carpicture10/pic2570/25707942_001.jpg?impolicy=heightRate&rh=91&cw=122&ch=91&cg=Center&wtmk=http://ci.encar.com/wt_mark/w_mark_03.png&wtmkg=SouthEast&wtmkw=45&wtmkh=12.3,기아,니로 EV, 노블레스,19/05식,"27,200km"
"1,820",http://ci.encar.com/carpicture/carpicture10/pic2570/25707942_001.jpg?impolicy=heightRate&rh=91&cw=122&ch=91&cg=Center&wtmk=http://ci.encar.com/wt_mark/w_mark_03.png&wtmkg=SouthEast&wtmkw=45&wtmkh=12.3,현대,아이오닉 일렉트릭, N,18/03식,"57,125km"
750,http://ci.encar.com/carpicture/carpicture10/pic2570/25707942_001.jpg?impolicy=heightRate&rh=91&cw=122&ch=91&cg=Center&wtmk=http://ci.encar.com/wt_mark/w_mark_03.png&wtmkg=SouthEast&wtmkw=45&wtmkh=12.3,르노삼성,SM3 Z.E., RE,16/03식,"117,401km"
"3,190",http://ci.encar.com/carpicture/carpicture10/pic2570/25707942_001.jpg?impolicy=heightRate&rh=91&cw=122&ch=91&cg=Center&wtmk=http://ci.encar.com/wt_mark/w_mark_03.png&wtmkg=SouthEast&wtmkw=45&wtmkh=12.3,현대,코나 일렉트릭, 프리미엄,18/06식(19년형),"30,500km"
850,http://ci.encar.com/carpicture/carpicture10/pic2570/25707942_001.jpg?impolicy=heightRate&rh=91&cw=122&ch=91&cg=Center&wtmk=http://ci.encar.com/wt_mark/w_mark_03.png&wtmkg=SouthEast&wtmkw=45&wtmkh=12.3,르노삼성,SM3 Z.E., SE 플러스,14/07식,"47,317km"
"2,299",http://ci.encar.com/carpicture/carpicture10/pic2570/25707942_001.jpg?impolicy=heightRate&rh=91&cw=122&ch=91&cg=Center&wtmk=http://ci.encar.com/wt_mark/w_mark_03.png&wtmkg=SouthEast&wtmkw=45&wtmkh=12.3,쉐보레(GM대우),볼트 EV, EV 프리미어,18/04식,"63,708km"
"1,720",http://ci.encar.com/carpicture/carpicture10/pic2570/25707942_001.jpg?impolicy=heightRate&rh=91&cw=122&ch=91&cg=Center&wtmk=http://ci.encar.com/wt_mark/w_mark_03.png&wtmkg=SouthEast&wtmkw=45&wtmkh=12.3,현대,아이오닉 일렉트릭, Q,17/07식(18년형),"89,000km"
"1,420",http://ci.encar.com/carpicture/carpicture10/pic2570/25707942_001.jpg?impolicy=heightRate&rh=91&cw=122&ch=91&cg=Center&wtmk=http://ci.encar.com/wt_mark/w_mark_03.png&wtmkg=SouthEast&wtmkw=45&wtmkh=12.3,기아,쏘울 EV, EV,17/02식,"10,386km"
420,http://ci.encar.com/carpicture/carpicture10/pic2570/25707942_001.jpg?impolicy=heightRate&rh=91&cw=122&ch=91&cg=Center&wtmk=http://ci.encar.com/wt_mark/w_mark_03.png&wtmkg=SouthEast&wtmkw=45&wtmkh=12.3,르노삼성,트위지, 라이프(2인승),20/06식,30km
420,http://ci.encar.com/carpicture/carpicture10/pic2570/25707942_001.jpg?impolicy=heightRate&rh=91&cw=122&ch=91&cg=Center&wtmk=http://ci.encar.com/wt_mark/w_mark_03.png&wtmkg=SouthEast&wtmkw=45&wtmkh=12.3,르노삼성,트위지, 라이프(2인승),20/06식,30km
"1,750",http://ci.encar.com/carpicture/carpicture10/pic2570/25707942_001.jpg?impolicy=heightRate&rh=91&cw=122&ch=91&cg=Center&wtmk=http://ci.encar.com/wt_mark/w_mark_03.png&wtmkg=SouthEast&wtmkw=45&wtmkh=12.3,현대,아이오닉 일렉트릭, Q,16/07식(17년형),"58,544km"
"1,750",http://ci.encar.com/carpicture/carpicture10/pic2570/25707942_001.jpg?impolicy=heightRate&rh=91&cw=122&ch=91&cg=Center&wtmk=http://ci.encar.com/wt_mark/w_mark_03.png&wtmkg=SouthEast&wtmkw=45&wtmkh=12.3,현대,아이오닉 일렉트릭, Q,16/07식(17년형),"58,544km"
310,http://ci.encar.com/carpicture/carpicture10/pic2570/25707942_001.jpg?impolicy=heightRate&rh=91&cw=122&ch=91&cg=Center&wtmk=http://ci.encar.com/wt_mark/w_mark_03.png&wtmkg=SouthEast&wtmkw=45&wtmkh=12.3,르노삼성,트위지, 라이프(2인승),19/06식,"2,200km"
"1,900",http://ci.encar.com/carpicture/carpicture10/pic2570/25707942_001.jpg?impolicy=heightRate&rh=91&cw=122&ch=91&cg=Center&wtmk=http://ci.encar.com/wt_mark/w_mark_03.png&wtmkg=SouthEast&wtmkw=45&wtmkh=12.3,현대,아이오닉 일렉트릭, Q,18/01식,"52,500km"
"1,350",http://ci.encar.com/carpicture/carpicture10/pic2570/25707942_001.jpg?impolicy=heightRate&rh=91&cw=122&ch=91&cg=Center&wtmk=http://ci.encar.com/wt_mark/w_mark_03.png&wtmkg=SouthEast&wtmkw=45&wtmkh=12.3,기아,쏘울 EV, EV,14/07식(15년형),"24,040km"
"1,390",http://ci.encar.com/carpicture/carpicture10/pic2570/25707942_001.jpg?impolicy=heightRate&rh=91&cw=122&ch=91&cg=Center&wtmk=http://ci.encar.com/wt_mark/w_mark_03.png&wtmkg=SouthEast&wtmkw=45&wtmkh=12.3,기아,쏘울 EV, EV,17/02식,"14,586km"
"2,350",http://ci.encar.com/carpicture/carpicture10/pic2570/25707942_001.jpg?impolicy=heightRate&rh=91&cw=122&ch=91&cg=Center&wtmk=http://ci.encar.com/wt_mark/w_mark_03.png&wtmkg=SouthEast&wtmkw=45&wtmkh=12.3,기아,니로, 노블레스,18/03식,"35,382km"
"2,340",http://ci.encar.com/carpicture/carpicture10/pic2570/25707942_001.jpg?impolicy=heightRate&rh=91&cw=122&ch=91&cg=Center&wtmk=http://ci.encar.com/wt_mark/w_mark_03.png&wtmkg=SouthEast&wtmkw=45&wtmkh=12.3,쉐보레(GM대우),볼트 EV, EV 프리미어,17/12식,"49,937km"
370,http://ci.encar.com/carpicture/carpicture10/pic2570/25707942_001.jpg?impolicy=heightRate&rh=91&cw=122&ch=91&cg=Center&wtmk=http://ci.encar.com/wt_mark/w_mark_03.png&wtmkg=SouthEast&wtmkw=45&wtmkh=12.3,르노삼성,트위지, 라이프(2인승),20/06식,23km
"3,190",http://ci.encar.com/carpicture/carpicture10/pic2570/25707942_001.jpg?impolicy=heightRate&rh=91&cw=122&ch=91&cg=Center&wtmk=http://ci.encar.com/wt_mark/w_mark_03.png&wtmkg=SouthEast&wtmkw=45&wtmkh=12.3,현대,코나 일렉트릭, 프리미엄,18/11식(19년형),"24,384km"
"1,650",http://ci.encar.com/carpicture/carpicture10/pic2570/25707942_001.jpg?impolicy=heightRate&rh=91&cw=122&ch=91&cg=Center&wtmk=http://ci.encar.com/wt_mark/w_mark_03.png&wtmkg=SouthEast&wtmkw=45&wtmkh=12.3,기아,쏘울 EV, EV,17/02식,"7,500km"
"2,270",http://ci.encar.com/carpicture/carpicture10/pic2570/25707942_001.jpg?impolicy=heightRate&rh=91&cw=122&ch=91&cg=Center&wtmk=http://ci.encar.com/wt_mark/w_mark_03.png&wtmkg=SouthEast&wtmkw=45&wtmkh=12.3,쉐보레(GM대우),볼트 EV, EV LT 디럭스,17/05식,"53,000km"
"1,659",http://ci.encar.com/carpicture/carpicture10/pic2570/25707942_001.jpg?impolicy=heightRate&rh=91&cw=122&ch=91&cg=Center&wtmk=http://ci.encar.com/wt_mark/w_mark_03.png&wtmkg=SouthEast&wtmkw=45&wtmkh=12.3,현대,아이오닉 일렉트릭, Q,17/07식(18년형),"77,600km"
"3,090",http://ci.encar.com/carpicture/carpicture10/pic2570/25707942_001.jpg?impolicy=heightRate&rh=91&cw=122&ch=91&cg=Center&wtmk=http://ci.encar.com/wt_mark/w_mark_03.png&wtmkg=SouthEast&wtmkw=45&wtmkh=12.3,현대,코나 일렉트릭, 프리미엄,18/11식(19년형),"21,700km"
"2,850",http://ci.encar.com/carpicture/carpicture10/pic2570/25707942_001.jpg?impolicy=heightRate&rh=91&cw=122&ch=91&cg=Center&wtmk=http://ci.encar.com/wt_mark/w_mark_03.png&wtmkg=SouthEast&wtmkw=45&wtmkh=12.3,현대,코나 일렉트릭, 모던,18/12식(19년형),"20,300km"
"1,790",http://ci.encar.com/carpicture/carpicture10/pic2570/25707942_001.jpg?impolicy=heightRate&rh=91&cw=122&ch=91&cg=Center&wtmk=http://ci.encar.com/wt_mark/w_mark_03.png&wtmkg=SouthEast&wtmkw=45&wtmkh=12.3,현대,아이오닉 일렉트릭, Q,17/04식,"67,000km"
930,http://ci.encar.com/carpicture/carpicture10/pic2570/25707942_001.jpg?impolicy=heightRate&rh=91&cw=122&ch=91&cg=Center&wtmk=http://ci.encar.com/wt_mark/w_mark_03.png&wtmkg=SouthEast&wtmkw=45&wtmkh=12.3,기아,레이, EV,14/01식,"12,819km"
"2,600",http://ci.encar.com/carpicture/carpicture10/pic2570/25707942_001.jpg?impolicy=heightRate&rh=91&cw=122&ch=91&cg=Center&wtmk=http://ci.encar.com/wt_mark/w_mark_03.png&wtmkg=SouthEast&wtmkw=45&wtmkh=12.3,현대,코나 일렉트릭, 모던,18/11식(19년형),"41,204km"
"2,600",http://ci.encar.com/carpicture/carpicture10/pic2570/25707942_001.jpg?impolicy=heightRate&rh=91&cw=122&ch=91&cg=Center&wtmk=http://ci.encar.com/wt_mark/w_mark_03.png&wtmkg=SouthEast&wtmkw=45&wtmkh=12.3,현대,코나 일렉트릭, 모던,18/11식(19년형),"41,204km"
"1,850",http://ci.encar.com/carpicture/carpicture10/pic2570/25707942_001.jpg?impolicy=heightRate&rh=91&cw=122&ch=91&cg=Center&wtmk=http://ci.encar.com/wt_mark/w_mark_03.png&wtmkg=SouthEast&wtmkw=45&wtmkh=12.3,현대,아이오닉 일렉트릭, N,17/08식(18년형),"35,938km"
"1,490",http://ci.encar.com/carpicture/carpicture10/pic2570/25707942_001.jpg?impolicy=heightRate&rh=91&cw=122&ch=91&cg=Center&wtmk=http://ci.encar.com/wt_mark/w_mark_03.png&wtmkg=SouthEast&wtmkw=45&wtmkh=12.3,기아,쏘울 EV, EV,17/02식,"7,084km"
"1,359",http://ci.encar.com/carpicture/carpicture10/pic2570/25707942_001.jpg?impolicy=heightRate&rh=91&cw=122&ch=91&cg=Center&wtmk=http://ci.encar.com/wt_mark/w_mark_03.png&wtmkg=SouthEast&wtmkw=45&wtmkh=12.3,기아,쏘울 EV, EV,16/09식,"61,893km"
"2,150",http://ci.encar.com/carpicture/carpicture10/pic2570/25707942_001.jpg?impolicy=heightRate&rh=91&cw=122&ch=91&cg=Center&wtmk=http://ci.encar.com/wt_mark/w_mark_03.png&wtmkg=SouthEast&wtmkw=45&wtmkh=12.3,현대,아이오닉 일렉트릭, Q,16/12식(17년형),"7,685km"
"1,190",http://ci.encar.com/carpicture/carpicture10/pic2570/25707942_001.jpg?impolicy=heightRate&rh=91&cw=122&ch=91&cg=Center&wtmk=http://ci.encar.com/wt_mark/w_mark_03.png&wtmkg=SouthEast&wtmkw=45&wtmkh=12.3,쉐보레(GM대우),스파크 EV, EV,15/01식,"33,957km"
"2,420",http://ci.encar.com/carpicture/carpicture10/pic2570/25707942_001.jpg?impolicy=heightRate&rh=91&cw=122&ch=91&cg=Center&wtmk=http://ci.encar.com/wt_mark/w_mark_03.png&wtmkg=SouthEast&wtmkw=45&wtmkh=12.3,쉐보레(GM대우),볼트 EV, EV LT 디럭스,18/07식,"13,883km"
999,http://ci.encar.com/carpicture/carpicture10/pic2570/25707942_001.jpg?impolicy=heightRate&rh=91&cw=122&ch=91&cg=Center&wtmk=http://ci.encar.com/wt_mark/w_mark_03.png&wtmkg=SouthEast&wtmkw=45&wtmkh=12.3,르노삼성,SM3 Z.E., SE 플러스,15/12식,"17,082km"
"2,330",http://ci.encar.com/carpicture/carpicture10/pic2570/25707942_001.jpg?impolicy=heightRate&rh=91&cw=122&ch=91&cg=Center&wtmk=http://ci.encar.com/wt_mark/w_mark_03.png&wtmkg=SouthEast&wtmkw=45&wtmkh=12.3,쉐보레(GM대우),볼트 EV, EV 프리미어,18/05식,"62,400km"
"1,790",http://ci.encar.com/carpicture/carpicture10/pic2570/25707942_001.jpg?impolicy=heightRate&rh=91&cw=122&ch=91&cg=Center&wtmk=http://ci.encar.com/wt_mark/w_mark_03.png&wtmkg=SouthEast&wtmkw=45&wtmkh=12.3,현대,아이오닉 일렉트릭, Q,16/08식(17년형),"59,113km"
280,http://ci.encar.com/carpicture/carpicture10/pic2570/25707942_001.jpg?impolicy=heightRate&rh=91&cw=122&ch=91&cg=Center&wtmk=http://ci.encar.com/wt_mark/w_mark_03.png&wtmkg=SouthEast&wtmkw=45&wtmkh=12.3,르노삼성,트위지, 인텐스(2인승),17/08식(18년형),"8,790km"
"2,790",http://ci.encar.com/carpicture/carpicture10/pic2570/25707942_001.jpg?impolicy=heightRate&rh=91&cw=122&ch=91&cg=Center&wtmk=http://ci.encar.com/wt_mark/w_mark_03.png&wtmkg=SouthEast&wtmkw=45&wtmkh=12.3,현대,코나 일렉트릭, 모던,18/08식(19년형),"23,000km"
"1,599",http://ci.encar.com/carpicture/carpicture10/pic2570/25707942_001.jpg?impolicy=heightRate&rh=91&cw=122&ch=91&cg=Center&wtmk=http://ci.encar.com/wt_mark/w_mark_03.png&wtmkg=SouthEast&wtmkw=45&wtmkh=12.3,현대,아이오닉 일렉트릭, Q,17/04식,"70,200km"
"2,090",http://ci.encar.com/carpicture/carpicture10/pic2570/25707942_001.jpg?impolicy=heightRate&rh=91&cw=122&ch=91&cg=Center&wtmk=http://ci.encar.com/wt_mark/w_mark_03.png&wtmkg=SouthEast&wtmkw=45&wtmkh=12.3,현대,아이오닉 일렉트릭, N,18/05식(19년형),"25,776km"
"2,150",http://ci.encar.com/carpicture/carpicture10/pic2570/25707942_001.jpg?impolicy=heightRate&rh=91&cw=122&ch=91&cg=Center&wtmk=http://ci.encar.com/wt_mark/w_mark_03.png&wtmkg=SouthEast&wtmkw=45&wtmkh=12.3,현대,아이오닉 일렉트릭, Q,17/04식,"26,949km"
"1,300",http://ci.encar.com/carpicture/carpicture10/pic2570/25707942_001.jpg?impolicy=heightRate&rh=91&cw=122&ch=91&cg=Center&wtmk=http://ci.encar.com/wt_mark/w_mark_03.png&wtmkg=SouthEast&wtmkw=45&wtmkh=12.3,기아,쏘울 EV, EV,15/12식(16년형),"51,703km"
360,http://ci.encar.com/carpicture/carpicture10/pic2570/25707942_001.jpg?impolicy=heightRate&rh=91&cw=122&ch=91&cg=Center&wtmk=http://ci.encar.com/wt_mark/w_mark_03.png&wtmkg=SouthEast&wtmkw=45&wtmkh=12.3,르노삼성,트위지, 인텐스(2인승),19/07식,19km
"2,180",http://ci.encar.com/carpicture/carpicture10/pic2570/25707942_001.jpg?impolicy=heightRate&rh=91&cw=122&ch=91&cg=Center&wtmk=http://ci.encar.com/wt_mark/w_mark_03.png&wtmkg=SouthEast&wtmkw=45&wtmkh=12.3,현대,아이오닉 일렉트릭, Q,17/11식(18년형),"14,000km"
"1,890",http://ci.encar.com/carpicture/carpicture10/pic2570/25707942_001.jpg?impolicy=heightRate&rh=91&cw=122&ch=91&cg=Center&wtmk=http://ci.encar.com/wt_mark/w_mark_03.png&wtmkg=SouthEast&wtmkw=45&wtmkh=12.3,현대,아이오닉 일렉트릭, I,19/05식,"18,816km"
770,http://ci.encar.com/carpicture/carpicture10/pic2570/25707942_001.jpg?impolicy=heightRate&rh=91&cw=122&ch=91&cg=Center&wtmk=http://ci.encar.com/wt_mark/w_mark_03.png&wtmkg=SouthEast&wtmkw=45&wtmkh=12.3,르노삼성,SM3 Z.E., RE,13/12식(14년형),"75,818km"
870,http://ci.encar.com/carpicture/carpicture10/pic2570/25707942_001.jpg?impolicy=heightRate&rh=91&cw=122&ch=91&cg=Center&wtmk=http://ci.encar.com/wt_mark/w_mark_03.png&wtmkg=SouthEast&wtmkw=45&wtmkh=12.3,르노삼성,SM3 Z.E., RE,15/08식,"67,804km"
"3,050",http://ci.encar.com/carpicture/carpicture10/pic2570/25707942_001.jpg?impolicy=heightRate&rh=91&cw=122&ch=91&cg=Center&wtmk=http://ci.encar.com/wt_mark/w_mark_03.png&wtmkg=SouthEast&wtmkw=45&wtmkh=12.3,현대,코나 일렉트릭, 프리미엄,19/02식,"11,300km"
"1,850",http://ci.encar.com/carpicture/carpicture10/pic2570/25707942_001.jpg?impolicy=heightRate&rh=91&cw=122&ch=91&cg=Center&wtmk=http://ci.encar.com/wt_mark/w_mark_03.png&wtmkg=SouthEast&wtmkw=45&wtmkh=12.3,기아,쏘울 EV, EV,17/09식(18년형),"19,000km"
"2,010",http://ci.encar.com/carpicture/carpicture10/pic2570/25707942_001.jpg?impolicy=heightRate&rh=91&cw=122&ch=91&cg=Center&wtmk=http://ci.encar.com/wt_mark/w_mark_03.png&wtmkg=SouthEast&wtmkw=45&wtmkh=12.3,현대,아이오닉 일렉트릭, N,17/06식(18년형),"13,833km"
"1,550",http://ci.encar.com/carpicture/carpicture10/pic2570/25707942_001.jpg?impolicy=heightRate&rh=91&cw=122&ch=91&cg=Center&wtmk=http://ci.encar.com/wt_mark/w_mark_03.png&wtmkg=SouthEast&wtmkw=45&wtmkh=12.3,기아,쏘울 EV, EV,17/06식(18년형),"24,978km"
750,http://ci.encar.com/carpicture/carpicture10/pic2570/25707942_001.jpg?impolicy=heightRate&rh=91&cw=122&ch=91&cg=Center&wtmk=http://ci.encar.com/wt_mark/w_mark_03.png&wtmkg=SouthEast&wtmkw=45&wtmkh=12.3,기아,레이, EV,13/01식,"62,082km"
"1,849",http://ci.encar.com/carpicture/carpicture10/pic2570/25707942_001.jpg?impolicy=heightRate&rh=91&cw=122&ch=91&cg=Center&wtmk=http://ci.encar.com/wt_mark/w_mark_03.png&wtmkg=SouthEast&wtmkw=45&wtmkh=12.3,현대,아이오닉 일렉트릭, Q,16/07식(17년형),"43,000km"
280,http://ci.encar.com/carpicture/carpicture10/pic2570/25707942_001.jpg?impolicy=heightRate&rh=91&cw=122&ch=91&cg=Center&wtmk=http://ci.encar.com/wt_mark/w_mark_03.png&wtmkg=SouthEast&wtmkw=45&wtmkh=12.3,르노삼성,트위지, 인텐스(2인승),17/07식(18년형),"7,900km"
300,http://ci.encar.com/carpicture/carpicture10/pic2570/25707942_001.jpg?impolicy=heightRate&rh=91&cw=122&ch=91&cg=Center&wtmk=http://ci.encar.com/wt_mark/w_mark_03.png&wtmkg=SouthEast&wtmkw=45&wtmkh=12.3,르노삼성,트위지, 인텐스(2인승),18/11식,387km
370,http://ci.encar.com/carpicture/carpicture10/pic2570/25707942_001.jpg?impolicy=heightRate&rh=91&cw=122&ch=91&cg=Center&wtmk=http://ci.encar.com/wt_mark/w_mark_03.png&wtmkg=SouthEast&wtmkw=45&wtmkh=12.3,르노삼성,트위지, 라이프(2인승),20/06식,12km
"1,230",http://ci.encar.com/carpicture/carpicture10/pic2570/25707942_001.jpg?impolicy=heightRate&rh=91&cw=122&ch=91&cg=Center&wtmk=http://ci.encar.com/wt_mark/w_mark_03.png&wtmkg=SouthEast&wtmkw=45&wtmkh=12.3,르노삼성,SM3 Z.E., RE,17/03식,"28,485km"
350,http://ci.encar.com/carpicture/carpicture10/pic2570/25707942_001.jpg?impolicy=heightRate&rh=91&cw=122&ch=91&cg=Center&wtmk=http://ci.encar.com/wt_mark/w_mark_03.png&wtmkg=SouthEast&wtmkw=45&wtmkh=12.3,르노삼성,트위지, 인텐스(2인승),18/10식,"4,171km"
359,http://ci.encar.com/carpicture/carpicture10/pic2570/25707942_001.jpg?impolicy=heightRate&rh=91&cw=122&ch=91&cg=Center&wtmk=http://ci.encar.com/wt_mark/w_mark_03.png&wtmkg=SouthEast&wtmkw=45&wtmkh=12.3,르노삼성,트위지, 인텐스(2인승),19/07식,"1,718km"
"2,790",http://ci.encar.com/carpicture/carpicture10/pic2570/25707942_001.jpg?impolicy=heightRate&rh=91&cw=122&ch=91&cg=Center&wtmk=http://ci.encar.com/wt_mark/w_mark_03.png&wtmkg=SouthEast&wtmkw=45&wtmkh=12.3,현대,코나 일렉트릭, 모던,19/03식,"31,380km"
410,http://ci.encar.com/carpicture/carpicture10/pic2570/25707942_001.jpg?impolicy=heightRate&rh=91&cw=122&ch=91&cg=Center&wtmk=http://ci.encar.com/wt_mark/w_mark_03.png&wtmkg=SouthEast&wtmkw=45&wtmkh=12.3,르노삼성,트위지, 라이프(2인승),19/08식,22km
"1,650",http://ci.encar.com/carpicture/carpicture10/pic2570/25707942_001.jpg?impolicy=heightRate&rh=91&cw=122&ch=91&cg=Center&wtmk=http://ci.encar.com/wt_mark/w_mark_03.png&wtmkg=SouthEast&wtmkw=45&wtmkh=12.3,현대,아이오닉 일렉트릭, Q,16/09식(17년형),"78,000km"
280,http://ci.encar.com/carpicture/carpicture10/pic2570/25707942_001.jpg?impolicy=heightRate&rh=91&cw=122&ch=91&cg=Center&wtmk=http://ci.encar.com/wt_mark/w_mark_03.png&wtmkg=SouthEast&wtmkw=45&wtmkh=12.3,르노삼성,트위지, 라이프(2인승),18/10식,"2,850km"
340,http://ci.encar.com/carpicture/carpicture10/pic2570/25707942_001.jpg?impolicy=heightRate&rh=91&cw=122&ch=91&cg=Center&wtmk=http://ci.encar.com/wt_mark/w_mark_03.png&wtmkg=SouthEast&wtmkw=45&wtmkh=12.3,르노삼성,트위지, 인텐스(2인승),19/05식,32km
890,http://ci.encar.com/carpicture/carpicture10/pic2570/25707942_001.jpg?impolicy=heightRate&rh=91&cw=122&ch=91&cg=Center&wtmk=http://ci.encar.com/wt_mark/w_mark_03.png&wtmkg=SouthEast&wtmkw=45&wtmkh=12.3,기아,레이, EV,14/05식,"32,000km"
430,http://ci.encar.com/carpicture/carpicture10/pic2570/25707942_001.jpg?impolicy=heightRate&rh=91&cw=122&ch=91&cg=Center&wtmk=http://ci.encar.com/wt_mark/w_mark_03.png&wtmkg=SouthEast&wtmkw=45&wtmkh=12.3,기타 제조사,기타, 기타,18/08식,"3,900km"
"2,350",http://ci.encar.com/carpicture/carpicture10/pic2570/25707942_001.jpg?impolicy=heightRate&rh=91&cw=122&ch=91&cg=Center&wtmk=http://ci.encar.com/wt_mark/w_mark_03.png&wtmkg=SouthEast&wtmkw=45&wtmkh=12.3,쉐보레(GM대우),볼트 EV, EV 프리미어,18/08식,"61,000km"
"1,690",http://ci.encar.com/carpicture/carpicture10/pic2570/25707942_001.jpg?impolicy=heightRate&rh=91&cw=122&ch=91&cg=Center&wtmk=http://ci.encar.com/wt_mark/w_mark_03.png&wtmkg=SouthEast&wtmkw=45&wtmkh=12.3,현대,아이오닉 일렉트릭, Q,17/03식,"126,280km"
350,http://ci.encar.com/carpicture/carpicture10/pic2570/25707942_001.jpg?impolicy=heightRate&rh=91&cw=122&ch=91&cg=Center&wtmk=http://ci.encar.com/wt_mark/w_mark_03.png&wtmkg=SouthEast&wtmkw=45&wtmkh=12.3,르노삼성,트위지, 인텐스(2인승),18/05식,"1,687km"
350,http://ci.encar.com/carpicture/carpicture10/pic2570/25707942_001.jpg?impolicy=heightRate&rh=91&cw=122&ch=91&cg=Center&wtmk=http://ci.encar.com/wt_mark/w_mark_03.png&wtmkg=SouthEast&wtmkw=45&wtmkh=12.3,르노삼성,트위지, 인텐스(2인승),19/07식,50km
"2,050",http://ci.encar.com/carpicture/carpicture10/pic2570/25707942_001.jpg?impolicy=heightRate&rh=91&cw=122&ch=91&cg=Center&wtmk=http://ci.encar.com/wt_mark/w_mark_03.png&wtmkg=SouthEast&wtmkw=45&wtmkh=12.3,현대,아이오닉 일렉트릭, Q,18/01식,"37,615km"
"3,300",http://ci.encar.com/carpicture/carpicture10/pic2570/25707942_001.jpg?impolicy=heightRate&rh=91&cw=122&ch=91&cg=Center&wtmk=http://ci.encar.com/wt_mark/w_mark_03.png&wtmkg=SouthEast&wtmkw=45&wtmkh=12.3,현대,코나 일렉트릭, 프리미엄,19/06식,"16,861km"
"2,070",http://ci.encar.com/carpicture/carpicture10/pic2570/25707942_001.jpg?impolicy=heightRate&rh=91&cw=122&ch=91&cg=Center&wtmk=http://ci.encar.com/wt_mark/w_mark_03.png&wtmkg=SouthEast&wtmkw=45&wtmkh=12.3,현대,아이오닉 일렉트릭, Q,17/05식,"22,700km"
840,http://ci.encar.com/carpicture/carpicture10/pic2570/25707942_001.jpg?impolicy=heightRate&rh=91&cw=122&ch=91&cg=Center&wtmk=http://ci.encar.com/wt_mark/w_mark_03.png&wtmkg=SouthEast&wtmkw=45&wtmkh=12.3,기아,레이, EV,16/04식,"48,775km"
"1,080",http://ci.encar.com/carpicture/carpicture10/pic2570/25707942_001.jpg?impolicy=heightRate&rh=91&cw=122&ch=91&cg=Center&wtmk=http://ci.encar.com/wt_mark/w_mark_03.png&wtmkg=SouthEast&wtmkw=45&wtmkh=12.3,르노삼성,SM3 Z.E., RE,16/12식,"48,925km"
975,http://ci.encar.com/carpicture/carpicture10/pic2570/25707942_001.jpg?impolicy=heightRate&rh=91&cw=122&ch=91&cg=Center&wtmk=http://ci.encar.com/wt_mark/w_mark_03.png&wtmkg=SouthEast&wtmkw=45&wtmkh=12.3,르노삼성,SM3 Z.E., SE,16/12식,"32,101km"
"2,850",http://ci.encar.com/carpicture/carpicture10/pic2570/25707942_001.jpg?impolicy=heightRate&rh=91&cw=122&ch=91&cg=Center&wtmk=http://ci.encar.com/wt_mark/w_mark_03.png&wtmkg=SouthEast&wtmkw=45&wtmkh=12.3,현대,코나 일렉트릭, 프리미엄,18/05식(19년형),"32,566km"
"1,280",http://ci.encar.com/carpicture/carpicture10/pic2570/25707942_001.jpg?impolicy=heightRate&rh=91&cw=122&ch=91&cg=Center&wtmk=http://ci.encar.com/wt_mark/w_mark_03.png&wtmkg=SouthEast&wtmkw=45&wtmkh=12.3,르노삼성,SM3 Z.E., RE,17/09식,"24,800km"
340,http://ci.encar.com/carpicture/carpicture10/pic2570/25707942_001.jpg?impolicy=heightRate&rh=91&cw=122&ch=91&cg=Center&wtmk=http://ci.encar.com/wt_mark/w_mark_03.png&wtmkg=SouthEast&wtmkw=45&wtmkh=12.3,르노삼성,트위지, 인텐스(2인승),19/07식,161km
850,http://ci.encar.com/carpicture/carpicture10/pic2570/25707942_001.jpg?impolicy=heightRate&rh=91&cw=122&ch=91&cg=Center&wtmk=http://ci.encar.com/wt_mark/w_mark_03.png&wtmkg=SouthEast&wtmkw=45&wtmkh=12.3,르노삼성,SM3 Z.E., RE,15/08식,"25,000km"
800,http://ci.encar.com/carpicture/carpicture10/pic2570/25707942_001.jpg?impolicy=heightRate&rh=91&cw=122&ch=91&cg=Center&wtmk=http://ci.encar.com/wt_mark/w_mark_03.png&wtmkg=SouthEast&wtmkw=45&wtmkh=12.3,르노삼성,SM3 Z.E., RE,15/11식,"45,153km"
330,http://ci.encar.com/carpicture/carpicture10/pic2570/25707942_001.jpg?impolicy=heightRate&rh=91&cw=122&ch=91&cg=Center&wtmk=http://ci.encar.com/wt_mark/w_mark_03.png&wtmkg=SouthEast&wtmkw=45&wtmkh=12.3,르노삼성,트위지, 인텐스(2인승),17/12식(18년형),"5,069km"
"1,790",http://ci.encar.com/carpicture/carpicture10/pic2570/25707942_001.jpg?impolicy=heightRate&rh=91&cw=122&ch=91&cg=Center&wtmk=http://ci.encar.com/wt_mark/w_mark_03.png&wtmkg=SouthEast&wtmkw=45&wtmkh=12.3,현대,아이오닉 일렉트릭, I,17/09식(18년형),"7,027km"
380,http://ci.encar.com/carpicture/carpicture10/pic2570/25707942_001.jpg?impolicy=heightRate&rh=91&cw=122&ch=91&cg=Center&wtmk=http://ci.encar.com/wt_mark/w_mark_03.png&wtmkg=SouthEast&wtmkw=45&wtmkh=12.3,르노삼성,트위지, 인텐스(2인승),19/03식,"2,200km"
860,http://ci.encar.com/carpicture/carpicture10/pic2570/25707942_001.jpg?impolicy=heightRate&rh=91&cw=122&ch=91&cg=Center&wtmk=http://ci.encar.com/wt_mark/w_mark_03.png&wtmkg=SouthEast&wtmkw=45&wtmkh=12.3,르노삼성,SM3 Z.E., RE,15/12식,"79,901km"
699,http://ci.encar.com/carpicture/carpicture10/pic2570/25707942_001.jpg?impolicy=heightRate&rh=91&cw=122&ch=91&cg=Center&wtmk=http://ci.encar.com/wt_mark/w_mark_03.png&wtmkg=SouthEast&wtmkw=45&wtmkh=12.3,르노삼성,SM3 Z.E., SE 플러스,14/04식,"39,296km"
999,http://ci.encar.com/carpicture/carpicture10/pic2570/25707942_001.jpg?impolicy=heightRate&rh=91&cw=122&ch=91&cg=Center&wtmk=http://ci.encar.com/wt_mark/w_mark_03.png&wtmkg=SouthEast&wtmkw=45&wtmkh=12.3,르노삼성,트위지, 인텐스(2인승),18/06식,961km
"1,490",http://ci.encar.com/carpicture/carpicture10/pic2570/25707942_001.jpg?impolicy=heightRate&rh=91&cw=122&ch=91&cg=Center&wtmk=http://ci.encar.com/wt_mark/w_mark_03.png&wtmkg=SouthEast&wtmkw=45&wtmkh=12.3,현대,아이오닉 일렉트릭, N,17/08식(18년형),"76,000km"
"3,080",http://ci.encar.com/carpicture/carpicture10/pic2570/25707942_001.jpg?impolicy=heightRate&rh=91&cw=122&ch=91&cg=Center&wtmk=http://ci.encar.com/wt_mark/w_mark_03.png&wtmkg=SouthEast&wtmkw=45&wtmkh=12.3,현대,코나 일렉트릭, 프리미엄,19/03식,"37,773km"
"1,750",http://ci.encar.com/carpicture/carpicture10/pic2570/25707942_001.jpg?impolicy=heightRate&rh=91&cw=122&ch=91&cg=Center&wtmk=http://ci.encar.com/wt_mark/w_mark_03.png&wtmkg=SouthEast&wtmkw=45&wtmkh=12.3,기아,니로 EV, 프레스티지,18/06식,"45,000km"
930,http://ci.encar.com/carpicture/carpicture10/pic2570/25707942_001.jpg?impolicy=heightRate&rh=91&cw=122&ch=91&cg=Center&wtmk=http://ci.encar.com/wt_mark/w_mark_03.png&wtmkg=SouthEast&wtmkw=45&wtmkh=12.3,르노삼성,SM3 Z.E., SE,16/12식,"57,238km"
"1,290",http://ci.encar.com/carpicture/carpicture10/pic2570/25707942_001.jpg?impolicy=heightRate&rh=91&cw=122&ch=91&cg=Center&wtmk=http://ci.encar.com/wt_mark/w_mark_03.png&wtmkg=SouthEast&wtmkw=45&wtmkh=12.3,기아,쏘울 EV, EV,15/12식,"64,627km"
"3,300",http://ci.encar.com/carpicture/carpicture10/pic2570/25707942_001.jpg?impolicy=heightRate&rh=91&cw=122&ch=91&cg=Center&wtmk=http://ci.encar.com/wt_mark/w_mark_03.png&wtmkg=SouthEast&wtmkw=45&wtmkh=12.3,기아,니로 EV, 노블레스,18/10식(19년형),"35,000km"
365,http://ci.encar.com/carpicture/carpicture10/pic2570/25707942_001.jpg?impolicy=heightRate&rh=91&cw=122&ch=91&cg=Center&wtmk=http://ci.encar.com/wt_mark/w_mark_03.png&wtmkg=SouthEast&wtmkw=45&wtmkh=12.3,르노삼성,트위지, 인텐스(2인승),18/05식,285km
990,http://ci.encar.com/carpicture/carpicture10/pic2570/25707942_001.jpg?impolicy=heightRate&rh=91&cw=122&ch=91&cg=Center&wtmk=http://ci.encar.com/wt_mark/w_mark_03.png&wtmkg=SouthEast&wtmkw=45&wtmkh=12.3,쉐보레(GM대우),스파크 EV, EV,15/05식,"70,600km"
420,http://ci.encar.com/carpicture/carpicture10/pic2570/25707942_001.jpg?impolicy=heightRate&rh=91&cw=122&ch=91&cg=Center&wtmk=http://ci.encar.com/wt_mark/w_mark_03.png&wtmkg=SouthEast&wtmkw=45&wtmkh=12.3,르노삼성,트위지, 인텐스(2인승),18/05식,"5,000km"
470,http://ci.encar.com/carpicture/carpicture10/pic2570/25707942_001.jpg?impolicy=heightRate&rh=91&cw=122&ch=91&cg=Center&wtmk=http://ci.encar.com/wt_mark/w_mark_03.png&wtmkg=SouthEast&wtmkw=45&wtmkh=12.3,기타 제조사,기타, 기타,19/03식,"2,960km"
"1,440",http://ci.encar.com/carpicture/carpicture10/pic2570/25707942_001.jpg?impolicy=heightRate&rh=91&cw=122&ch=91&cg=Center&wtmk=http://ci.encar.com/wt_mark/w_mark_03.png&wtmkg=SouthEast&wtmkw=45&wtmkh=12.3,현대,아이오닉 일렉트릭, N,17/11식(18년형),"97,073km"
330,http://ci.encar.com/carpicture/carpicture10/pic2570/25707942_001.jpg?impolicy=heightRate&rh=91&cw=122&ch=91&cg=Center&wtmk=http://ci.encar.com/wt_mark/w_mark_03.png&wtmkg=SouthEast&wtmkw=45&wtmkh=12.3,르노삼성,트위지, 라이프(2인승),20/06식,31km
"3,100",http://ci.encar.com/carpicture/carpicture10/pic2570/25707942_001.jpg?impolicy=heightRate&rh=91&cw=122&ch=91&cg=Center&wtmk=http://ci.encar.com/wt_mark/w_mark_03.png&wtmkg=SouthEast&wtmkw=45&wtmkh=12.3,현대,코나 일렉트릭, 프리미엄,18/06식(19년형),"27,280km"
"1,979",http://ci.encar.com/carpicture/carpicture10/pic2570/25707942_001.jpg?impolicy=heightRate&rh=91&cw=122&ch=91&cg=Center&wtmk=http://ci.encar.com/wt_mark/w_mark_03.png&wtmkg=SouthEast&wtmkw=45&wtmkh=12.3,현대,아이오닉 일렉트릭, Q,17/12식(18년형),"57,997km"
"1,450",http://ci.encar.com/carpicture/carpicture10/pic2570/25707942_001.jpg?impolicy=heightRate&rh=91&cw=122&ch=91&cg=Center&wtmk=http://ci.encar.com/wt_mark/w_mark_03.png&wtmkg=SouthEast&wtmkw=45&wtmkh=12.3,기아,쏘울 EV, EV,17/02식,"11,667km"
"2,150",http://ci.encar.com/carpicture/carpicture10/pic2570/25707942_001.jpg?impolicy=heightRate&rh=91&cw=122&ch=91&cg=Center&wtmk=http://ci.encar.com/wt_mark/w_mark_03.png&wtmkg=SouthEast&wtmkw=45&wtmkh=12.3,쉐보레(GM대우),볼트 EV, EV 프리미어,18/05식,"27,000km"
"2,100",http://ci.encar.com/carpicture/carpicture10/pic2570/25707942_001.jpg?impolicy=heightRate&rh=91&cw=122&ch=91&cg=Center&wtmk=http://ci.encar.com/wt_mark/w_mark_03.png&wtmkg=SouthEast&wtmkw=45&wtmkh=12.3,현대,아이오닉 일렉트릭, Q,18/01식,"46,167km"
"1,960",http://ci.encar.com/carpicture/carpicture10/pic2570/25707942_001.jpg?impolicy=heightRate&rh=91&cw=122&ch=91&cg=Center&wtmk=http://ci.encar.com/wt_mark/w_mark_03.png&wtmkg=SouthEast&wtmkw=45&wtmkh=12.3,현대,아이오닉 일렉트릭, N,16/11식(17년형),"7,071km"
"2,080",http://ci.encar.com/carpicture/carpicture10/pic2570/25707942_001.jpg?impolicy=heightRate&rh=91&cw=122&ch=91&cg=Center&wtmk=http://ci.encar.com/wt_mark/w_mark_03.png&wtmkg=SouthEast&wtmkw=45&wtmkh=12.3,현대,아이오닉 일렉트릭, Q,16/12식(17년형),"10,487km"
"1,150",http://ci.encar.com/carpicture/carpicture10/pic2570/25707942_001.jpg?impolicy=heightRate&rh=91&cw=122&ch=91&cg=Center&wtmk=http://ci.encar.com/wt_mark/w_mark_03.png&wtmkg=SouthEast&wtmkw=45&wtmkh=12.3,르노삼성,SM3 Z.E., RE,16/08식(17년형),"17,673km"
950,http://ci.encar.com/carpicture/carpicture10/pic2570/25707942_001.jpg?impolicy=heightRate&rh=91&cw=122&ch=91&cg=Center&wtmk=http://ci.encar.com/wt_mark/w_mark_03.png&wtmkg=SouthEast&wtmkw=45&wtmkh=12.3,르노삼성,SM3 Z.E., RE,17/01식,"82,000km"
310,http://ci.encar.com/carpicture/carpicture10/pic2570/25707942_001.jpg?impolicy=heightRate&rh=91&cw=122&ch=91&cg=Center&wtmk=http://ci.encar.com/wt_mark/w_mark_03.png&wtmkg=SouthEast&wtmkw=45&wtmkh=12.3,르노삼성,트위지, 인텐스(2인승),18/06식,"1,009km"
"3,050",http://ci.encar.com/carpicture/carpicture10/pic2570/25707942_001.jpg?impolicy=heightRate&rh=91&cw=122&ch=91&cg=Center&wtmk=http://ci.encar.com/wt_mark/w_mark_03.png&wtmkg=SouthEast&wtmkw=45&wtmkh=12.3,현대,코나 일렉트릭, 프리미엄,19/01식,"17,000km"
450,http://ci.encar.com/carpicture/carpicture10/pic2570/25707942_001.jpg?impolicy=heightRate&rh=91&cw=122&ch=91&cg=Center&wtmk=http://ci.encar.com/wt_mark/w_mark_03.png&wtmkg=SouthEast&wtmkw=45&wtmkh=12.3,르노삼성,트위지, 인텐스(2인승),19/07식,450km
"3,290",http://ci.encar.com/carpicture/carpicture10/pic2570/25707942_001.jpg?impolicy=heightRate&rh=91&cw=122&ch=91&cg=Center&wtmk=http://ci.encar.com/wt_mark/w_mark_03.png&wtmkg=SouthEast&wtmkw=45&wtmkh=12.3,현대,코나 일렉트릭, 프리미엄,19/05식,"19,116km"
280,http://ci.encar.com/carpicture/carpicture10/pic2570/25707942_001.jpg?impolicy=heightRate&rh=91&cw=122&ch=91&cg=Center&wtmk=http://ci.encar.com/wt_mark/w_mark_03.png&wtmkg=SouthEast&wtmkw=45&wtmkh=12.3,르노삼성,트위지, 라이프(2인승),19/12식(20년형),15km
790,http://ci.encar.com/carpicture/carpicture10/pic2570/25707942_001.jpg?impolicy=heightRate&rh=91&cw=122&ch=91&cg=Center&wtmk=http://ci.encar.com/wt_mark/w_mark_03.png&wtmkg=SouthEast&wtmkw=45&wtmkh=12.3,르노삼성,SM3 Z.E., SE,14/01식,"102,320km"
320,http://ci.encar.com/carpicture/carpicture10/pic2570/25707942_001.jpg?impolicy=heightRate&rh=91&cw=122&ch=91&cg=Center&wtmk=http://ci.encar.com/wt_mark/w_mark_03.png&wtmkg=SouthEast&wtmkw=45&wtmkh=12.3,르노삼성,트위지, 라이프(2인승),18/05식,"3,700km"
"2,790",http://ci.encar.com/carpicture/carpicture10/pic2570/25707942_001.jpg?impolicy=heightRate&rh=91&cw=122&ch=91&cg=Center&wtmk=http://ci.encar.com/wt_mark/w_mark_03.png&wtmkg=SouthEast&wtmkw=45&wtmkh=12.3,현대,코나 일렉트릭, 프리미엄,18/09식(19년형),"63,800km"
950,http://ci.encar.com/carpicture/carpicture10/pic2570/25707942_001.jpg?impolicy=heightRate&rh=91&cw=122&ch=91&cg=Center&wtmk=http://ci.encar.com/wt_mark/w_mark_03.png&wtmkg=SouthEast&wtmkw=45&wtmkh=12.3,기아,레이, EV,15/08식(16년형),"34,866km"
890,http://ci.encar.com/carpicture/carpicture10/pic2570/25707942_001.jpg?impolicy=heightRate&rh=91&cw=122&ch=91&cg=Center&wtmk=http://ci.encar.com/wt_mark/w_mark_03.png&wtmkg=SouthEast&wtmkw=45&wtmkh=12.3,기아,레이, EV,15/08식(16년형),"54,867km"
"2,430",http://ci.encar.com/carpicture/carpicture10/pic2570/25707942_001.jpg?impolicy=heightRate&rh=91&cw=122&ch=91&cg=Center&wtmk=http://ci.encar.com/wt_mark/w_mark_03.png&wtmkg=SouthEast&wtmkw=45&wtmkh=12.3,쉐보레(GM대우),볼트 EV, EV 프리미어,17/07식,"47,500km"
"1,800",http://ci.encar.com/carpicture/carpicture10/pic2570/25707942_001.jpg?impolicy=heightRate&rh=91&cw=122&ch=91&cg=Center&wtmk=http://ci.encar.com/wt_mark/w_mark_03.png&wtmkg=SouthEast&wtmkw=45&wtmkh=12.3,현대,아이오닉 일렉트릭, N,17/01식,"18,421km"
"1,050",http://ci.encar.com/carpicture/carpicture10/pic2570/25707942_001.jpg?impolicy=heightRate&rh=91&cw=122&ch=91&cg=Center&wtmk=http://ci.encar.com/wt_mark/w_mark_03.png&wtmkg=SouthEast&wtmkw=45&wtmkh=12.3,현대,코나 일렉트릭, 프리미엄,18/10식(19년형),"56,000km"
렌트승계,http://ci.encar.com/carpicture/carpicture10/pic2570/25707942_001.jpg?impolicy=heightRate&rh=91&cw=122&ch=91&cg=Center&wtmk=http://ci.encar.com/wt_mark/w_mark_03.png&wtmkg=SouthEast&wtmkw=45&wtmkh=12.3,르노삼성,SM3 Z.E., RE,17/10식,"54,400km"
"1,100",http://ci.encar.com/carpicture/carpicture10/pic2570/25707942_001.jpg?impolicy=heightRate&rh=91&cw=122&ch=91&cg=Center&wtmk=http://ci.encar.com/wt_mark/w_mark_03.png&wtmkg=SouthEast&wtmkw=45&wtmkh=12.3,쉐보레(GM대우),볼트 EV, EV LT 디럭스,18/06식,"56,200km"
"2,150",http://ci.encar.com/carpicture/carpicture10/pic2570/25707942_001.jpg?impolicy=heightRate&rh=91&cw=122&ch=91&cg=Center&wtmk=http://ci.encar.com/wt_mark/w_mark_03.png&wtmkg=SouthEast&wtmkw=45&wtmkh=12.3,기아,니로 EV, 노블레스,18/09식(19년형),"81,000km"
"2,700",http://ci.encar.com/carpicture/carpicture10/pic2570/25707942_001.jpg?impolicy=heightRate&rh=91&cw=122&ch=91&cg=Center&wtmk=http://ci.encar.com/wt_mark/w_mark_03.png&wtmkg=SouthEast&wtmkw=45&wtmkh=12.3,현대,코나 일렉트릭, 프리미엄,18/05식(19년형),"10,000km"
"3,230",http://ci.encar.com/carpicture/carpicture10/pic2570/25707942_001.jpg?impolicy=heightRate&rh=91&cw=122&ch=91&cg=Center&wtmk=http://ci.encar.com/wt_mark/w_mark_03.png&wtmkg=SouthEast&wtmkw=45&wtmkh=12.3,쉐보레(GM대우),볼트 EV, EV 프리미어,18/04식,"45,000km"
"2,790",http://ci.encar.com/carpicture/carpicture10/pic2570/25707942_001.jpg?impolicy=heightRate&rh=91&cw=122&ch=91&cg=Center&wtmk=http://ci.encar.com/wt_mark/w_mark_03.png&wtmkg=SouthEast&wtmkw=45&wtmkh=12.3,기아,니로 EV, 프레스티지,19/07식,"41,600km"
"3,080",http://ci.encar.com/carpicture/carpicture10/pic2570/25707942_001.jpg?impolicy=heightRate&rh=91&cw=122&ch=91&cg=Center&wtmk=http://ci.encar.com/wt_mark/w_mark_03.png&wtmkg=SouthEast&wtmkw=45&wtmkh=12.3,현대,코나 일렉트릭, 프리미엄,18/12식(19년형),"15,500km"
"3,150",http://ci.encar.com/carpicture/carpicture10/pic2570/25707942_001.jpg?impolicy=heightRate&rh=91&cw=122&ch=91&cg=Center&wtmk=http://ci.encar.com/wt_mark/w_mark_03.png&wtmkg=SouthEast&wtmkw=45&wtmkh=12.3,현대,코나 일렉트릭, 프리미엄,19/08식,"5,710km"
"2,200",http://ci.encar.com/carpicture/carpicture10/pic2570/25707942_001.jpg?impolicy=heightRate&rh=91&cw=122&ch=91&cg=Center&wtmk=http://ci.encar.com/wt_mark/w_mark_03.png&wtmkg=SouthEast&wtmkw=45&wtmkh=12.3,쉐보레(GM대우),볼트 EV, EV,18/05식,"31,300km"
"2,540",http://ci.encar.com/carpicture/carpicture10/pic2570/25707942_001.jpg?impolicy=heightRate&rh=91&cw=122&ch=91&cg=Center&wtmk=http://ci.encar.com/wt_mark/w_mark_03.png&wtmkg=SouthEast&wtmkw=45&wtmkh=12.3,쉐보레(GM대우),볼트 EV, EV 프리미어,18/07식,"27,500km"
319,http://ci.encar.com/carpicture/carpicture10/pic2570/25707942_001.jpg?impolicy=heightRate&rh=91&cw=122&ch=91&cg=Center&wtmk=http://ci.encar.com/wt_mark/w_mark_03.png&wtmkg=SouthEast&wtmkw=45&wtmkh=12.3,르노삼성,트위지, 인텐스(2인승),18/11식,400km
"1,650",http://ci.encar.com/carpicture/carpicture10/pic2570/25707942_001.jpg?impolicy=heightRate&rh=91&cw=122&ch=91&cg=Center&wtmk=http://ci.encar.com/wt_mark/w_mark_03.png&wtmkg=SouthEast&wtmkw=45&wtmkh=12.3,현대,아이오닉 일렉트릭, Q,17/04식,"75,937km"
"3,200",http://ci.encar.com/carpicture/carpicture10/pic2570/25707942_001.jpg?impolicy=heightRate&rh=91&cw=122&ch=91&cg=Center&wtmk=http://ci.encar.com/wt_mark/w_mark_03.png&wtmkg=SouthEast&wtmkw=45&wtmkh=12.3,기아,니로 EV, 노블레스,18/09식(19년형),"20,700km"
"2,050",http://ci.encar.com/carpicture/carpicture10/pic2570/25707942_001.jpg?impolicy=heightRate&rh=91&cw=122&ch=91&cg=Center&wtmk=http://ci.encar.com/wt_mark/w_mark_03.png&wtmkg=SouthEast&wtmkw=45&wtmkh=12.3,현대,아이오닉 일렉트릭, N,18/05식(19년형),"20,000km"
999,http://ci.encar.com/carpicture/carpicture10/pic2570/25707942_001.jpg?impolicy=heightRate&rh=91&cw=122&ch=91&cg=Center&wtmk=http://ci.encar.com/wt_mark/w_mark_03.png&wtmkg=SouthEast&wtmkw=45&wtmkh=12.3,르노삼성,SM3 Z.E., SE,16/12식,"48,688km"
"1,130",http://ci.encar.com/carpicture/carpicture10/pic2570/25707942_001.jpg?impolicy=heightRate&rh=91&cw=122&ch=91&cg=Center&wtmk=http://ci.encar.com/wt_mark/w_mark_03.png&wtmkg=SouthEast&wtmkw=45&wtmkh=12.3,르노삼성,SM3 Z.E., RE,15/12식,"39,582km"
959,http://ci.encar.com/carpicture/carpicture10/pic2570/25707942_001.jpg?impolicy=heightRate&rh=91&cw=122&ch=91&cg=Center&wtmk=http://ci.encar.com/wt_mark/w_mark_03.png&wtmkg=SouthEast&wtmkw=45&wtmkh=12.3,르노삼성,SM3 Z.E., SE,16/12식,"68,186km"
"2,200",http://ci.encar.com/carpicture/carpicture10/pic2570/25707942_001.jpg?impolicy=heightRate&rh=91&cw=122&ch=91&cg=Center&wtmk=http://ci.encar.com/wt_mark/w_mark_03.png&wtmkg=SouthEast&wtmkw=45&wtmkh=12.3,쉐보레(GM대우),볼트 EV, EV,17/06식,"48,500km"
919,http://ci.encar.com/carpicture/carpicture10/pic2570/25707942_001.jpg?impolicy=heightRate&rh=91&cw=122&ch=91&cg=Center&wtmk=http://ci.encar.com/wt_mark/w_mark_03.png&wtmkg=SouthEast&wtmkw=45&wtmkh=12.3,르노삼성,SM3 Z.E., RE,16/03식,"44,625km"
"1,820",http://ci.encar.com/carpicture/carpicture10/pic2570/25707942_001.jpg?impolicy=heightRate&rh=91&cw=122&ch=91&cg=Center&wtmk=http://ci.encar.com/wt_mark/w_mark_03.png&wtmkg=SouthEast&wtmkw=45&wtmkh=12.3,현대,아이오닉 일렉트릭, N,17/08식(18년형),"38,152km"
"1,820",http://ci.encar.com/carpicture/carpicture10/pic2570/25707942_001.jpg?impolicy=heightRate&rh=91&cw=122&ch=91&cg=Center&wtmk=http://ci.encar.com/wt_mark/w_mark_03.png&wtmkg=SouthEast&wtmkw=45&wtmkh=12.3,현대,아이오닉 일렉트릭, N,17/08식(18년형),"38,152km"
600,http://ci.encar.com/carpicture/carpicture10/pic2570/25707942_001.jpg?impolicy=heightRate&rh=91&cw=122&ch=91&cg=Center&wtmk=http://ci.encar.com/wt_mark/w_mark_03.png&wtmkg=SouthEast&wtmkw=45&wtmkh=12.3,르노삼성,SM3 Z.E., RE,15/12식,"201,000km"
"2,390",http://ci.encar.com/carpicture/carpicture10/pic2570/25707942_001.jpg?impolicy=heightRate&rh=91&cw=122&ch=91&cg=Center&wtmk=http://ci.encar.com/wt_mark/w_mark_03.png&wtmkg=SouthEast&wtmkw=45&wtmkh=12.3,쉐보레(GM대우),볼트 EV, EV 프리미어,18/06식,"45,827km"
"1,850",http://ci.encar.com/carpicture/carpicture10/pic2570/25707942_001.jpg?impolicy=heightRate&rh=91&cw=122&ch=91&cg=Center&wtmk=http://ci.encar.com/wt_mark/w_mark_03.png&wtmkg=SouthEast&wtmkw=45&wtmkh=12.3,현대,아이오닉 일렉트릭, N,18/05식,"56,532km"
750,http://ci.encar.com/carpicture/carpicture10/pic2570/25707942_001.jpg?impolicy=heightRate&rh=91&cw=122&ch=91&cg=Center&wtmk=http://ci.encar.com/wt_mark/w_mark_03.png&wtmkg=SouthEast&wtmkw=45&wtmkh=12.3,르노삼성,SM3 Z.E., SE 플러스,13/12식(14년형),"95,000km"
"1,900",http://ci.encar.com/carpicture/carpicture10/pic2570/25707942_001.jpg?impolicy=heightRate&rh=91&cw=122&ch=91&cg=Center&wtmk=http://ci.encar.com/wt_mark/w_mark_03.png&wtmkg=SouthEast&wtmkw=45&wtmkh=12.3,쉐보레(GM대우),볼트 EV, EV 프리미어,17/05식,"98,500km"
430,http://ci.encar.com/carpicture/carpicture10/pic2570/25707942_001.jpg?impolicy=heightRate&rh=91&cw=122&ch=91&cg=Center&wtmk=http://ci.encar.com/wt_mark/w_mark_03.png&wtmkg=SouthEast&wtmkw=45&wtmkh=12.3,기타 제조사,기타, 기타,18/07식,"5,000km"
"2,560",http://ci.encar.com/carpicture/carpicture10/pic2570/25707942_001.jpg?impolicy=heightRate&rh=91&cw=122&ch=91&cg=Center&wtmk=http://ci.encar.com/wt_mark/w_mark_03.png&wtmkg=SouthEast&wtmkw=45&wtmkh=12.3,쉐보레(GM대우),볼트 EV, EV 프리미어,18/05식,"36,293km"
"3,290",http://ci.encar.com/carpicture/carpicture10/pic2570/25707942_001.jpg?impolicy=heightRate&rh=91&cw=122&ch=91&cg=Center&wtmk=http://ci.encar.com/wt_mark/w_mark_03.png&wtmkg=SouthEast&wtmkw=45&wtmkh=12.3,현대,코나 일렉트릭, 프리미엄,19/04식,"15,207km"
"1,900",http://ci.encar.com/carpicture/carpicture10/pic2570/25707942_001.jpg?impolicy=heightRate&rh=91&cw=122&ch=91&cg=Center&wtmk=http://ci.encar.com/wt_mark/w_mark_03.png&wtmkg=SouthEast&wtmkw=45&wtmkh=12.3,현대,아이오닉 일렉트릭, N,18/02식,"45,000km"
"3,100",http://ci.encar.com/carpicture/carpicture10/pic2570/25707942_001.jpg?impolicy=heightRate&rh=91&cw=122&ch=91&cg=Center&wtmk=http://ci.encar.com/wt_mark/w_mark_03.png&wtmkg=SouthEast&wtmkw=45&wtmkh=12.3,기아,쏘울 부스터 EV, 노블레스,19/03식,"15,000km"
"3,300",http://ci.encar.com/carpicture/carpicture10/pic2570/25707942_001.jpg?impolicy=heightRate&rh=91&cw=122&ch=91&cg=Center&wtmk=http://ci.encar.com/wt_mark/w_mark_03.png&wtmkg=SouthEast&wtmkw=45&wtmkh=12.3,기아,니로 EV, 노블레스,19/07식,"35,662km"
360,http://ci.encar.com/carpicture/carpicture10/pic2570/25707942_001.jpg?impolicy=heightRate&rh=91&cw=122&ch=91&cg=Center&wtmk=http://ci.encar.com/wt_mark/w_mark_03.png&wtmkg=SouthEast&wtmkw=45&wtmkh=12.3,르노삼성,트위지, 라이프(2인승),19/11식(20년형),55km
750,http://ci.encar.com/carpicture/carpicture10/pic2570/25707942_001.jpg?impolicy=heightRate&rh=91&cw=122&ch=91&cg=Center&wtmk=http://ci.encar.com/wt_mark/w_mark_03.png&wtmkg=SouthEast&wtmkw=45&wtmkh=12.3,기아,레이, EV,13/03식,"107,634km"
470,http://ci.encar.com/carpicture/carpicture10/pic2570/25707942_001.jpg?impolicy=heightRate&rh=91&cw=122&ch=91&cg=Center&wtmk=http://ci.encar.com/wt_mark/w_mark_03.png&wtmkg=SouthEast&wtmkw=45&wtmkh=12.3,르노삼성,트위지, 라이프(2인승),19/10식(20년형),"2,112km"
350,http://ci.encar.com/carpicture/carpicture10/pic2570/25707942_001.jpg?impolicy=heightRate&rh=91&cw=122&ch=91&cg=Center&wtmk=http://ci.encar.com/wt_mark/w_mark_03.png&wtmkg=SouthEast&wtmkw=45&wtmkh=12.3,르노삼성,트위지, 인텐스(2인승),17/07식(18년형),"3,600km"
"3,450",http://ci.encar.com/carpicture/carpicture10/pic2570/25707942_001.jpg?impolicy=heightRate&rh=91&cw=122&ch=91&cg=Center&wtmk=http://ci.encar.com/wt_mark/w_mark_03.png&wtmkg=SouthEast&wtmkw=45&wtmkh=12.3,기아,니로 EV, 노블레스,18/10식(19년형),"23,500km"
"3,000",http://ci.encar.com/carpicture/carpicture10/pic2570/25707942_001.jpg?impolicy=heightRate&rh=91&cw=122&ch=91&cg=Center&wtmk=http://ci.encar.com/wt_mark/w_mark_03.png&wtmkg=SouthEast&wtmkw=45&wtmkh=12.3,기아,니로 EV, 노블레스,18/09식(19년형),"25,000km"
"2,950",http://ci.encar.com/carpicture/carpicture10/pic2570/25707942_001.jpg?impolicy=heightRate&rh=91&cw=122&ch=91&cg=Center&wtmk=http://ci.encar.com/wt_mark/w_mark_03.png&wtmkg=SouthEast&wtmkw=45&wtmkh=12.3,현대,코나 일렉트릭, 프리미엄,18/11식(19년형),"36,272km"
"2,180",http://ci.encar.com/carpicture/carpicture10/pic2570/25707942_001.jpg?impolicy=heightRate&rh=91&cw=122&ch=91&cg=Center&wtmk=http://ci.encar.com/wt_mark/w_mark_03.png&wtmkg=SouthEast&wtmkw=45&wtmkh=12.3,현대,아이오닉 일렉트릭, Q,17/11식(18년형),"22,500km"
350,http://ci.encar.com/carpicture/carpicture10/pic2570/25707942_001.jpg?impolicy=heightRate&rh=91&cw=122&ch=91&cg=Center&wtmk=http://ci.encar.com/wt_mark/w_mark_03.png&wtmkg=SouthEast&wtmkw=45&wtmkh=12.3,르노삼성,트위지, 라이프(2인승),18/06식,"1,000km"
"2,850",http://ci.encar.com/carpicture/carpicture10/pic2570/25707942_001.jpg?impolicy=heightRate&rh=91&cw=122&ch=91&cg=Center&wtmk=http://ci.encar.com/wt_mark/w_mark_03.png&wtmkg=SouthEast&wtmkw=45&wtmkh=12.3,쉐보레(GM대우),볼트 EV, EV 프리미어,19/05식,"7,500km"
899,http://ci.encar.com/carpicture/carpicture10/pic2570/25707942_001.jpg?impolicy=heightRate&rh=91&cw=122&ch=91&cg=Center&wtmk=http://ci.encar.com/wt_mark/w_mark_03.png&wtmkg=SouthEast&wtmkw=45&wtmkh=12.3,르노삼성,SM3 Z.E., SE,16/12식,"44,261km"